fecha_info,codigo_entidad,nombre_entidad,sector,tipo_persona,tipo_segmento,deudores_total,deudores_irregulares,pct_irregular_cantidad,credito_total_miles_pesos,credito_irregular_miles_pesos,pct_irregular_monto,registros_situacion_1,registros_situacion_2,registros_situacion_3,registros_situacion_4,registros_situacion_5,registros_situacion_11
202604,00007,BANCO DE GALICIA Y BUENOS AIRES S.A.,Financiero,desconocido,Desconocido,15,0,0.00,634544925.0,0.0,0.00,15,0,0,0,0,0
202604,00007,BANCO DE GALICIA Y BUENOS AIRES S.A.,Financiero,empresa,Empresas,135918,13143,9.67,12189156221.0,518806084.0,4.26,122761,1420,3012,1993,6718,14
202604,00007,BANCO DE GALICIA Y BUENOS AIRES S.A.,Financiero,persona_fisica,Familias,2316407,559263,24.14,10530188115.0,3027875989.0,28.75,1757135,74551,67293,103523,313896,9
202604,00007,BANCO DE GALICIA Y BUENOS AIRES S.A.,Financiero,total,Total,2452340,572406,23.34,23353889261.0,3546682073.0,15.19,1879911,75971,70305,105516,320614,23
202604,00011,BANCO DE LA NACION ARGENTINA,Financiero,desconocido,Desconocido,2,0,0.00,9170013.0,0.0,0.00,2,0,0,0,0,0
202604,00011,BANCO DE LA NACION ARGENTINA,Financiero,empresa,Empresas,35829,3223,9.00,14418175957.0,827500552.0,5.74,31844,1275,739,742,467,762
202604,00011,BANCO DE LA NACION ARGENTINA,Financiero,persona_fisica,Familias,2364488,439250,18.58,18253078313.0,2121275093.0,11.62,1922793,87849,93703,139073,118625,2445
202604,00011,BANCO DE LA NACION ARGENTINA,Financiero,total,Total,2400319,442473,18.43,32680424283.0,2948775645.0,9.02,1954639,89124,94442,139815,119092,3207
202604,00014,BANCO DE LA PROVINCIA DE BUENOS AIRES,Financiero,desconocido,Desconocido,7,0,0.00,33712737.0,0.0,0.00,7,0,0,0,0,0
202604,00014,BANCO DE LA PROVINCIA DE BUENOS AIRES,Financiero,empresa,Empresas,22408,2262,10.09,4345227376.0,334957983.0,7.71,20118,632,526,600,504,28
202604,00014,BANCO DE LA PROVINCIA DE BUENOS AIRES,Financiero,persona_fisica,Familias,1880718,326019,17.33,6932529032.0,1431303356.0,20.65,1553395,68705,62147,106437,88730,1304
202604,00014,BANCO DE LA PROVINCIA DE BUENOS AIRES,Financiero,total,Total,1903133,328281,17.25,11311469145.0,1766261339.0,15.61,1573520,69337,62673,107037,89234,1332
202604,00015,INDUSTRIAL AND COMMERCIAL BANK OF CHINA (ARGENTINA) S.A.U.,Financiero,desconocido,Desconocido,8,0,0.00,37003612.0,0.0,0.00,8,0,0,0,0,0
202604,00015,INDUSTRIAL AND COMMERCIAL BANK OF CHINA (ARGENTINA) S.A.U.,Financiero,empresa,Empresas,15561,1514,9.73,5391630830.0,89116239.0,1.65,14033,409,348,480,277,14
202604,00015,INDUSTRIAL AND COMMERCIAL BANK OF CHINA (ARGENTINA) S.A.U.,Financiero,persona_fisica,Familias,609259,86139,14.14,2496391229.0,536640884.0,21.50,523118,19104,21879,35925,9231,2
202604,00015,INDUSTRIAL AND COMMERCIAL BANK OF CHINA (ARGENTINA) S.A.U.,Financiero,total,Total,624828,87653,14.03,7925025671.0,625757123.0,7.90,537159,19513,22227,36405,9508,16
202604,00016,CITIBANK N.A.,Financiero,desconocido,Desconocido,7,0,0.00,9292924.0,0.0,0.00,7,0,0,0,0,0
202604,00016,CITIBANK N.A.,Financiero,empresa,Empresas,429,1,0.23,1236395044.0,371365.0,0.03,417,0,0,0,1,11
202604,00016,CITIBANK N.A.,Financiero,total,Total,436,1,0.23,1245687968.0,371365.0,0.03,424,0,0,0,1,11
202604,00017,BANCO BBVA ARGENTINA S.A.,Financiero,desconocido,Desconocido,27,0,0.00,230105369.0,0.0,0.00,27,0,0,0,0,0
202604,00017,BANCO BBVA ARGENTINA S.A.,Financiero,empresa,Empresas,39348,9688,24.62,8891888787.0,252789361.0,2.84,29654,1407,1640,2242,4399,6
202604,00017,BANCO BBVA ARGENTINA S.A.,Financiero,persona_fisica,Familias,2095934,480287,22.92,6338498193.0,1443246420.0,22.77,1615647,74246,86423,172855,146763,0
202604,00017,BANCO BBVA ARGENTINA S.A.,Financiero,total,Total,2135309,489975,22.95,15460492349.0,1696035781.0,10.97,1645328,75653,88063,175097,151162,6
202604,00020,BANCO DE LA PROVINCIA DE CORDOBA S.A.,Financiero,empresa,Empresas,4015,381,9.49,821583618.0,55816134.0,6.79,3626,72,75,125,109,8
202604,00020,BANCO DE LA PROVINCIA DE CORDOBA S.A.,Financiero,persona_fisica,Familias,543186,80505,14.82,2586077747.0,368615434.0,14.25,462674,15779,13719,27259,23748,7
202604,00020,BANCO DE LA PROVINCIA DE CORDOBA S.A.,Financiero,total,Total,547201,80886,14.78,3407661365.0,424431568.0,12.46,466300,15851,13794,27384,23857,15
202604,00027,BANCO SUPERVIELLE S.A.,Financiero,desconocido,Desconocido,5,1,20.00,4297032.0,554929.0,12.91,4,0,1,0,0,0
202604,00027,BANCO SUPERVIELLE S.A.,Financiero,empresa,Empresas,11063,2464,22.27,2748320473.0,138501459.0,5.04,8521,319,285,529,1331,78
202604,00027,BANCO SUPERVIELLE S.A.,Financiero,persona_fisica,Familias,486043,86021,17.70,1636586340.0,319541660.0,19.52,399821,17086,15680,20463,32792,201
202604,00027,BANCO SUPERVIELLE S.A.,Financiero,total,Total,497111,88486,17.80,4389203845.0,458598048.0,10.45,408346,17405,15966,20992,34123,279
202604,00029,BANCO DE LA CIUDAD DE BUENOS AIRES,Financiero,empresa,Empresas,3629,317,8.74,1630565578.0,78996170.0,4.84,3140,110,72,73,62,172
202604,00029,BANCO DE LA CIUDAD DE BUENOS AIRES,Financiero,persona_fisica,Familias,382347,34396,9.00,1983521817.0,187718430.0,9.46,347726,8631,8088,10711,6966,225
202604,00029,BANCO DE LA CIUDAD DE BUENOS AIRES,Financiero,total,Total,385976,34713,8.99,3614087395.0,266714600.0,7.38,350866,8741,8160,10784,7028,397
202604,00034,BANCO PATAGONIA S.A.,Financiero,desconocido,Desconocido,2,0,0.00,916428.0,0.0,0.00,2,0,0,0,0,0
202604,00034,BANCO PATAGONIA S.A.,Financiero,empresa,Empresas,10897,1604,14.72,3052338100.0,15228197.0,0.50,9293,319,303,340,642,0
202604,00034,BANCO PATAGONIA S.A.,Financiero,persona_fisica,Familias,525787,69036,13.13,1204956046.0,184804749.0,15.34,456751,14380,14631,26248,13777,0
202604,00034,BANCO PATAGONIA S.A.,Financiero,total,Total,536686,70640,13.16,4258210574.0,200032946.0,4.70,466046,14699,14934,26588,14419,0
202604,00044,BANCO HIPOTECARIO S.A.,Financiero,empresa,Empresas,1706,422,24.74,621024804.0,20453603.0,3.29,1246,182,116,94,30,38
202604,00044,BANCO HIPOTECARIO S.A.,Financiero,persona_fisica,Familias,244132,39887,16.34,736752413.0,165455388.0,22.46,204228,7253,8038,12891,11705,17
202604,00044,BANCO HIPOTECARIO S.A.,Financiero,total,Total,245838,40309,16.40,1357777217.0,185908991.0,13.69,205474,7435,8154,12985,11735,55
202604,00045,BANCO DE SAN JUAN S.A.,Financiero,empresa,Empresas,1110,154,13.87,366648599.0,8578188.0,2.34,953,64,39,23,28,3
202604,00045,BANCO DE SAN JUAN S.A.,Financiero,persona_fisica,Familias,75976,8188,10.78,216116270.0,31320829.0,14.49,67774,2711,2312,2453,712,14
202604,00045,BANCO DE SAN JUAN S.A.,Financiero,total,Total,77086,8342,10.82,582764869.0,39899017.0,6.85,68727,2775,2351,2476,740,17
202604,00065,BANCO MUNICIPAL DE ROSARIO,Financiero,empresa,Empresas,757,56,7.40,56834678.0,2320592.0,4.08,701,15,11,14,16,0
202604,00065,BANCO MUNICIPAL DE ROSARIO,Financiero,persona_fisica,Familias,87032,8777,10.08,218045477.0,20494246.0,9.40,77135,2975,1857,1358,2587,1120
202604,00065,BANCO MUNICIPAL DE ROSARIO,Financiero,total,Total,87789,8833,10.06,274880155.0,22814838.0,8.30,77836,2990,1868,1372,2603,1120
202604,00072,BANCO SANTANDER ARGENTINA S.A.,Financiero,desconocido,Desconocido,14,0,0.00,64119673.0,0.0,0.00,14,0,0,0,0,0
202604,00072,BANCO SANTANDER ARGENTINA S.A.,Financiero,empresa,Empresas,48445,6655,13.74,6698939333.0,235195395.0,3.51,41554,1373,1715,2087,1480,236
202604,00072,BANCO SANTANDER ARGENTINA S.A.,Financiero,persona_fisica,Familias,1839675,274931,14.94,8188493075.0,1868503449.0,22.82,1564521,41288,49517,109515,74611,223
202604,00072,BANCO SANTANDER ARGENTINA S.A.,Financiero,total,Total,1888134,281586,14.91,14951552081.0,2103698844.0,14.07,1606089,42661,51232,111602,76091,459
202604,00083,BANCO DEL CHUBUT S.A.,Financiero,empresa,Empresas,1234,170,13.78,165840012.0,41298888.0,24.90,1064,53,32,36,49,0
202604,00083,BANCO DEL CHUBUT S.A.,Financiero,persona_fisica,Familias,92794,10131,10.92,432622831.0,55198626.0,12.76,82663,2944,2267,2285,2635,0
202604,00083,BANCO DEL CHUBUT S.A.,Financiero,total,Total,94028,10301,10.96,598462843.0,96497514.0,16.12,83727,2997,2299,2321,2684,0
202604,00086,BANCO DE SANTA CRUZ S.A.,Financiero,empresa,Empresas,425,73,17.18,69364293.0,1315355.0,1.90,352,14,14,12,33,0
202604,00086,BANCO DE SANTA CRUZ S.A.,Financiero,persona_fisica,Familias,53891,5768,10.70,311772509.0,44761275.0,14.36,48123,2271,1736,1375,386,0
202604,00086,BANCO DE SANTA CRUZ S.A.,Financiero,total,Total,54316,5841,10.75,381136802.0,46076630.0,12.09,48475,2285,1750,1387,419,0
202604,00093,BANCO DE LA PAMPA SA,Financiero,empresa,Empresas,2784,188,6.75,249159494.0,17883228.0,7.18,2548,35,49,61,43,48
202604,00093,BANCO DE LA PAMPA SA,Financiero,persona_fisica,Familias,141998,16933,11.92,462131390.0,50341345.0,10.89,125047,3509,3538,4417,5469,18
202604,00093,BANCO DE LA PAMPA SA,Financiero,total,Total,144782,17121,11.83,711290884.0,68224573.0,9.59,127595,3544,3587,4478,5512,66
202604,00094,BANCO DE CORRIENTES S.A.,Financiero,empresa,Empresas,1843,315,17.09,178083056.0,35397800.0,19.88,1528,88,54,70,103,0
202604,00094,BANCO DE CORRIENTES S.A.,Financiero,persona_fisica,Familias,132786,16049,12.09,326420746.0,50399911.0,15.44,116737,3023,3298,4159,5569,0
202604,00094,BANCO DE CORRIENTES S.A.,Financiero,total,Total,134629,16364,12.15,504503802.0,85797711.0,17.01,118265,3111,3352,4229,5672,0
202604,00097,BANCO PROVINCIA DEL NEUQUÉN SOCIEDAD ANÓNIMA,Financiero,empresa,Empresas,1678,345,20.56,287675286.0,11879090.0,4.13,1306,78,63,70,134,27
202604,00097,BANCO PROVINCIA DEL NEUQUÉN SOCIEDAD ANÓNIMA,Financiero,persona_fisica,Familias,131846,24714,18.74,570486680.0,99292684.0,17.40,107121,6877,4245,5000,8592,11
202604,00097,BANCO PROVINCIA DEL NEUQUÉN SOCIEDAD ANÓNIMA,Financiero,total,Total,133524,25059,18.77,858161966.0,111171774.0,12.95,108427,6955,4308,5070,8726,38
202604,00131,BANK OF CHINA LIMITED SUCURSAL BUENOS AIRES,Financiero,desconocido,Desconocido,1,0,0.00,90871012.0,0.0,0.00,1,0,0,0,0,0
202604,00131,BANK OF CHINA LIMITED SUCURSAL BUENOS AIRES,Financiero,total,Total,1,0,0.00,90871012.0,0.0,0.00,1,0,0,0,0,0
202604,00143,BRUBANK S.A.U.,Financiero,empresa,Empresas,549,57,10.38,16649237.0,343662.0,2.06,492,18,19,16,4,0
202604,00143,BRUBANK S.A.U.,Financiero,persona_fisica,Familias,78046,19132,24.51,84538036.0,25956209.0,30.70,58914,4610,4375,5754,4393,0
202604,00143,BRUBANK S.A.U.,Financiero,total,Total,78595,19189,24.42,101187273.0,26299871.0,25.99,59406,4628,4394,5770,4397,0
202604,00147,BIBANK S.A.,Financiero,empresa,Empresas,139,17,12.23,56383771.0,2290271.0,4.06,122,6,5,3,3,0
202604,00147,BIBANK S.A.,Financiero,persona_fisica,Familias,4,1,25.00,127999.0,7282.0,5.69,3,0,1,0,0,0
202604,00147,BIBANK S.A.,Financiero,total,Total,143,18,12.59,56511770.0,2297553.0,4.07,125,6,6,3,3,0
202604,00165,"JPMORGAN CHASE BANK, NATIONAL ASSOCIATION (SUCURSAL BUENOS AIRES)",Financiero,empresa,Empresas,4,0,0.00,39286176.0,0.0,0.00,4,0,0,0,0,0
202604,00165,"JPMORGAN CHASE BANK, NATIONAL ASSOCIATION (SUCURSAL BUENOS AIRES)",Financiero,total,Total,4,0,0.00,39286176.0,0.0,0.00,4,0,0,0,0,0
202604,00191,BANCO CREDICOOP COOPERATIVO LIMITADO,Financiero,desconocido,Desconocido,2,0,0.00,1265973.0,0.0,0.00,2,0,0,0,0,0
202604,00191,BANCO CREDICOOP COOPERATIVO LIMITADO,Financiero,empresa,Empresas,25871,4571,17.67,1661121563.0,44012510.0,2.65,21172,1150,845,1111,1465,128
202604,00191,BANCO CREDICOOP COOPERATIVO LIMITADO,Financiero,persona_fisica,Familias,320709,49371,15.39,904464120.0,105149329.0,11.63,271145,10298,10025,14317,14731,193
202604,00191,BANCO CREDICOOP COOPERATIVO LIMITADO,Financiero,total,Total,346582,53942,15.56,2566851656.0,149161839.0,5.81,292319,11448,10870,15428,16196,321
202604,00198,BANCO DE VALORES S.A.,Financiero,empresa,Empresas,224,12,5.36,1215990838.0,340526.0,0.03,212,2,1,4,5,0
202604,00198,BANCO DE VALORES S.A.,Financiero,persona_fisica,Familias,1,0,0.00,39.0,0.0,0.00,1,0,0,0,0,0
202604,00198,BANCO DE VALORES S.A.,Financiero,total,Total,225,12,5.33,1215990877.0,340526.0,0.03,213,2,1,4,5,0
202604,00247,BANCO ROELA S.A.,Financiero,empresa,Empresas,566,37,6.54,51963496.0,686045.0,1.32,527,7,9,14,7,2
202604,00247,BANCO ROELA S.A.,Financiero,persona_fisica,Familias,432,37,8.56,4890665.0,616351.0,12.60,387,14,7,6,10,8
202604,00247,BANCO ROELA S.A.,Financiero,total,Total,998,74,7.41,56854161.0,1302396.0,2.29,914,21,16,20,17,10
202604,00254,BANCO MARIVA S.A.,Financiero,empresa,Empresas,275,13,4.73,309106317.0,3636222.0,1.18,262,3,1,4,5,0
202604,00254,BANCO MARIVA S.A.,Financiero,persona_fisica,Familias,29,2,6.90,5136892.0,523.0,0.01,26,0,0,0,2,1
202604,00254,BANCO MARIVA S.A.,Financiero,total,Total,304,15,4.93,314243209.0,3636745.0,1.16,288,3,1,4,7,1
202604,00266,BNP PARIBAS,Financiero,desconocido,Desconocido,5,0,0.00,12411787.0,0.0,0.00,5,0,0,0,0,0
202604,00266,BNP PARIBAS,Financiero,empresa,Empresas,4,0,0.00,17094653.0,0.0,0.00,4,0,0,0,0,0
202604,00266,BNP PARIBAS,Financiero,persona_fisica,Familias,1,0,0.00,300.0,0.0,0.00,1,0,0,0,0,0
202604,00266,BNP PARIBAS,Financiero,total,Total,10,0,0.00,29506740.0,0.0,0.00,10,0,0,0,0,0
202604,00268,BANCO PROVINCIA DE TIERRA DEL FUEGO,Financiero,empresa,Empresas,358,59,16.48,11741192.0,2079552.0,17.71,299,20,14,9,16,0
202604,00268,BANCO PROVINCIA DE TIERRA DEL FUEGO,Financiero,persona_fisica,Familias,33803,4243,12.55,191177878.0,24043472.0,12.58,29560,853,785,1112,1493,0
202604,00268,BANCO PROVINCIA DE TIERRA DEL FUEGO,Financiero,total,Total,34161,4302,12.59,202919070.0,26123024.0,12.87,29859,873,799,1121,1509,0
202604,00269,BANCO DE LA REPUBLICA ORIENTAL DEL URUGUAY,Financiero,empresa,Empresas,13,4,30.77,952168.0,17201.0,1.81,9,0,0,0,4,0
202604,00269,BANCO DE LA REPUBLICA ORIENTAL DEL URUGUAY,Financiero,persona_fisica,Familias,104,17,16.35,76141.0,3302.0,4.34,87,0,0,3,14,0
202604,00269,BANCO DE LA REPUBLICA ORIENTAL DEL URUGUAY,Financiero,total,Total,117,21,17.95,1028309.0,20503.0,1.99,96,0,0,3,18,0
202604,00277,BANCO SAENZ S.A.,Financiero,empresa,Empresas,65,10,15.38,10692199.0,335844.0,3.14,55,0,0,1,9,0
202604,00277,BANCO SAENZ S.A.,Financiero,persona_fisica,Familias,43376,20390,47.01,34680399.0,20184222.0,58.20,22986,3429,4584,6947,5430,0
202604,00277,BANCO SAENZ S.A.,Financiero,total,Total,43441,20400,46.96,45372598.0,20520066.0,45.23,23041,3429,4584,6948,5439,0
202604,00281,BANCO MERIDIAN S.A.,Financiero,empresa,Empresas,153,27,17.65,18997507.0,1889167.0,9.94,124,4,3,1,19,2
202604,00281,BANCO MERIDIAN S.A.,Financiero,persona_fisica,Familias,2400,69,2.88,2047492.0,125060.0,6.11,2331,35,19,8,7,0
202604,00281,BANCO MERIDIAN S.A.,Financiero,total,Total,2553,96,3.76,21044999.0,2014227.0,9.57,2455,39,22,9,26,2
202604,00285,BANCO MACRO S.A.,Financiero,empresa,Empresas,43510,5730,13.17,5553353797.0,312406401.0,5.63,37371,1579,1502,945,1704,409
202604,00285,BANCO MACRO S.A.,Financiero,persona_fisica,Familias,1937242,280037,14.46,6391336864.0,920109576.0,14.40,1656888,49448,58705,51730,120154,317
202604,00285,BANCO MACRO S.A.,Financiero,total,Total,1980752,285767,14.43,11944690661.0,1232515977.0,10.32,1694259,51027,60207,52675,121858,726
202604,00299,BANCO COMAFI SOCIEDAD ANONIMA,Financiero,desconocido,Desconocido,1,0,0.00,16576145.0,0.0,0.00,1,0,0,0,0,0
202604,00299,BANCO COMAFI SOCIEDAD ANONIMA,Financiero,empresa,Empresas,5511,893,16.20,1762994421.0,44734593.0,2.54,4584,224,184,214,271,34
202604,00299,BANCO COMAFI SOCIEDAD ANONIMA,Financiero,persona_fisica,Familias,85830,10475,12.20,233390196.0,42205983.0,18.08,75283,3004,3659,2460,1352,72
202604,00299,BANCO COMAFI SOCIEDAD ANONIMA,Financiero,total,Total,91342,11368,12.45,2012960762.0,86940576.0,4.32,79868,3228,3843,2674,1623,106
202604,00300,BANCO DE INVERSION Y COMERCIO EXTERIOR S.A.,Financiero,desconocido,Desconocido,2,0,0.00,11171232.0,0.0,0.00,2,0,0,0,0,0
202604,00300,BANCO DE INVERSION Y COMERCIO EXTERIOR S.A.,Financiero,empresa,Empresas,1702,94,5.52,742167349.0,57976746.0,7.81,966,10,8,9,67,642
202604,00300,BANCO DE INVERSION Y COMERCIO EXTERIOR S.A.,Financiero,persona_fisica,Familias,174,4,2.30,13868569.0,1960.0,0.01,68,0,0,0,4,102
202604,00300,BANCO DE INVERSION Y COMERCIO EXTERIOR S.A.,Financiero,total,Total,1878,98,5.22,767207150.0,57978706.0,7.56,1036,10,8,9,71,744
202604,00301,BANCO PIANO S.A.,Financiero,empresa,Empresas,27,1,3.70,67090168.0,65.0,0.00,26,1,0,0,0,0
202604,00301,BANCO PIANO S.A.,Financiero,persona_fisica,Familias,85022,15835,18.62,121930597.0,19900980.0,16.32,69187,2718,2918,3670,6529,0
202604,00301,BANCO PIANO S.A.,Financiero,total,Total,85049,15836,18.62,189020765.0,19901045.0,10.53,69213,2719,2918,3670,6529,0
202604,00305,BANCO JULIO SOCIEDAD ANONIMA,Financiero,empresa,Empresas,260,27,10.38,25310400.0,4379564.0,17.30,233,6,9,6,6,0
202604,00305,BANCO JULIO SOCIEDAD ANONIMA,Financiero,persona_fisica,Familias,69,3,4.35,1852395.0,16549.0,0.89,66,1,1,0,1,0
202604,00305,BANCO JULIO SOCIEDAD ANONIMA,Financiero,total,Total,329,30,9.12,27162795.0,4396113.0,16.18,299,7,10,6,7,0
202604,00309,BANCO RIOJA SOCIEDAD ANONIMA UNIPERSONAL,Financiero,empresa,Empresas,194,65,33.51,36700096.0,21783991.0,59.36,104,11,6,15,33,25
202604,00309,BANCO RIOJA SOCIEDAD ANONIMA UNIPERSONAL,Financiero,persona_fisica,Familias,55951,10244,18.31,112979222.0,27376378.0,24.23,45650,3000,3129,2906,1209,57
202604,00309,BANCO RIOJA SOCIEDAD ANONIMA UNIPERSONAL,Financiero,total,Total,56145,10309,18.36,149679318.0,49160369.0,32.84,45754,3011,3135,2921,1242,82
202604,00310,BANCO DEL SOL S.A.,Financiero,empresa,Empresas,429,96,22.38,77367094.0,12735464.0,16.46,333,21,35,34,6,0
202604,00310,BANCO DEL SOL S.A.,Financiero,persona_fisica,Familias,121018,29142,24.08,362212132.0,65863507.0,18.18,91876,7406,6395,8798,6543,0
202604,00310,BANCO DEL SOL S.A.,Financiero,total,Total,121447,29238,24.07,439579226.0,78598971.0,17.88,92209,7427,6430,8832,6549,0
202604,00311,NUEVO BANCO DEL CHACO S. A.,Financiero,empresa,Empresas,702,97,13.82,165056679.0,19848150.0,12.03,599,10,11,22,54,6
202604,00311,NUEVO BANCO DEL CHACO S. A.,Financiero,persona_fisica,Familias,216409,33074,15.28,493066109.0,67464016.0,13.68,183334,6666,6109,10692,9607,1
202604,00311,NUEVO BANCO DEL CHACO S. A.,Financiero,total,Total,217111,33171,15.28,658122788.0,87312166.0,13.27,183933,6676,6120,10714,9661,7
202604,00312,BANCO VOII S.A.,Financiero,empresa,Empresas,12,2,16.67,1775207.0,166126.0,9.36,10,0,0,1,1,0
202604,00312,BANCO VOII S.A.,Financiero,persona_fisica,Familias,42037,5622,13.37,76024575.0,7955873.0,10.46,36415,2064,1675,1190,693,0
202604,00312,BANCO VOII S.A.,Financiero,total,Total,42049,5624,13.37,77799782.0,8121999.0,10.44,36425,2064,1675,1191,694,0
202604,00315,BANCO DE FORMOSA S.A.,Financiero,empresa,Empresas,616,128,20.78,28629515.0,4717201.0,16.48,488,27,24,23,54,0
202604,00315,BANCO DE FORMOSA S.A.,Financiero,persona_fisica,Familias,106058,9255,8.73,223989170.0,20512533.0,9.16,96803,1936,1653,2562,3104,0
202604,00315,BANCO DE FORMOSA S.A.,Financiero,total,Total,106674,9383,8.80,252618685.0,25229734.0,9.99,97291,1963,1677,2585,3158,0
202604,00319,BANCO CMF S.A.,Financiero,empresa,Empresas,572,22,3.85,480601626.0,12183477.0,2.54,548,3,2,5,12,2
202604,00319,BANCO CMF S.A.,Financiero,persona_fisica,Familias,5,2,40.00,159748.0,383.0,0.24,3,0,0,0,2,0
202604,00319,BANCO CMF S.A.,Financiero,total,Total,577,24,4.16,480761374.0,12183860.0,2.53,551,3,2,5,14,2
202604,00321,BANCO DE SANTIAGO DEL ESTERO S.A.,Financiero,empresa,Empresas,144,69,47.92,182460689.0,9480665.0,5.20,75,19,21,17,12,0
202604,00321,BANCO DE SANTIAGO DEL ESTERO S.A.,Financiero,persona_fisica,Familias,266609,39514,14.82,371013832.0,59812554.0,16.12,227095,5178,6744,12291,15301,0
202604,00321,BANCO DE SANTIAGO DEL ESTERO S.A.,Financiero,total,Total,266753,39583,14.84,553474521.0,69293219.0,12.52,227170,5197,6765,12308,15313,0
202604,00322,BANCO INDUSTRIAL S.A.,Financiero,empresa,Empresas,1148,124,10.80,1165683233.0,16232566.0,1.39,1024,33,38,42,11,0
202604,00322,BANCO INDUSTRIAL S.A.,Financiero,persona_fisica,Familias,473023,41304,8.73,171779032.0,16458299.0,9.58,431719,18622,11417,8481,2784,0
202604,00322,BANCO INDUSTRIAL S.A.,Financiero,total,Total,474171,41428,8.74,1337462265.0,32690865.0,2.44,432743,18655,11455,8523,2795,0
202604,00330,NUEVO BANCO DE SANTA FE SOCIEDAD ANONIMA,Financiero,empresa,Empresas,4555,346,7.60,946510971.0,29672876.0,3.13,4209,76,47,100,123,0
202604,00330,NUEVO BANCO DE SANTA FE SOCIEDAD ANONIMA,Financiero,persona_fisica,Familias,432094,38549,8.92,1170368950.0,133797880.0,11.43,393545,11683,8716,10084,8066,0
202604,00330,NUEVO BANCO DE SANTA FE SOCIEDAD ANONIMA,Financiero,total,Total,436649,38895,8.91,2116879921.0,163470756.0,7.72,397754,11759,8763,10184,8189,0
202604,00331,BANCO CETELEM ARGENTINA S.A.,Financiero,empresa,Empresas,4,0,0.00,4581115.0,0.0,0.00,4,0,0,0,0,0
202604,00331,BANCO CETELEM ARGENTINA S.A.,Financiero,total,Total,4,0,0.00,4581115.0,0.0,0.00,4,0,0,0,0,0
202604,00332,BANCO DE SERVICIOS FINANCIEROS CARREFOUR SAU,Financiero,persona_fisica,Familias,514754,248714,48.32,446852377.0,260732177.0,58.35,266040,28134,38222,91403,90955,0
202604,00332,BANCO DE SERVICIOS FINANCIEROS CARREFOUR SAU,Financiero,total,Total,514754,248714,48.32,446852377.0,260732177.0,58.35,266040,28134,38222,91403,90955,0
202604,00338,BANCO DE SERVICIOS Y TRANSACCIONES SAU,Financiero,empresa,Empresas,353,51,14.45,407803958.0,12062368.0,2.96,302,23,4,5,19,0
202604,00338,BANCO DE SERVICIOS Y TRANSACCIONES SAU,Financiero,persona_fisica,Familias,16647,1870,11.23,11297537.0,1236531.0,10.95,14777,881,615,367,7,0
202604,00338,BANCO DE SERVICIOS Y TRANSACCIONES SAU,Financiero,total,Total,17000,1921,11.30,419101495.0,13298899.0,3.17,15079,904,619,372,26,0
202604,00339,RCI BANQUE S.A.,Financiero,empresa,Empresas,74,0,0.00,121742847.0,0.0,0.00,74,0,0,0,0,0
202604,00339,RCI BANQUE S.A.,Financiero,total,Total,74,0,0.00,121742847.0,0.0,0.00,74,0,0,0,0,0
202604,00340,BACS BANCO DE CREDITO Y SECURITIZACION S.A.,Financiero,empresa,Empresas,69,4,5.80,133395639.0,4847265.0,3.63,65,1,0,1,2,0
202604,00340,BACS BANCO DE CREDITO Y SECURITIZACION S.A.,Financiero,persona_fisica,Familias,31223,2392,7.66,35765067.0,2511333.0,7.02,28831,846,721,821,4,0
202604,00340,BACS BANCO DE CREDITO Y SECURITIZACION S.A.,Financiero,total,Total,31292,2396,7.66,169160706.0,7358598.0,4.35,28896,847,721,822,6,0
202604,00341,BANCO MASVENTAS S.A.,Financiero,empresa,Empresas,141,32,22.70,6108194.0,881220.0,14.43,108,5,12,3,12,1
202604,00341,BANCO MASVENTAS S.A.,Financiero,persona_fisica,Familias,15316,3833,25.03,15440959.0,2810727.0,18.20,11477,462,559,1346,1466,6
202604,00341,BANCO MASVENTAS S.A.,Financiero,total,Total,15457,3865,25.00,21549153.0,3691947.0,17.13,11585,467,571,1349,1478,7
202604,00384,UALA BANK S.A.U.,Financiero,empresa,Empresas,8,0,0.00,30312206.0,0.0,0.00,8,0,0,0,0,0
202604,00384,UALA BANK S.A.U.,Financiero,persona_fisica,Familias,290936,94422,32.45,313945140.0,163635387.0,52.12,196514,14273,21056,56559,2534,0
202604,00384,UALA BANK S.A.U.,Financiero,total,Total,290944,94422,32.45,344257346.0,163635387.0,47.53,196522,14273,21056,56559,2534,0
202604,00386,NUEVO BANCO DE ENTRE RÍOS S.A.,Financiero,empresa,Empresas,1321,101,7.65,364948542.0,7964659.0,2.18,1220,30,24,22,25,0
202604,00386,NUEVO BANCO DE ENTRE RÍOS S.A.,Financiero,persona_fisica,Familias,201743,14705,7.29,522202663.0,60926505.0,11.67,187038,5552,4557,3101,1495,0
202604,00386,NUEVO BANCO DE ENTRE RÍOS S.A.,Financiero,total,Total,203064,14806,7.29,887151205.0,68891164.0,7.77,188258,5582,4581,3123,1520,0
202604,00389,BANCO COLUMBIA S.A.,Financiero,empresa,Empresas,274,69,25.18,21949687.0,1107796.0,5.05,205,16,21,16,16,0
202604,00389,BANCO COLUMBIA S.A.,Financiero,persona_fisica,Familias,155832,40641,26.08,230644176.0,72457841.0,31.42,115191,8469,9671,15468,7033,0
202604,00389,BANCO COLUMBIA S.A.,Financiero,total,Total,156106,40710,26.08,252593863.0,73565637.0,29.12,115396,8485,9692,15484,7049,0
202604,00426,BANCO BICA S.A.,Financiero,empresa,Empresas,806,124,15.38,92181316.0,3276029.0,3.55,667,18,11,23,72,15
202604,00426,BANCO BICA S.A.,Financiero,persona_fisica,Familias,76431,9007,11.78,89528363.0,9825236.0,10.97,67418,2224,2614,2705,1464,6
202604,00426,BANCO BICA S.A.,Financiero,total,Total,77237,9131,11.82,181709679.0,13101265.0,7.21,68085,2242,2625,2728,1536,21
202604,00431,BANCO COINAG S.A.,Financiero,empresa,Empresas,730,120,16.44,109837772.0,11372689.0,10.35,607,17,24,36,43,3
202604,00431,BANCO COINAG S.A.,Financiero,persona_fisica,Familias,12791,1770,13.84,45402234.0,3241231.0,7.14,11021,396,340,371,663,0
202604,00431,BANCO COINAG S.A.,Financiero,total,Total,13521,1890,13.98,155240006.0,14613920.0,9.41,11628,413,364,407,706,3
202604,00432,BANCO DE COMERCIO S.A.,Financiero,empresa,Empresas,386,83,21.50,65824941.0,4661401.0,7.08,300,14,14,18,37,3
202604,00432,BANCO DE COMERCIO S.A.,Financiero,persona_fisica,Familias,11977,1291,10.78,9470009.0,1071535.0,11.32,10686,311,339,332,309,0
202604,00432,BANCO DE COMERCIO S.A.,Financiero,total,Total,12363,1374,11.11,75294950.0,5732936.0,7.61,10986,325,353,350,346,3
202604,00435,BANCO SUCREDITO REGIONAL S.A.U.,Financiero,empresa,Empresas,43,22,51.16,5217543.0,2959874.0,56.73,21,13,4,2,3,0
202604,00435,BANCO SUCREDITO REGIONAL S.A.U.,Financiero,persona_fisica,Familias,802,296,36.91,1134878.0,317768.0,28.00,506,62,74,96,64,0
202604,00435,BANCO SUCREDITO REGIONAL S.A.U.,Financiero,total,Total,845,318,37.63,6352421.0,3277642.0,51.60,527,75,78,98,67,0
202604,00448,BANCO DINO S.A.,Financiero,empresa,Empresas,79,13,16.46,21419963.0,2203358.0,10.29,66,6,3,1,3,0
202604,00448,BANCO DINO S.A.,Financiero,persona_fisica,Familias,5351,1221,22.82,10272094.0,968751.0,9.43,4130,265,205,282,469,0
202604,00448,BANCO DINO S.A.,Financiero,total,Total,5430,1234,22.73,31692057.0,3172109.0,10.01,4196,271,208,283,472,0
202604,10303,F.F PRIVADO YATASTO,Financiero,empresa,Empresas,1675,1675,100.00,4356921.0,4356921.0,100.00,0,0,0,0,1675,0
202604,10303,F.F PRIVADO YATASTO,Financiero,persona_fisica,Familias,71502,71502,100.00,135823485.0,135823485.0,100.00,0,0,0,6,71496,0
202604,10303,F.F PRIVADO YATASTO,Financiero,total,Total,73177,73177,100.00,140180406.0,140180406.0,100.00,0,0,0,6,73171,0
202604,10494,F.F. Y DE ADM. CHACO-ACTIVOS FINANCIEROS,Financiero,empresa,Empresas,42,0,0.00,22815.0,0.0,0.00,42,0,0,0,0,0
202604,10494,F.F. Y DE ADM. CHACO-ACTIVOS FINANCIEROS,Financiero,persona_fisica,Familias,474,0,0.00,39912.0,0.0,0.00,474,0,0,0,0,0
202604,10494,F.F. Y DE ADM. CHACO-ACTIVOS FINANCIEROS,Financiero,total,Total,516,0,0.00,62727.0,0.0,0.00,516,0,0,0,0,0
202604,10500,F.F. Y DE ADM. LA RIOJA REFINANCIAMIENTO DEL SECTOR PROD.,Financiero,empresa,Empresas,5,0,0.00,7963.0,0.0,0.00,5,0,0,0,0,0
202604,10500,F.F. Y DE ADM. LA RIOJA REFINANCIAMIENTO DEL SECTOR PROD.,Financiero,persona_fisica,Familias,8,0,0.00,1901.0,0.0,0.00,8,0,0,0,0,0
202604,10500,F.F. Y DE ADM. LA RIOJA REFINANCIAMIENTO DEL SECTOR PROD.,Financiero,total,Total,13,0,0.00,9864.0,0.0,0.00,13,0,0,0,0,0
202604,10556,FF PRIVADO CREVAL,Financiero,persona_fisica,Familias,3187,3187,100.00,396892.0,396892.0,100.00,0,0,0,0,3187,0
202604,10556,FF PRIVADO CREVAL,Financiero,total,Total,3187,3187,100.00,396892.0,396892.0,100.00,0,0,0,0,3187,0
202604,10608,F.F. Y DE ADM FIDEICOMISO DEUDORES AGROP BNA ENTRE RIOS,Financiero,empresa,Empresas,1,0,0.00,39.0,0.0,0.00,1,0,0,0,0,0
202604,10608,F.F. Y DE ADM FIDEICOMISO DEUDORES AGROP BNA ENTRE RIOS,Financiero,persona_fisica,Familias,8,0,0.00,714.0,0.0,0.00,8,0,0,0,0,0
202604,10608,F.F. Y DE ADM FIDEICOMISO DEUDORES AGROP BNA ENTRE RIOS,Financiero,total,Total,9,0,0.00,753.0,0.0,0.00,9,0,0,0,0,0
202604,10628,F.F. PRIVADO ASSET RECOVERY 5,Financiero,persona_fisica,Familias,2835,2812,99.19,388636.0,380746.0,97.97,23,4,5,24,2779,0
202604,10628,F.F. PRIVADO ASSET RECOVERY 5,Financiero,total,Total,2835,2812,99.19,388636.0,380746.0,97.97,23,4,5,24,2779,0
202604,10692,F.F. PRIVADO FRANKEL,Financiero,empresa,Empresas,241,241,100.00,1267153.0,1267153.0,100.00,0,0,0,0,241,0
202604,10692,F.F. PRIVADO FRANKEL,Financiero,persona_fisica,Familias,116192,116192,100.00,114976556.0,114976556.0,100.00,0,0,0,0,116192,0
202604,10692,F.F. PRIVADO FRANKEL,Financiero,total,Total,116433,116433,100.00,116243709.0,116243709.0,100.00,0,0,0,0,116433,0
202604,10812,F.F. Y DE ADM REFINANCIAMIENTO DEUDORES AGROP PCIA DE RIO NEGRO,Financiero,empresa,Empresas,7,0,0.00,3478.0,0.0,0.00,7,0,0,0,0,0
202604,10812,F.F. Y DE ADM REFINANCIAMIENTO DEUDORES AGROP PCIA DE RIO NEGRO,Financiero,persona_fisica,Familias,58,1,1.72,15354.0,117.0,0.76,57,0,0,0,1,0
202604,10812,F.F. Y DE ADM REFINANCIAMIENTO DEUDORES AGROP PCIA DE RIO NEGRO,Financiero,total,Total,65,1,1.54,18832.0,117.0,0.62,64,0,0,0,1,0
202604,10914,RECUPERO DE ACTIVOS FIDEICOMISO FINANCIERO,Financiero,empresa,Empresas,267,267,100.00,797319.0,797319.0,100.00,0,0,0,0,267,0
202604,10914,RECUPERO DE ACTIVOS FIDEICOMISO FINANCIERO,Financiero,persona_fisica,Familias,285097,285097,100.00,122290244.0,122290244.0,100.00,0,0,0,0,285097,0
202604,10914,RECUPERO DE ACTIVOS FIDEICOMISO FINANCIERO,Financiero,total,Total,285364,285364,100.00,123087563.0,123087563.0,100.00,0,0,0,0,285364,0
202604,10915,F.F. CENTURIA,Financiero,empresa,Empresas,43,43,100.00,4599.0,4599.0,100.00,0,0,0,0,43,0
202604,10915,F.F. CENTURIA,Financiero,persona_fisica,Familias,3670,3663,99.81,386554.0,384791.0,99.54,7,0,0,4,3659,0
202604,10915,F.F. CENTURIA,Financiero,total,Total,3713,3706,99.81,391153.0,389390.0,99.55,7,0,0,4,3702,0
202604,10922,Maipú Fideicomiso Financiero,Financiero,persona_fisica,Familias,9324,9324,100.00,6083553.0,6083553.0,100.00,0,0,0,43,9281,0
202604,10922,Maipú Fideicomiso Financiero,Financiero,total,Total,9324,9324,100.00,6083553.0,6083553.0,100.00,0,0,0,43,9281,0
202604,10923,F.F. PRIVADO GREEN LIGHT,Financiero,persona_fisica,Familias,181219,181219,100.00,31538660.0,31538660.0,100.00,0,0,0,0,181219,0
202604,10923,F.F. PRIVADO GREEN LIGHT,Financiero,total,Total,181219,181219,100.00,31538660.0,31538660.0,100.00,0,0,0,0,181219,0
202604,10924,CREDITIA FIDEICOMISO FINANCIERO,Financiero,empresa,Empresas,245,245,100.00,745702.0,745702.0,100.00,0,0,0,0,245,0
202604,10924,CREDITIA FIDEICOMISO FINANCIERO,Financiero,persona_fisica,Familias,111572,111572,100.00,35733802.0,35733802.0,100.00,0,0,0,0,111572,0
202604,10924,CREDITIA FIDEICOMISO FINANCIERO,Financiero,total,Total,111817,111817,100.00,36479504.0,36479504.0,100.00,0,0,0,0,111817,0
202604,40011,BELAT CROWDLENDING ARGENTINA,Financiero,empresa,Empresas,8,0,0.00,1638426.0,0.0,0.00,8,0,0,0,0,0
202604,40011,BELAT CROWDLENDING ARGENTINA,Financiero,persona_fisica,Familias,1,0,0.00,55397.0,0.0,0.00,1,0,0,0,0,0
202604,40011,BELAT CROWDLENDING ARGENTINA,Financiero,total,Total,9,0,0.00,1693823.0,0.0,0.00,9,0,0,0,0,0
202604,44077,COMPAÑIA FINANCIERA ARGENTINA S.A.,Financiero,persona_fisica,Familias,128001,83733,65.42,85417955.0,49096645.0,57.48,44268,4742,6543,10759,61689,0
202604,44077,COMPAÑIA FINANCIERA ARGENTINA S.A.,Financiero,total,Total,128001,83733,65.42,85417955.0,49096645.0,57.48,44268,4742,6543,10759,61689,0
202604,44088,VOLKSWAGEN FINANCIAL SERVICES COMPAÑIA FINANCIERA S.A.,Financiero,empresa,Empresas,343,9,2.62,248117590.0,1084902.0,0.44,334,5,2,1,1,0
202604,44088,VOLKSWAGEN FINANCIAL SERVICES COMPAÑIA FINANCIERA S.A.,Financiero,persona_fisica,Familias,29465,917,3.11,320404462.0,8673485.0,2.71,28548,393,146,132,246,0
202604,44088,VOLKSWAGEN FINANCIAL SERVICES COMPAÑIA FINANCIERA S.A.,Financiero,total,Total,29808,926,3.11,568522052.0,9758387.0,1.72,28882,398,148,133,247,0
202604,44092,FCA COMPAÑIA FINANCIERA S.A.,Financiero,empresa,Empresas,630,28,4.44,143862470.0,12337679.0,8.58,602,14,5,3,6,0
202604,44092,FCA COMPAÑIA FINANCIERA S.A.,Financiero,persona_fisica,Familias,32405,2146,6.62,360410137.0,22605082.0,6.27,30259,686,349,360,751,0
202604,44092,FCA COMPAÑIA FINANCIERA S.A.,Financiero,total,Total,33035,2174,6.58,504272607.0,34942761.0,6.93,30861,700,354,363,757,0
202604,44093,GPAT COMPAÑIA FINANCIERA S.A.U.,Financiero,empresa,Empresas,247,3,1.21,19208138.0,27450.0,0.14,244,2,0,1,0,0
202604,44093,GPAT COMPAÑIA FINANCIERA S.A.U.,Financiero,persona_fisica,Familias,39748,5407,13.60,339925745.0,33102725.0,9.74,34341,1706,464,1538,1699,0
202604,44093,GPAT COMPAÑIA FINANCIERA S.A.U.,Financiero,total,Total,39995,5410,13.53,359133883.0,33130175.0,9.23,34585,1708,464,1539,1699,0
202604,44094,MERCEDES-BENZ COMPAÑÍA FINANCIERA ARGENTINA S.A.,Financiero,empresa,Empresas,796,88,11.06,128204671.0,14094102.0,10.99,708,51,16,6,15,0
202604,44094,MERCEDES-BENZ COMPAÑÍA FINANCIERA ARGENTINA S.A.,Financiero,persona_fisica,Familias,551,93,16.88,52257614.0,12787489.0,24.47,458,51,19,13,10,0
202604,44094,MERCEDES-BENZ COMPAÑÍA FINANCIERA ARGENTINA S.A.,Financiero,total,Total,1347,181,13.44,180462285.0,26881591.0,14.90,1166,102,35,19,25,0
202604,44095,ROMBO COMPAÑÍA FINANCIERA S.A.,Financiero,empresa,Empresas,1759,41,2.33,32133563.0,951624.0,2.96,1718,22,10,7,2,0
202604,44095,ROMBO COMPAÑÍA FINANCIERA S.A.,Financiero,persona_fisica,Familias,46662,1874,4.02,365345332.0,16733203.0,4.58,44788,861,357,349,307,0
202604,44095,ROMBO COMPAÑÍA FINANCIERA S.A.,Financiero,total,Total,48421,1915,3.95,397478895.0,17684827.0,4.45,46506,883,367,356,309,0
202604,44096,JOHN DEERE CREDIT COMPAÑÍA FINANCIERA S.A.,Financiero,empresa,Empresas,1008,65,6.45,369530463.0,27635947.0,7.48,943,12,12,23,18,0
202604,44096,JOHN DEERE CREDIT COMPAÑÍA FINANCIERA S.A.,Financiero,persona_fisica,Familias,1330,131,9.85,333302346.0,31524229.0,9.46,1199,33,24,32,42,0
202604,44096,JOHN DEERE CREDIT COMPAÑÍA FINANCIERA S.A.,Financiero,total,Total,2338,196,8.38,702832809.0,59160176.0,8.42,2142,45,36,55,60,0
202604,44098,PSA FINANCE ARGENTINA COMPAÑÍA FINANCIERA S.A.,Financiero,empresa,Empresas,320,10,3.12,85670776.0,418190.0,0.49,310,5,4,1,0,0
202604,44098,PSA FINANCE ARGENTINA COMPAÑÍA FINANCIERA S.A.,Financiero,persona_fisica,Familias,35690,2109,5.91,341061985.0,17735628.0,5.20,33581,812,482,499,316,0
202604,44098,PSA FINANCE ARGENTINA COMPAÑÍA FINANCIERA S.A.,Financiero,total,Total,36010,2119,5.88,426732761.0,18153818.0,4.25,33891,817,486,500,316,0
202604,44099,TOYOTA COMPAÑÍA FINANCIERA DE ARGENTINA S.A.,Financiero,empresa,Empresas,1059,59,5.57,96653831.0,5665590.0,5.86,1000,22,8,28,1,0
202604,44099,TOYOTA COMPAÑÍA FINANCIERA DE ARGENTINA S.A.,Financiero,persona_fisica,Familias,11959,614,5.13,147718987.0,9520180.0,6.44,11345,354,98,137,25,0
202604,44099,TOYOTA COMPAÑÍA FINANCIERA DE ARGENTINA S.A.,Financiero,total,Total,13018,673,5.17,244372818.0,15185770.0,6.21,12345,376,106,165,26,0
202604,45030,NARANJA DIGITAL COMPAÑÍA FINANCIERA S.A.U.,Financiero,desconocido,Desconocido,1,0,0.00,8581724.0,0.0,0.00,1,0,0,0,0,0
202604,45030,NARANJA DIGITAL COMPAÑÍA FINANCIERA S.A.U.,Financiero,empresa,Empresas,2,0,0.00,41926929.0,0.0,0.00,2,0,0,0,0,0
202604,45030,NARANJA DIGITAL COMPAÑÍA FINANCIERA S.A.U.,Financiero,persona_fisica,Familias,1837976,743936,40.48,1372781451.0,465310866.0,33.90,1094040,77855,82600,118614,464867,0
202604,45030,NARANJA DIGITAL COMPAÑÍA FINANCIERA S.A.U.,Financiero,total,Total,1837979,743936,40.48,1423290104.0,465310866.0,32.69,1094043,77855,82600,118614,464867,0
202604,45056,MONTEMAR COMPAÑIA FINANCIERA S.A.,Financiero,empresa,Empresas,37,0,0.00,3942289.0,0.0,0.00,37,0,0,0,0,0
202604,45056,MONTEMAR COMPAÑIA FINANCIERA S.A.,Financiero,persona_fisica,Familias,24910,12218,49.05,93930499.0,33986170.0,36.18,12691,2127,1937,3365,4789,1
202604,45056,MONTEMAR COMPAÑIA FINANCIERA S.A.,Financiero,total,Total,24947,12218,48.98,97872788.0,33986170.0,34.72,12728,2127,1937,3365,4789,1
202604,45072,REBA COMPAÑIA FINANCIERA S.A.,Financiero,empresa,Empresas,298,30,10.07,23802049.0,2120352.0,8.91,268,4,5,15,6,0
202604,45072,REBA COMPAÑIA FINANCIERA S.A.,Financiero,persona_fisica,Familias,39074,20170,51.62,32362000.0,13068003.0,40.38,18904,1917,3251,11006,3996,0
202604,45072,REBA COMPAÑIA FINANCIERA S.A.,Financiero,total,Total,39372,20200,51.31,56164049.0,15188355.0,27.04,19172,1921,3256,11021,4002,0
202604,50001,ACINDAR PYMES SGR,No Financiero,empresa,Empresas,499,359,71.94,16596786.0,13968636.0,84.16,140,89,116,109,45,0
202604,50001,ACINDAR PYMES SGR,No Financiero,persona_fisica,Familias,395,366,92.66,1829797.0,1698684.0,92.83,29,40,44,152,130,0
202604,50001,ACINDAR PYMES SGR,No Financiero,total,Total,894,725,81.10,18426583.0,15667320.0,85.03,169,129,160,261,175,0
202604,50002,AFFIDAVIT SGR,No Financiero,empresa,Empresas,17,12,70.59,158898.0,141230.0,88.88,5,2,7,2,1,0
202604,50002,AFFIDAVIT SGR,No Financiero,persona_fisica,Familias,1,1,100.00,10966.0,10966.0,100.00,0,0,1,0,0,0
202604,50002,AFFIDAVIT SGR,No Financiero,total,Total,18,13,72.22,169864.0,152196.0,89.60,5,2,8,2,1,0
202604,50003,AGROAVAL SGR,No Financiero,empresa,Empresas,1,1,100.00,2099.0,2099.0,100.00,0,0,0,0,1,0
202604,50003,AGROAVAL SGR,No Financiero,total,Total,1,1,100.00,2099.0,2099.0,100.00,0,0,0,0,1,0
202604,50004,ARGENPYMES SGR,No Financiero,empresa,Empresas,497,439,88.33,9102272.0,8504895.0,93.44,58,98,110,136,95,0
202604,50004,ARGENPYMES SGR,No Financiero,persona_fisica,Familias,253,227,89.72,1698309.0,1576510.0,92.83,26,61,50,67,49,0
202604,50004,ARGENPYMES SGR,No Financiero,total,Total,750,666,88.80,10800581.0,10081405.0,93.34,84,159,160,203,144,0
202604,50005,AVAL FEDERAL SGR,No Financiero,empresa,Empresas,26,23,88.46,850556.0,827710.0,97.31,3,7,4,6,6,0
202604,50005,AVAL FEDERAL SGR,No Financiero,persona_fisica,Familias,4,2,50.00,126322.0,110887.0,87.78,2,0,1,1,0,0
202604,50005,AVAL FEDERAL SGR,No Financiero,total,Total,30,25,83.33,976878.0,938597.0,96.08,5,7,5,7,6,0
202604,50011,CUYO AVAL SGR,No Financiero,empresa,Empresas,8,4,50.00,49249.0,41477.0,84.22,4,1,0,0,3,0
202604,50011,CUYO AVAL SGR,No Financiero,persona_fisica,Familias,1,1,100.00,17612.0,17612.0,100.00,0,0,1,0,0,0
202604,50011,CUYO AVAL SGR,No Financiero,total,Total,9,5,55.56,66861.0,59089.0,88.38,4,1,1,0,3,0
202604,50012,DON MARIO SGR,No Financiero,empresa,Empresas,6,3,50.00,50700.0,45158.0,89.07,3,0,2,0,1,0
202604,50012,DON MARIO SGR,No Financiero,persona_fisica,Familias,2,1,50.00,19123.0,16799.0,87.85,1,0,1,0,0,0
202604,50012,DON MARIO SGR,No Financiero,total,Total,8,4,50.00,69823.0,61957.0,88.73,4,0,3,0,1,0
202604,50013,GARANTÍA DE VALORES SGR,No Financiero,empresa,Empresas,229,206,89.96,3467986.0,3371694.0,97.22,23,38,63,68,37,0
202604,50013,GARANTÍA DE VALORES SGR,No Financiero,persona_fisica,Familias,123,117,95.12,959161.0,941934.0,98.20,6,21,35,37,24,0
202604,50013,GARANTÍA DE VALORES SGR,No Financiero,total,Total,352,323,91.76,4427147.0,4313628.0,97.44,29,59,98,105,61,0
202604,50014,GARANTIZAR SGR,No Financiero,empresa,Empresas,1331,1101,82.72,29286477.0,25809254.0,88.13,230,192,201,228,480,0
202604,50014,GARANTIZAR SGR,No Financiero,persona_fisica,Familias,1718,1453,84.58,10195294.0,9004860.0,88.32,265,212,260,367,614,0
202604,50014,GARANTIZAR SGR,No Financiero,total,Total,3049,2554,83.77,39481771.0,34814114.0,88.18,495,404,461,595,1094,0
202604,50015,INTEGRA PYMES SGR,No Financiero,empresa,Empresas,22,21,95.45,554011.0,543991.0,98.19,1,4,8,7,2,0
202604,50015,INTEGRA PYMES SGR,No Financiero,total,Total,22,21,95.45,554011.0,543991.0,98.19,1,4,8,7,2,0
202604,50018,POTENCIAR SGR,No Financiero,empresa,Empresas,21,21,100.00,481317.0,481317.0,100.00,0,20,1,0,0,0
202604,50018,POTENCIAR SGR,No Financiero,persona_fisica,Familias,88,88,100.00,56904.0,56904.0,100.00,0,73,6,9,0,0
202604,50018,POTENCIAR SGR,No Financiero,total,Total,109,109,100.00,538221.0,538221.0,100.00,0,93,7,9,0,0
202604,50020,AFB AVALES S.G.R.,No Financiero,empresa,Empresas,51,39,76.47,736552.0,678465.0,92.11,12,12,22,3,2,0
202604,50020,AFB AVALES S.G.R.,No Financiero,persona_fisica,Familias,10,10,100.00,58016.0,58016.0,100.00,0,1,4,5,0,0
202604,50020,AFB AVALES S.G.R.,No Financiero,total,Total,61,49,80.33,794568.0,736481.0,92.69,12,13,26,8,2,0
202604,50021,AVAL AR SGR,No Financiero,empresa,Empresas,12,9,75.00,414401.0,404073.0,97.51,3,2,3,3,1,0
202604,50021,AVAL AR SGR,No Financiero,persona_fisica,Familias,3,3,100.00,26796.0,26796.0,100.00,0,2,0,1,0,0
202604,50021,AVAL AR SGR,No Financiero,total,Total,15,12,80.00,441197.0,430869.0,97.66,3,4,3,4,1,0
202604,50023,UNION SGR,No Financiero,empresa,Empresas,28,21,75.00,581365.0,552113.0,94.97,7,4,8,5,4,0
202604,50023,UNION SGR,No Financiero,persona_fisica,Familias,16,14,87.50,62667.0,62126.0,99.14,2,0,3,9,2,0
202604,50023,UNION SGR,No Financiero,total,Total,44,35,79.55,644032.0,614239.0,95.37,9,4,11,14,6,0
202604,50024,AVAL FERTIL SGR,No Financiero,empresa,Empresas,1,1,100.00,2332.0,2332.0,100.00,0,0,0,0,1,0
202604,50024,AVAL FERTIL SGR,No Financiero,total,Total,1,1,100.00,2332.0,2332.0,100.00,0,0,0,0,1,0
202604,50025,AVALES DEL CENTRO SGR,No Financiero,empresa,Empresas,16,15,93.75,94222.0,93891.0,99.65,1,2,8,2,3,0
202604,50025,AVALES DEL CENTRO SGR,No Financiero,persona_fisica,Familias,1,1,100.00,634.0,634.0,100.00,0,1,0,0,0,0
202604,50025,AVALES DEL CENTRO SGR,No Financiero,total,Total,17,16,94.12,94856.0,94525.0,99.65,1,3,8,2,3,0
202604,50026,CRECER SGR,No Financiero,empresa,Empresas,38,30,78.95,529271.0,489627.0,92.51,8,7,11,9,3,0
202604,50026,CRECER SGR,No Financiero,persona_fisica,Familias,55,47,85.45,114126.0,109658.0,96.09,8,7,15,16,9,0
202604,50026,CRECER SGR,No Financiero,total,Total,93,77,82.80,643397.0,599285.0,93.14,16,14,26,25,12,0
202604,50032,RESILIENCIA SGR,No Financiero,empresa,Empresas,29,24,82.76,344015.0,334361.0,97.19,5,5,8,7,4,0
202604,50032,RESILIENCIA SGR,No Financiero,persona_fisica,Familias,13,10,76.92,56703.0,54288.0,95.74,3,1,5,3,1,0
202604,50032,RESILIENCIA SGR,No Financiero,total,Total,42,34,80.95,400718.0,388649.0,96.99,8,6,13,10,5,0
202604,50033,Crédito Argentino S.G.R.,No Financiero,empresa,Empresas,8,7,87.50,200411.0,188815.0,94.21,1,0,6,1,0,0
202604,50033,Crédito Argentino S.G.R.,No Financiero,persona_fisica,Familias,2,2,100.00,53405.0,53405.0,100.00,0,1,1,0,0,0
202604,50033,Crédito Argentino S.G.R.,No Financiero,total,Total,10,9,90.00,253816.0,242220.0,95.43,1,1,7,1,0,0
202604,50034,Rig Avales S.G.R,No Financiero,empresa,Empresas,12,4,33.33,94058.0,38319.0,40.74,8,1,1,2,0,0
202604,50034,Rig Avales S.G.R,No Financiero,persona_fisica,Familias,2,2,100.00,19389.0,19389.0,100.00,0,0,1,1,0,0
202604,50034,Rig Avales S.G.R,No Financiero,total,Total,14,6,42.86,113447.0,57708.0,50.87,8,1,2,3,0,0
202604,50035,Conaval S.G.R.,No Financiero,empresa,Empresas,5,4,80.00,387116.0,381934.0,98.66,1,1,1,2,0,0
202604,50035,Conaval S.G.R.,No Financiero,persona_fisica,Familias,4,4,100.00,273497.0,273497.0,100.00,0,1,1,2,0,0
202604,50035,Conaval S.G.R.,No Financiero,total,Total,9,8,88.89,660613.0,655431.0,99.22,1,2,2,4,0,0
202604,50037,FIDEM SGR,No Financiero,empresa,Empresas,20,17,85.00,362462.0,356176.0,98.27,3,5,7,4,1,0
202604,50037,FIDEM SGR,No Financiero,persona_fisica,Familias,2,2,100.00,15181.0,15181.0,100.00,0,0,0,1,1,0
202604,50037,FIDEM SGR,No Financiero,total,Total,22,19,86.36,377643.0,371357.0,98.34,3,5,7,5,2,0
202604,50038,INNOVA SGR,No Financiero,empresa,Empresas,23,20,86.96,490794.0,484508.0,98.72,3,4,9,5,2,0
202604,50038,INNOVA SGR,No Financiero,persona_fisica,Familias,4,4,100.00,40681.0,40681.0,100.00,0,0,1,2,1,0
202604,50038,INNOVA SGR,No Financiero,total,Total,27,24,88.89,531475.0,525189.0,98.82,3,4,10,7,3,0
202604,50039,FINTECH SGR,No Financiero,empresa,Empresas,188,178,94.68,9439280.0,9379787.0,99.37,10,30,70,48,30,0
202604,50039,FINTECH SGR,No Financiero,persona_fisica,Familias,129,128,99.22,2381499.0,2380390.0,99.95,1,28,47,22,31,0
202604,50039,FINTECH SGR,No Financiero,total,Total,317,306,96.53,11820779.0,11760177.0,99.49,11,58,117,70,61,0
202604,50040,MILLS SGR,No Financiero,empresa,Empresas,44,37,84.09,1971820.0,1927460.0,97.75,7,6,11,18,2,0
202604,50040,MILLS SGR,No Financiero,persona_fisica,Familias,1,1,100.00,2067.0,2067.0,100.00,0,1,0,0,0,0
202604,50040,MILLS SGR,No Financiero,total,Total,45,38,84.44,1973887.0,1929527.0,97.75,7,7,11,18,2,0
202604,50041,ALIANZA S.G.R.,No Financiero,empresa,Empresas,85,81,95.29,2667260.0,2587561.0,97.01,4,21,30,16,14,0
202604,50041,ALIANZA S.G.R.,No Financiero,persona_fisica,Familias,30,29,96.67,427559.0,427443.0,99.97,1,11,4,8,6,0
202604,50041,ALIANZA S.G.R.,No Financiero,total,Total,115,110,95.65,3094819.0,3015004.0,97.42,5,32,34,24,20,0
202604,50042,SOLIDUM S.G.R.,No Financiero,empresa,Empresas,2,1,50.00,8427.0,6033.0,71.59,1,1,0,0,0,0
202604,50042,SOLIDUM S.G.R.,No Financiero,persona_fisica,Familias,1,1,100.00,8639.0,8639.0,100.00,0,0,1,0,0,0
202604,50042,SOLIDUM S.G.R.,No Financiero,total,Total,3,2,66.67,17066.0,14672.0,85.97,1,1,1,0,0,0
202604,50043,Neuquèn Pymes SGR,No Financiero,empresa,Empresas,14,9,64.29,76462.0,73066.0,95.56,5,7,1,0,1,0
202604,50043,Neuquèn Pymes SGR,No Financiero,persona_fisica,Familias,7,5,71.43,32436.0,31942.0,98.48,2,4,0,1,0,0
202604,50043,Neuquèn Pymes SGR,No Financiero,total,Total,21,14,66.67,108898.0,105008.0,96.43,7,11,1,1,1,0
202604,50044,Trend SGR,No Financiero,empresa,Empresas,8,8,100.00,233808.0,233808.0,100.00,0,3,3,0,2,0
202604,50044,Trend SGR,No Financiero,total,Total,8,8,100.00,233808.0,233808.0,100.00,0,3,3,0,2,0
202604,50046,Argentina Ciudad S.G.R.,No Financiero,empresa,Empresas,22,17,77.27,432194.0,418167.0,96.75,5,5,5,7,0,0
202604,50046,Argentina Ciudad S.G.R.,No Financiero,persona_fisica,Familias,23,19,82.61,49843.0,48594.0,97.49,4,4,4,8,3,0
202604,50046,Argentina Ciudad S.G.R.,No Financiero,total,Total,45,36,80.00,482037.0,466761.0,96.83,9,9,9,15,3,0
202604,50047,Patagonia S.G.R.,No Financiero,empresa,Empresas,11,8,72.73,137146.0,128101.0,93.40,3,1,4,3,0,0
202604,50047,Patagonia S.G.R.,No Financiero,persona_fisica,Familias,2,1,50.00,19158.0,18854.0,98.41,1,0,0,1,0,0
202604,50047,Patagonia S.G.R.,No Financiero,total,Total,13,9,69.23,156304.0,146955.0,94.02,4,1,4,4,0,0
202604,50048,Zofinger S.G.R.,No Financiero,empresa,Empresas,2,2,100.00,171779.0,171779.0,100.00,0,2,0,0,0,0
202604,50048,Zofinger S.G.R.,No Financiero,total,Total,2,2,100.00,171779.0,171779.0,100.00,0,2,0,0,0,0
202604,51001,FONDO DE GARANTÍAS BUENOS AIRES SAPEM (FOGABA SAPEM),No Financiero,empresa,Empresas,585,529,90.43,15254825.0,13410326.0,87.91,56,48,38,58,385,0
202604,51001,FONDO DE GARANTÍAS BUENOS AIRES SAPEM (FOGABA SAPEM),No Financiero,persona_fisica,Familias,2655,2209,83.20,21394045.0,17300010.0,80.86,446,362,690,416,741,0
202604,51001,FONDO DE GARANTÍAS BUENOS AIRES SAPEM (FOGABA SAPEM),No Financiero,total,Total,3240,2738,84.51,36648870.0,30710336.0,83.80,502,410,728,474,1126,0
202604,51002,FONDO DE GARANTÍAS DEL CHACO (FOGACH),No Financiero,empresa,Empresas,4,2,50.00,8220.0,444.0,5.40,2,1,0,0,1,0
202604,51002,FONDO DE GARANTÍAS DEL CHACO (FOGACH),No Financiero,persona_fisica,Familias,10,10,100.00,44230.0,44230.0,100.00,0,2,2,1,5,0
202604,51002,FONDO DE GARANTÍAS DEL CHACO (FOGACH),No Financiero,total,Total,14,12,85.71,52450.0,44674.0,85.17,2,3,2,1,6,0
202604,51003,FONDO DE GARANTÍAS ARGENTINO,No Financiero,empresa,Empresas,277,277,100.00,538210.0,538210.0,100.00,0,0,1,7,269,0
202604,51003,FONDO DE GARANTÍAS ARGENTINO,No Financiero,persona_fisica,Familias,55811,55811,100.00,12534264.0,12534264.0,100.00,0,3,534,3357,51917,0
202604,51003,FONDO DE GARANTÍAS ARGENTINO,No Financiero,total,Total,56088,56088,100.00,13072474.0,13072474.0,100.00,0,3,535,3364,52186,0
202604,51004,Fondo de Garantía Público La Rioja Sociedad Anónima Unipersonal,No Financiero,empresa,Empresas,11,9,81.82,91494.0,88976.0,97.25,2,5,2,1,1,0
202604,51004,Fondo de Garantía Público La Rioja Sociedad Anónima Unipersonal,No Financiero,persona_fisica,Familias,187,172,91.98,1255648.0,1218484.0,97.04,15,37,30,39,66,0
202604,51004,Fondo de Garantía Público La Rioja Sociedad Anónima Unipersonal,No Financiero,total,Total,198,181,91.41,1347142.0,1307460.0,97.05,17,42,32,40,67,0
202604,51007,Fideicomiso de Afectación Específica para Garantizar Pymes No Sujetas,No Financiero,empresa,Empresas,1,1,100.00,21783.0,21783.0,100.00,0,0,1,0,0,0
202604,51007,Fideicomiso de Afectación Específica para Garantizar Pymes No Sujetas,No Financiero,persona_fisica,Familias,1,1,100.00,17257.0,17257.0,100.00,0,0,0,1,0,0
202604,51007,Fideicomiso de Afectación Específica para Garantizar Pymes No Sujetas,No Financiero,total,Total,2,2,100.00,39040.0,39040.0,100.00,0,0,1,1,0,0
202604,51009,Fideicomiso de Garantías Pampeanas (FoGaPam),No Financiero,empresa,Empresas,6,5,83.33,313778.0,276351.0,88.07,1,0,1,1,3,0
202604,51009,Fideicomiso de Garantías Pampeanas (FoGaPam),No Financiero,persona_fisica,Familias,47,44,93.62,469815.0,464268.0,98.82,3,1,8,8,27,0
202604,51009,Fideicomiso de Garantías Pampeanas (FoGaPam),No Financiero,total,Total,53,49,92.45,783593.0,740619.0,94.52,4,1,9,9,30,0
202604,51011,FONDO DE GARANTIA CFI,No Financiero,empresa,Empresas,1,1,100.00,457124.0,457124.0,100.00,0,0,0,1,0,0
202604,51011,FONDO DE GARANTIA CFI,No Financiero,total,Total,1,1,100.00,457124.0,457124.0,100.00,0,0,0,1,0,0
202604,51012,"Fondo específico de riesgo fiduciario de la ""Provincia de Santa Fe""",No Financiero,empresa,Empresas,7,7,100.00,32584.0,32584.0,100.00,0,0,2,1,4,0
202604,51012,"Fondo específico de riesgo fiduciario de la ""Provincia de Santa Fe""",No Financiero,persona_fisica,Familias,5,5,100.00,21673.0,21673.0,100.00,0,2,1,0,2,0
202604,51012,"Fondo específico de riesgo fiduciario de la ""Provincia de Santa Fe""",No Financiero,total,Total,12,12,100.00,54257.0,54257.0,100.00,0,2,3,1,6,0
202604,51013,"Fondo de Garantías para el desarrollo de las Micro, Pequeñas y Mediana",No Financiero,persona_fisica,Familias,1,1,100.00,11779.0,11779.0,100.00,0,1,0,0,0,0
202604,51013,"Fondo de Garantías para el desarrollo de las Micro, Pequeñas y Mediana",No Financiero,total,Total,1,1,100.00,11779.0,11779.0,100.00,0,1,0,0,0,0
202604,51016,Fondo de Garantía Río Negro (FoGaRío),No Financiero,persona_fisica,Familias,1,0,0.00,928.0,0.0,0.00,1,0,0,0,0,0
202604,51016,Fondo de Garantía Río Negro (FoGaRío),No Financiero,total,Total,1,0,0.00,928.0,0.0,0.00,1,0,0,0,0,0
202604,55001,Accicom S.A.,No Financiero,persona_fisica,Familias,6138,4025,65.58,1579035.0,1127639.0,71.41,2113,540,609,984,1892,0
202604,55001,Accicom S.A.,No Financiero,total,Total,6138,4025,65.58,1579035.0,1127639.0,71.41,2113,540,609,984,1892,0
202604,55002,AMEPORT Mutual del Personal del Estado Nacional Provincial Municipal y,No Financiero,persona_fisica,Familias,13823,4257,30.80,17243310.0,4425396.0,25.66,9566,991,1153,1111,1002,0
202604,55002,AMEPORT Mutual del Personal del Estado Nacional Provincial Municipal y,No Financiero,total,Total,13823,4257,30.80,17243310.0,4425396.0,25.66,9566,991,1153,1111,1002,0
202604,55003,Asociación Mutual Centro Litoral,No Financiero,persona_fisica,Familias,988,539,54.55,937465.0,299313.0,31.93,449,30,42,231,236,0
202604,55003,Asociación Mutual Centro Litoral,No Financiero,total,Total,988,539,54.55,937465.0,299313.0,31.93,449,30,42,231,236,0
202604,55004,Asociación Mutual de la Economía Solidaria,No Financiero,persona_fisica,Familias,2382,814,34.17,5602246.0,1419650.0,25.34,1568,81,110,200,423,0
202604,55004,Asociación Mutual de la Economía Solidaria,No Financiero,total,Total,2382,814,34.17,5602246.0,1419650.0,25.34,1568,81,110,200,423,0
202604,55005,Asociación Mutual de las Fuerzas Armadas y Seguridad (AMFAYS),No Financiero,persona_fisica,Familias,11309,3742,33.09,14772941.0,3485549.0,23.59,7567,228,265,653,2596,0
202604,55005,Asociación Mutual de las Fuerzas Armadas y Seguridad (AMFAYS),No Financiero,total,Total,11309,3742,33.09,14772941.0,3485549.0,23.59,7567,228,265,653,2596,0
202604,55006,Asociación Mutual del Litoral 17 de Enero,No Financiero,empresa,Empresas,1,0,0.00,18000.0,0.0,0.00,1,0,0,0,0,0
202604,55006,Asociación Mutual del Litoral 17 de Enero,No Financiero,persona_fisica,Familias,1940,568,29.28,4699431.0,1081755.0,23.02,1372,140,159,140,129,0
202604,55006,Asociación Mutual del Litoral 17 de Enero,No Financiero,total,Total,1941,568,29.26,4717431.0,1081755.0,22.93,1373,140,159,140,129,0
202604,55008,Asociación Mutual Unión Solidaria,No Financiero,persona_fisica,Familias,26934,7063,26.22,24803386.0,9282917.0,37.43,19871,1777,1050,2863,1373,0
202604,55008,Asociación Mutual Unión Solidaria,No Financiero,total,Total,26934,7063,26.22,24803386.0,9282917.0,37.43,19871,1777,1050,2863,1373,0
202604,55009,Carsa S.A.,No Financiero,persona_fisica,Familias,63469,32837,51.74,26886187.0,15634690.0,58.15,30632,3915,3090,6288,19544,0
202604,55009,Carsa S.A.,No Financiero,total,Total,63469,32837,51.74,26886187.0,15634690.0,58.15,30632,3915,3090,6288,19544,0
202604,55011,Cetrogar S.A.,No Financiero,persona_fisica,Familias,164919,77398,46.93,123743235.0,75660208.0,61.14,87521,12360,10250,18343,36445,0
202604,55011,Cetrogar S.A.,No Financiero,total,Total,164919,77398,46.93,123743235.0,75660208.0,61.14,87521,12360,10250,18343,36445,0
202604,55012,CFN SRL,No Financiero,persona_fisica,Familias,353201,193428,54.76,480695465.0,291509962.0,60.64,159773,21845,22155,55869,93559,0
202604,55012,CFN SRL,No Financiero,total,Total,353201,193428,54.76,480695465.0,291509962.0,60.64,159773,21845,22155,55869,93559,0
202604,55013,Cierto Argentina S.A.,No Financiero,persona_fisica,Familias,17064,8345,48.90,17056266.0,6094783.0,35.73,8719,670,830,1356,5489,0
202604,55013,Cierto Argentina S.A.,No Financiero,total,Total,17064,8345,48.90,17056266.0,6094783.0,35.73,8719,670,830,1356,5489,0
202604,55015,Coppel S.A.,No Financiero,persona_fisica,Familias,43052,21453,49.83,55206190.0,33141219.0,60.03,21599,3606,3153,5439,9255,0
202604,55015,Coppel S.A.,No Financiero,total,Total,43052,21453,49.83,55206190.0,33141219.0,60.03,21599,3606,3153,5439,9255,0
202604,55017,"Cooperativa de Crédito, Consumo y Servicios Sociales La Plata Ltda.",No Financiero,persona_fisica,Familias,39707,8507,21.42,27638968.0,5672163.0,20.52,31200,2008,2545,2674,1280,0
202604,55017,"Cooperativa de Crédito, Consumo y Servicios Sociales La Plata Ltda.",No Financiero,total,Total,39707,8507,21.42,27638968.0,5672163.0,20.52,31200,2008,2545,2674,1280,0
202604,55018,Cooperativa de Provisión de Obras y Servicios Publicos y de Créditos C,No Financiero,persona_fisica,Familias,1969,591,30.02,1463853.0,379985.0,25.96,1378,117,148,187,139,0
202604,55018,Cooperativa de Provisión de Obras y Servicios Publicos y de Créditos C,No Financiero,total,Total,1969,591,30.02,1463853.0,379985.0,25.96,1378,117,148,187,139,0
202604,55020,"Palmares Cooperativa de Vivienda, Crédito, Consumo y Servicios Sociale",No Financiero,persona_fisica,Familias,7654,1661,21.70,9280648.0,1269637.0,13.68,5993,293,160,200,1008,0
202604,55020,"Palmares Cooperativa de Vivienda, Crédito, Consumo y Servicios Sociale",No Financiero,total,Total,7654,1661,21.70,9280648.0,1269637.0,13.68,5993,293,160,200,1008,0
202604,55023,Credifácil S.A.F. y M.,No Financiero,persona_fisica,Familias,41127,31204,75.87,11697905.0,8056101.0,68.87,9923,1951,3217,5658,20378,0
202604,55023,Credifácil S.A.F. y M.,No Financiero,total,Total,41127,31204,75.87,11697905.0,8056101.0,68.87,9923,1951,3217,5658,20378,0
202604,55024,CREDICUOTAS CONSUMO S.A.,No Financiero,persona_fisica,Familias,325352,146213,44.94,460487495.0,195606476.0,42.48,179139,21965,14328,57850,52070,0
202604,55024,CREDICUOTAS CONSUMO S.A.,No Financiero,total,Total,325352,146213,44.94,460487495.0,195606476.0,42.48,179139,21965,14328,57850,52070,0
202604,55025,Cuotitas S.A.,No Financiero,persona_fisica,Familias,18085,11444,63.28,19527244.0,13253108.0,67.87,6641,1076,1488,2987,5893,0
202604,55025,Cuotitas S.A.,No Financiero,total,Total,18085,11444,63.28,19527244.0,13253108.0,67.87,6641,1076,1488,2987,5893,0
202604,55026,Decréditos S.A.,No Financiero,persona_fisica,Familias,553,275,49.73,3371216.0,1185538.0,35.17,278,64,21,52,138,0
202604,55026,Decréditos S.A.,No Financiero,total,Total,553,275,49.73,3371216.0,1185538.0,35.17,278,64,21,52,138,0
202604,55027,ELECTRONICA MEGATONE SRL,No Financiero,persona_fisica,Familias,346275,149300,43.12,325918677.0,193288916.0,59.31,196975,20773,21256,40106,67165,0
202604,55027,ELECTRONICA MEGATONE SRL,No Financiero,total,Total,346275,149300,43.12,325918677.0,193288916.0,59.31,196975,20773,21256,40106,67165,0
202604,55028,Favanet S.A.,No Financiero,persona_fisica,Familias,35576,17677,49.69,34260406.0,17272616.0,50.42,17899,2292,2091,4555,8739,0
202604,55028,Favanet S.A.,No Financiero,total,Total,35576,17677,49.69,34260406.0,17272616.0,50.42,17899,2292,2091,4555,8739,0
202604,55030,Fravega S.A.C.I. e I.,No Financiero,persona_fisica,Familias,110510,55050,49.81,108226086.0,68045918.0,62.87,55460,9840,11951,18569,14690,0
202604,55030,Fravega S.A.C.I. e I.,No Financiero,total,Total,110510,55050,49.81,108226086.0,68045918.0,62.87,55460,9840,11951,18569,14690,0
202604,55034,Hogar Total S.A.,No Financiero,persona_fisica,Familias,18340,3600,19.63,11846889.0,2003010.0,16.91,14740,50,688,1093,1769,0
202604,55034,Hogar Total S.A.,No Financiero,total,Total,18340,3600,19.63,11846889.0,2003010.0,16.91,14740,50,688,1093,1769,0
202604,55041,Naldo Lombardi S.A.,No Financiero,empresa,Empresas,481,58,12.06,962151.0,69346.0,7.21,423,28,8,7,15,0
202604,55041,Naldo Lombardi S.A.,No Financiero,persona_fisica,Familias,281660,114373,40.61,262902150.0,99085539.0,37.69,167287,19763,16152,25083,53375,0
202604,55041,Naldo Lombardi S.A.,No Financiero,total,Total,282141,114431,40.56,263864301.0,99154885.0,37.58,167710,19791,16160,25090,53390,0
202604,55043,Provincia Leasing S.A.,No Financiero,empresa,Empresas,261,15,5.75,69228016.0,2531514.0,3.66,246,6,7,2,0,0
202604,55043,Provincia Leasing S.A.,No Financiero,persona_fisica,Familias,21,4,19.05,1247790.0,385065.0,30.86,17,2,0,0,2,0
202604,55043,Provincia Leasing S.A.,No Financiero,total,Total,282,19,6.74,70475806.0,2916579.0,4.14,263,8,7,2,2,0
202604,55049,Surfinan S.A.,No Financiero,persona_fisica,Familias,1548,1329,85.85,394945.0,354404.0,89.74,219,20,36,97,1176,0
202604,55049,Surfinan S.A.,No Financiero,total,Total,1548,1329,85.85,394945.0,354404.0,89.74,219,20,36,97,1176,0
202604,55052,Asociación Mututal 18 de Julio,No Financiero,empresa,Empresas,24,12,50.00,3436168.0,933587.0,27.17,12,1,0,3,8,0
202604,55052,Asociación Mututal 18 de Julio,No Financiero,persona_fisica,Familias,9225,2320,25.15,45201443.0,10987481.0,24.31,6905,1079,490,267,484,0
202604,55052,Asociación Mututal 18 de Julio,No Financiero,total,Total,9249,2332,25.21,48637611.0,11921068.0,24.51,6917,1080,490,270,492,0
202604,55054,Crédito Directo S.A.,No Financiero,persona_fisica,Familias,117203,58328,49.77,136773009.0,66537146.0,48.65,58875,7029,8946,18790,23563,0
202604,55054,Crédito Directo S.A.,No Financiero,total,Total,117203,58328,49.77,136773009.0,66537146.0,48.65,58875,7029,8946,18790,23563,0
202604,55057,Mutual Integral de Servicios,No Financiero,persona_fisica,Familias,1339,152,11.35,3614805.0,254049.0,7.03,1187,41,15,18,78,0
202604,55057,Mutual Integral de Servicios,No Financiero,total,Total,1339,152,11.35,3614805.0,254049.0,7.03,1187,41,15,18,78,0
202604,55063,Uninverc S.A.,No Financiero,empresa,Empresas,37,7,18.92,1039175.0,121547.0,11.70,30,4,0,3,0,0
202604,55063,Uninverc S.A.,No Financiero,persona_fisica,Familias,6514,524,8.04,60282196.0,4149395.0,6.88,5990,287,92,67,78,0
202604,55063,Uninverc S.A.,No Financiero,total,Total,6551,531,8.11,61321371.0,4270942.0,6.96,6020,291,92,70,78,0
202604,55068,Hendel Hogar S.A.,No Financiero,empresa,Empresas,23,0,0.00,66693.0,0.0,0.00,23,0,0,0,0,0
202604,55068,Hendel Hogar S.A.,No Financiero,persona_fisica,Familias,23643,10544,44.60,12373557.0,4628601.0,37.41,13099,177,250,2074,8043,0
202604,55068,Hendel Hogar S.A.,No Financiero,total,Total,23666,10544,44.55,12440250.0,4628601.0,37.21,13122,177,250,2074,8043,0
202604,55073,Oportunidad Microfinanciera Latinoamericana OMLA S.A.,No Financiero,persona_fisica,Familias,2814,673,23.92,3268289.0,853446.0,26.11,2141,128,90,68,387,0
202604,55073,Oportunidad Microfinanciera Latinoamericana OMLA S.A.,No Financiero,total,Total,2814,673,23.92,3268289.0,853446.0,26.11,2141,128,90,68,387,0
202604,55075,IDUN INVERSIONES S.A.,No Financiero,persona_fisica,Familias,1392,1302,93.53,434022.0,378750.0,87.27,90,2,166,191,943,0
202604,55075,IDUN INVERSIONES S.A.,No Financiero,total,Total,1392,1302,93.53,434022.0,378750.0,87.27,90,2,166,191,943,0
202604,55076,Grupo Prestafácil S.A.,No Financiero,persona_fisica,Familias,3052,288,9.44,4389495.0,385548.0,8.78,2764,48,37,35,168,0
202604,55076,Grupo Prestafácil S.A.,No Financiero,total,Total,3052,288,9.44,4389495.0,385548.0,8.78,2764,48,37,35,168,0
202604,55077,Asociación Mutual de Escribanos,No Financiero,empresa,Empresas,1,0,0.00,4820.0,0.0,0.00,1,0,0,0,0,0
202604,55077,Asociación Mutual de Escribanos,No Financiero,persona_fisica,Familias,1889,641,33.93,1821713.0,476650.0,26.16,1248,70,60,204,307,0
202604,55077,Asociación Mutual de Escribanos,No Financiero,total,Total,1890,641,33.92,1826533.0,476650.0,26.10,1249,70,60,204,307,0
202604,55080,DAP Cooperativa de Crédito y Consumo Ltda.,No Financiero,persona_fisica,Familias,11714,5159,44.04,8583854.0,1501220.0,17.49,6555,423,368,399,3969,0
202604,55080,DAP Cooperativa de Crédito y Consumo Ltda.,No Financiero,total,Total,11714,5159,44.04,8583854.0,1501220.0,17.49,6555,423,368,399,3969,0
202604,55083,AGL CAPITAL S.A.,No Financiero,persona_fisica,Familias,4709,1752,37.21,6340191.0,2728734.0,43.04,2957,558,138,259,797,0
202604,55083,AGL CAPITAL S.A.,No Financiero,total,Total,4709,1752,37.21,6340191.0,2728734.0,43.04,2957,558,138,259,797,0
202604,55085,Moni Online S.A.,No Financiero,persona_fisica,Familias,96282,59425,61.72,45752674.0,27919957.0,61.02,36857,5725,6924,13039,33737,0
202604,55085,Moni Online S.A.,No Financiero,total,Total,96282,59425,61.72,45752674.0,27919957.0,61.02,36857,5725,6924,13039,33737,0
202604,55086,Asociación Mutual Asis,No Financiero,persona_fisica,Familias,5170,2013,38.94,2972110.0,678914.0,22.84,3157,230,353,548,882,0
202604,55086,Asociación Mutual Asis,No Financiero,total,Total,5170,2013,38.94,2972110.0,678914.0,22.84,3157,230,353,548,882,0
202604,55091,CREDIAR S.A.,No Financiero,persona_fisica,Familias,26977,18347,68.01,36570095.0,28722615.0,78.54,8630,1691,1799,3954,10903,0
202604,55091,CREDIAR S.A.,No Financiero,total,Total,26977,18347,68.01,36570095.0,28722615.0,78.54,8630,1691,1799,3954,10903,0
202604,55092,Dante Tanino Hogar S.A.,No Financiero,persona_fisica,Familias,2852,598,20.97,1142655.0,176912.0,15.48,2254,3,184,210,201,0
202604,55092,Dante Tanino Hogar S.A.,No Financiero,total,Total,2852,598,20.97,1142655.0,176912.0,15.48,2254,3,184,210,201,0
202604,55094,Genesys S.A.,No Financiero,persona_fisica,Familias,1980,0,0.00,1485886.0,0.0,0.00,1980,0,0,0,0,0
202604,55094,Genesys S.A.,No Financiero,total,Total,1980,0,0.00,1485886.0,0.0,0.00,1980,0,0,0,0,0
202604,55095,CRENAC S.A.,No Financiero,persona_fisica,Familias,5863,3680,62.77,2642890.0,1726178.0,65.31,2183,307,391,675,2307,0
202604,55095,CRENAC S.A.,No Financiero,total,Total,5863,3680,62.77,2642890.0,1726178.0,65.31,2183,307,391,675,2307,0
202604,55096,FINANCIACIONES CUYO S.A.,No Financiero,persona_fisica,Familias,21870,14054,64.26,5076582.0,2848662.0,56.11,7816,1357,1387,3203,8107,0
202604,55096,FINANCIACIONES CUYO S.A.,No Financiero,total,Total,21870,14054,64.26,5076582.0,2848662.0,56.11,7816,1357,1387,3203,8107,0
202604,55098,CONSUMO S.A.,No Financiero,persona_fisica,Familias,5165,3734,72.29,6618271.0,5521375.0,83.43,1431,295,444,1017,1978,0
202604,55098,CONSUMO S.A.,No Financiero,total,Total,5165,3734,72.29,6618271.0,5521375.0,83.43,1431,295,444,1017,1978,0
202604,55100,BAZAR AVENIDA S.A.,No Financiero,persona_fisica,Familias,80219,46804,58.35,77986351.0,57743307.0,74.04,33415,4304,4814,11203,26483,0
202604,55100,BAZAR AVENIDA S.A.,No Financiero,total,Total,80219,46804,58.35,77986351.0,57743307.0,74.04,33415,4304,4814,11203,26483,0
202604,55105,Ceibo Créditos S.A.,No Financiero,persona_fisica,Familias,27812,9845,35.40,53275168.0,21108192.0,39.62,17967,2141,3176,4475,53,0
202604,55105,Ceibo Créditos S.A.,No Financiero,total,Total,27812,9845,35.40,53275168.0,21108192.0,39.62,17967,2141,3176,4475,53,0
202604,55107,ARGENCRED S.A.,No Financiero,persona_fisica,Familias,95251,54948,57.69,34063675.0,21274950.0,62.46,40303,4941,6950,13949,29108,0
202604,55107,ARGENCRED S.A.,No Financiero,total,Total,95251,54948,57.69,34063675.0,21274950.0,62.46,40303,4941,6950,13949,29108,0
202604,55111,Clank S.A.,No Financiero,persona_fisica,Familias,2538,1014,39.95,2496515.0,671306.0,26.89,1524,138,40,71,765,0
202604,55111,Clank S.A.,No Financiero,total,Total,2538,1014,39.95,2496515.0,671306.0,26.89,1524,138,40,71,765,0
202604,55115,Asociación Mutual Desarrollo Regional,No Financiero,empresa,Empresas,14,2,14.29,1115123.0,35857.0,3.22,12,1,0,0,1,0
202604,55115,Asociación Mutual Desarrollo Regional,No Financiero,persona_fisica,Familias,2895,695,24.01,5476896.0,1054636.0,19.26,2200,116,126,111,342,0
202604,55115,Asociación Mutual Desarrollo Regional,No Financiero,total,Total,2909,697,23.96,6592019.0,1090493.0,16.54,2212,117,126,111,343,0
202604,55120,Ebucar S.A.,No Financiero,persona_fisica,Familias,1986,757,38.12,2544507.0,480612.0,18.89,1229,67,75,125,490,0
202604,55120,Ebucar S.A.,No Financiero,total,Total,1986,757,38.12,2544507.0,480612.0,18.89,1229,67,75,125,490,0
202604,55121,Asociación Mutual Malvinas Argentinas,No Financiero,persona_fisica,Familias,5711,2997,52.48,3624470.0,1520495.0,41.95,2714,322,377,543,1755,0
202604,55121,Asociación Mutual Malvinas Argentinas,No Financiero,total,Total,5711,2997,52.48,3624470.0,1520495.0,41.95,2714,322,377,543,1755,0
202604,55123,"Cooperativa 2001 de Vivienda, Crédito y Consumo Ltda.",No Financiero,persona_fisica,Familias,2722,414,15.21,2289162.0,177346.0,7.75,2308,2,9,36,367,0
202604,55123,"Cooperativa 2001 de Vivienda, Crédito y Consumo Ltda.",No Financiero,total,Total,2722,414,15.21,2289162.0,177346.0,7.75,2308,2,9,36,367,0
202604,55124,Plusrasgo S.A.,No Financiero,persona_fisica,Familias,1206,34,2.82,2492391.0,44162.0,1.77,1172,0,7,6,21,0
202604,55124,Plusrasgo S.A.,No Financiero,total,Total,1206,34,2.82,2492391.0,44162.0,1.77,1172,0,7,6,21,0
202604,55125,"Cooperativa de Vivienda, Crédito, Consumo y Servicios Sociales Candela",No Financiero,persona_fisica,Familias,2518,253,10.05,2519442.0,331242.0,13.15,2265,70,54,87,42,0
202604,55125,"Cooperativa de Vivienda, Crédito, Consumo y Servicios Sociales Candela",No Financiero,total,Total,2518,253,10.05,2519442.0,331242.0,13.15,2265,70,54,87,42,0
202604,55128,Crediser Argentina S.A.,No Financiero,persona_fisica,Familias,4412,4201,95.22,1071111.0,994320.0,92.83,211,191,255,467,3288,0
202604,55128,Crediser Argentina S.A.,No Financiero,total,Total,4412,4201,95.22,1071111.0,994320.0,92.83,211,191,255,467,3288,0
202604,55132,TIENDAJUBILO S.A.,No Financiero,persona_fisica,Familias,18260,2681,14.68,9888615.0,1795530.0,18.16,15579,432,682,1137,430,0
202604,55132,TIENDAJUBILO S.A.,No Financiero,total,Total,18260,2681,14.68,9888615.0,1795530.0,18.16,15579,432,682,1137,430,0
202604,55133,Rotas S.A.,No Financiero,empresa,Empresas,59,8,13.56,3851982.0,100194.0,2.60,51,3,2,2,1,0
202604,55133,Rotas S.A.,No Financiero,persona_fisica,Familias,829,817,98.55,233809.0,73481.0,31.43,12,0,1,0,816,0
202604,55133,Rotas S.A.,No Financiero,total,Total,888,825,92.91,4085791.0,173675.0,4.25,63,3,3,2,817,0
202604,55134,MAXIHOGAR SRL,No Financiero,persona_fisica,Familias,4173,3214,77.02,854538.0,354640.0,41.50,959,46,72,109,2987,0
202604,55134,MAXIHOGAR SRL,No Financiero,total,Total,4173,3214,77.02,854538.0,354640.0,41.50,959,46,72,109,2987,0
202604,55136,Vento Capital S.A.,No Financiero,empresa,Empresas,11,2,18.18,1143310.0,21070.0,1.84,9,0,0,0,2,0
202604,55136,Vento Capital S.A.,No Financiero,persona_fisica,Familias,8307,5073,61.07,8011353.0,4432352.0,55.33,3234,410,714,1552,2397,0
202604,55136,Vento Capital S.A.,No Financiero,total,Total,8318,5075,61.01,9154663.0,4453422.0,48.65,3243,410,714,1552,2399,0
202604,55137,"Cooperativa de Crédito, Consumo, Vivienda y Servicios Sociales Videgar",No Financiero,persona_fisica,Familias,1838,814,44.29,685261.0,130790.0,19.09,1024,39,38,44,693,0
202604,55137,"Cooperativa de Crédito, Consumo, Vivienda y Servicios Sociales Videgar",No Financiero,total,Total,1838,814,44.29,685261.0,130790.0,19.09,1024,39,38,44,693,0
202604,55141,AD CREDITOS S.A.,No Financiero,persona_fisica,Familias,516,268,51.94,314217.0,109875.0,34.97,248,31,49,38,150,0
202604,55141,AD CREDITOS S.A.,No Financiero,total,Total,516,268,51.94,314217.0,109875.0,34.97,248,31,49,38,150,0
202604,55142,Emprendimiento La Luisina SRL,No Financiero,persona_fisica,Familias,46877,29661,63.27,25503767.0,13905057.0,54.52,17216,3129,3905,5553,17074,0
202604,55142,Emprendimiento La Luisina SRL,No Financiero,total,Total,46877,29661,63.27,25503767.0,13905057.0,54.52,17216,3129,3905,5553,17074,0
202604,55144,ASOCIACION MUTUAL 23 DE SEPTIEMBRE,No Financiero,empresa,Empresas,50,28,56.00,4888037.0,2044589.0,41.83,22,1,4,15,8,0
202604,55144,ASOCIACION MUTUAL 23 DE SEPTIEMBRE,No Financiero,persona_fisica,Familias,38,21,55.26,688754.0,536789.0,77.94,17,1,1,5,14,0
202604,55144,ASOCIACION MUTUAL 23 DE SEPTIEMBRE,No Financiero,total,Total,88,49,55.68,5576791.0,2581378.0,46.29,39,2,5,20,22,0
202604,55146,LIPACO MERCANTIL S.A.,No Financiero,persona_fisica,Familias,1462,128,8.76,675661.0,80576.0,11.93,1334,30,17,22,59,0
202604,55146,LIPACO MERCANTIL S.A.,No Financiero,total,Total,1462,128,8.76,675661.0,80576.0,11.93,1334,30,17,22,59,0
202604,55148,Collins S.A.,No Financiero,persona_fisica,Familias,13316,1990,14.94,18734723.0,2456495.0,13.11,11326,616,280,310,784,0
202604,55148,Collins S.A.,No Financiero,total,Total,13316,1990,14.94,18734723.0,2456495.0,13.11,11326,616,280,310,784,0
202604,55149,INDO S.A.,No Financiero,persona_fisica,Familias,50327,15218,30.24,11822013.0,3532845.0,29.88,35109,2911,2404,3896,6007,0
202604,55149,INDO S.A.,No Financiero,total,Total,50327,15218,30.24,11822013.0,3532845.0,29.88,35109,2911,2404,3896,6007,0
202604,55152,Asociación Mutual de protección Familiar,No Financiero,persona_fisica,Familias,16777,7508,44.75,8336601.0,4083415.0,48.98,9269,1323,1290,1841,3054,0
202604,55152,Asociación Mutual de protección Familiar,No Financiero,total,Total,16777,7508,44.75,8336601.0,4083415.0,48.98,9269,1323,1290,1841,3054,0
202604,55156,UNIGESTION SA,No Financiero,persona_fisica,Familias,5863,1285,21.92,4261519.0,612378.0,14.37,4578,246,217,318,504,0
202604,55156,UNIGESTION SA,No Financiero,total,Total,5863,1285,21.92,4261519.0,612378.0,14.37,4578,246,217,318,504,0
202604,55158,San Cristóbal Bienes Raíces S.A.,No Financiero,empresa,Empresas,62,25,40.32,5144282.0,2651577.0,51.54,37,4,2,17,2,0
202604,55158,San Cristóbal Bienes Raíces S.A.,No Financiero,persona_fisica,Familias,242,60,24.79,8106076.0,1766332.0,21.79,182,21,8,16,15,0
202604,55158,San Cristóbal Bienes Raíces S.A.,No Financiero,total,Total,304,85,27.96,13250358.0,4417909.0,33.34,219,25,10,33,17,0
202604,55160,"Arrayanes Cooperativa de Vivienda, Crédito y Consumo",No Financiero,persona_fisica,Familias,554,306,55.23,613599.0,318128.0,51.85,248,71,32,23,180,0
202604,55160,"Arrayanes Cooperativa de Vivienda, Crédito y Consumo",No Financiero,total,Total,554,306,55.23,613599.0,318128.0,51.85,248,71,32,23,180,0
202604,55162,Aquiprestamos.com S.A.,No Financiero,persona_fisica,Familias,1036,926,89.38,34965.0,27565.0,78.84,110,5,4,2,915,0
202604,55162,Aquiprestamos.com S.A.,No Financiero,total,Total,1036,926,89.38,34965.0,27565.0,78.84,110,5,4,2,915,0
202604,55166,Waynicoin S.A.,No Financiero,persona_fisica,Familias,67087,51077,76.14,63585569.0,52954299.0,83.28,16010,4547,4828,11569,30133,0
202604,55166,Waynicoin S.A.,No Financiero,total,Total,67087,51077,76.14,63585569.0,52954299.0,83.28,16010,4547,4828,11569,30133,0
202604,55170,"Cooperativa de Viv., Cred. y Con. Amigal Ltda.",No Financiero,empresa,Empresas,9,0,0.00,2288725.0,0.0,0.00,9,0,0,0,0,0
202604,55170,"Cooperativa de Viv., Cred. y Con. Amigal Ltda.",No Financiero,persona_fisica,Familias,2,1,50.00,379942.0,271626.0,71.49,1,0,0,0,1,0
202604,55170,"Cooperativa de Viv., Cred. y Con. Amigal Ltda.",No Financiero,total,Total,11,1,9.09,2668667.0,271626.0,10.18,10,0,0,0,1,0
202604,55175,"Cooperativa Interamericana de Credito, Vivienda y Consumo Limitada",No Financiero,empresa,Empresas,21,2,9.52,1059256.0,7245.0,0.68,19,0,0,2,0,0
202604,55175,"Cooperativa Interamericana de Credito, Vivienda y Consumo Limitada",No Financiero,persona_fisica,Familias,5,0,0.00,141647.0,0.0,0.00,5,0,0,0,0,0
202604,55175,"Cooperativa Interamericana de Credito, Vivienda y Consumo Limitada",No Financiero,total,Total,26,2,7.69,1200903.0,7245.0,0.60,24,0,0,2,0,0
202604,55176,Trend Capital S.A.,No Financiero,empresa,Empresas,112,24,21.43,22963934.0,1783023.0,7.76,88,5,11,3,5,0
202604,55176,Trend Capital S.A.,No Financiero,persona_fisica,Familias,9,2,22.22,209358.0,91507.0,43.71,7,0,0,1,1,0
202604,55176,Trend Capital S.A.,No Financiero,total,Total,121,26,21.49,23173292.0,1874530.0,8.09,95,5,11,4,6,0
202604,55177,"Catalinas Cooperativa de Crédito, Consumo y Vivienda Ltda.",No Financiero,empresa,Empresas,35,10,28.57,12438927.0,959364.0,7.71,25,1,4,1,4,0
202604,55177,"Catalinas Cooperativa de Crédito, Consumo y Vivienda Ltda.",No Financiero,persona_fisica,Familias,3,0,0.00,39873.0,0.0,0.00,3,0,0,0,0,0
202604,55177,"Catalinas Cooperativa de Crédito, Consumo y Vivienda Ltda.",No Financiero,total,Total,38,10,26.32,12478800.0,959364.0,7.69,28,1,4,1,4,0
202604,55178,Cooperativa de Crédito y Vivienda Unicred Ltda.,No Financiero,empresa,Empresas,72,11,15.28,30019612.0,1106559.0,3.69,61,0,2,3,6,0
202604,55178,Cooperativa de Crédito y Vivienda Unicred Ltda.,No Financiero,persona_fisica,Familias,3,0,0.00,31560.0,0.0,0.00,3,0,0,0,0,0
202604,55178,Cooperativa de Crédito y Vivienda Unicred Ltda.,No Financiero,total,Total,75,11,14.67,30051172.0,1106559.0,3.68,64,0,2,3,6,0
202604,55183,"Nobel Cooperativa de Crédito, Vivienda y Servicio de Transporte Ltda.",No Financiero,empresa,Empresas,13,1,7.69,1577605.0,8841.0,0.56,12,0,0,1,0,0
202604,55183,"Nobel Cooperativa de Crédito, Vivienda y Servicio de Transporte Ltda.",No Financiero,total,Total,13,1,7.69,1577605.0,8841.0,0.56,12,0,0,1,0,0
202604,55188,"Cooperativa de Vivienda, Crédito y Consumo del Litoral Ltda",No Financiero,empresa,Empresas,10,4,40.00,1364503.0,252173.0,18.48,6,0,1,1,2,0
202604,55188,"Cooperativa de Vivienda, Crédito y Consumo del Litoral Ltda",No Financiero,persona_fisica,Familias,1,0,0.00,82903.0,0.0,0.00,1,0,0,0,0,0
202604,55188,"Cooperativa de Vivienda, Crédito y Consumo del Litoral Ltda",No Financiero,total,Total,11,4,36.36,1447406.0,252173.0,17.42,7,0,1,1,2,0
202604,55189,Compañía General de Finanzas S.A.,No Financiero,empresa,Empresas,26,11,42.31,6019643.0,466746.0,7.75,15,0,2,1,8,0
202604,55189,Compañía General de Finanzas S.A.,No Financiero,persona_fisica,Familias,2,0,0.00,23737.0,0.0,0.00,2,0,0,0,0,0
202604,55189,Compañía General de Finanzas S.A.,No Financiero,total,Total,28,11,39.29,6043380.0,466746.0,7.72,17,0,2,1,8,0
202604,55190,Gestisur Cooperativa de crédito y vivienda Ltda,No Financiero,empresa,Empresas,12,0,0.00,1406183.0,0.0,0.00,12,0,0,0,0,0
202604,55190,Gestisur Cooperativa de crédito y vivienda Ltda,No Financiero,persona_fisica,Familias,7,0,0.00,55473.0,0.0,0.00,7,0,0,0,0,0
202604,55190,Gestisur Cooperativa de crédito y vivienda Ltda,No Financiero,total,Total,19,0,0.00,1461656.0,0.0,0.00,19,0,0,0,0,0
202604,55192,G Y F Factoring S.A.,No Financiero,empresa,Empresas,21,0,0.00,61620.0,0.0,0.00,21,0,0,0,0,0
202604,55192,G Y F Factoring S.A.,No Financiero,persona_fisica,Familias,12,0,0.00,35631.0,0.0,0.00,12,0,0,0,0,0
202604,55192,G Y F Factoring S.A.,No Financiero,total,Total,33,0,0.00,97251.0,0.0,0.00,33,0,0,0,0,0
202604,55194,Policredito Coop. Limitada de Crédito y Vivienda.,No Financiero,empresa,Empresas,30,6,20.00,264411.0,760.0,0.29,24,0,0,0,6,0
202604,55194,Policredito Coop. Limitada de Crédito y Vivienda.,No Financiero,persona_fisica,Familias,7,0,0.00,37811.0,0.0,0.00,7,0,0,0,0,0
202604,55194,Policredito Coop. Limitada de Crédito y Vivienda.,No Financiero,total,Total,37,6,16.22,302222.0,760.0,0.25,31,0,0,0,6,0
202604,55195,Libertador Factoring S.A.,No Financiero,empresa,Empresas,35,17,48.57,6933323.0,393220.0,5.67,18,2,1,0,14,0
202604,55195,Libertador Factoring S.A.,No Financiero,persona_fisica,Familias,1,0,0.00,15159.0,0.0,0.00,1,0,0,0,0,0
202604,55195,Libertador Factoring S.A.,No Financiero,total,Total,36,17,47.22,6948482.0,393220.0,5.66,19,2,1,0,14,0
202604,55196,Cooperativa Concred de crédito y vivienda Ltda.,No Financiero,empresa,Empresas,31,1,3.23,1371667.0,88.0,0.01,30,0,1,0,0,0
202604,55196,Cooperativa Concred de crédito y vivienda Ltda.,No Financiero,persona_fisica,Familias,5,0,0.00,58164.0,0.0,0.00,5,0,0,0,0,0
202604,55196,Cooperativa Concred de crédito y vivienda Ltda.,No Financiero,total,Total,36,1,2.78,1429831.0,88.0,0.01,35,0,1,0,0,0
202604,55197,"Invercoop Cooperativa de Crédito, Consumo y Vivienda Limitada",No Financiero,empresa,Empresas,27,5,18.52,2895602.0,413899.0,14.29,22,0,1,0,4,0
202604,55197,"Invercoop Cooperativa de Crédito, Consumo y Vivienda Limitada",No Financiero,persona_fisica,Familias,8,3,37.50,1073564.0,369338.0,34.40,5,0,1,0,2,0
202604,55197,"Invercoop Cooperativa de Crédito, Consumo y Vivienda Limitada",No Financiero,total,Total,35,8,22.86,3969166.0,783237.0,19.73,27,0,2,0,6,0
202604,55198,Cooperativa de Vivienda Crédito y Consumo Concepción Limitada,No Financiero,empresa,Empresas,57,8,14.04,1726713.0,107736.0,6.24,49,0,4,1,3,0
202604,55198,Cooperativa de Vivienda Crédito y Consumo Concepción Limitada,No Financiero,persona_fisica,Familias,205,0,0.00,18501.0,0.0,0.00,205,0,0,0,0,0
202604,55198,Cooperativa de Vivienda Crédito y Consumo Concepción Limitada,No Financiero,total,Total,262,8,3.05,1745214.0,107736.0,6.17,254,0,4,1,3,0
202604,55200,"Cooperativa de Vivienda, Crédito y Consumo para el Desarrollo Ltda (CO",No Financiero,empresa,Empresas,6,5,83.33,292171.0,285031.0,97.56,1,0,0,4,1,0
202604,55200,"Cooperativa de Vivienda, Crédito y Consumo para el Desarrollo Ltda (CO",No Financiero,persona_fisica,Familias,3,2,66.67,22924.0,22769.0,99.32,1,0,0,2,0,0
202604,55200,"Cooperativa de Vivienda, Crédito y Consumo para el Desarrollo Ltda (CO",No Financiero,total,Total,9,7,77.78,315095.0,307800.0,97.68,2,0,0,6,1,0
202604,55201,Credit & Investment SRL,No Financiero,persona_fisica,Familias,165,86,52.12,294514.0,121201.0,41.15,79,12,21,12,41,0
202604,55201,Credit & Investment SRL,No Financiero,total,Total,165,86,52.12,294514.0,121201.0,41.15,79,12,21,12,41,0
202604,55202,Depsa Valores S.A.,No Financiero,empresa,Empresas,66,11,16.67,8227350.0,334626.0,4.07,55,2,5,3,1,0
202604,55202,Depsa Valores S.A.,No Financiero,persona_fisica,Familias,9,0,0.00,174219.0,0.0,0.00,9,0,0,0,0,0
202604,55202,Depsa Valores S.A.,No Financiero,total,Total,75,11,14.67,8401569.0,334626.0,3.98,64,2,5,3,1,0
202604,55204,Development Corp S.A.,No Financiero,empresa,Empresas,29,9,31.03,2580619.0,142770.0,5.53,20,0,2,0,7,0
202604,55204,Development Corp S.A.,No Financiero,persona_fisica,Familias,2,0,0.00,35362.0,0.0,0.00,2,0,0,0,0,0
202604,55204,Development Corp S.A.,No Financiero,total,Total,31,9,29.03,2615981.0,142770.0,5.46,22,0,2,0,7,0
202604,55207,Mills Capital S.A.,No Financiero,empresa,Empresas,20,17,85.00,808123.0,193942.0,24.00,3,2,0,0,15,0
202604,55207,Mills Capital S.A.,No Financiero,persona_fisica,Familias,4,4,100.00,2555.0,2555.0,100.00,0,0,0,0,4,0
202604,55207,Mills Capital S.A.,No Financiero,total,Total,24,21,87.50,810678.0,196497.0,24.24,3,2,0,0,19,0
202604,55208,GS Negocios S.A.,No Financiero,empresa,Empresas,15,9,60.00,2873792.0,1327398.0,46.19,6,0,1,1,7,0
202604,55208,GS Negocios S.A.,No Financiero,total,Total,15,9,60.00,2873792.0,1327398.0,46.19,6,0,1,1,7,0
202604,55213,Multiplycard S.A.,No Financiero,persona_fisica,Familias,35248,19371,54.96,17494386.0,9899874.0,56.59,15877,1720,2148,3529,11974,0
202604,55213,Multiplycard S.A.,No Financiero,total,Total,35248,19371,54.96,17494386.0,9899874.0,56.59,15877,1720,2148,3529,11974,0
202604,55214,Credinegocios Moscasil S.A.,No Financiero,persona_fisica,Familias,707,415,58.70,917159.0,382290.0,41.68,292,74,8,0,333,0
202604,55214,Credinegocios Moscasil S.A.,No Financiero,total,Total,707,415,58.70,917159.0,382290.0,41.68,292,74,8,0,333,0
202604,55219,Cooperativa de Vivienda Crédito y Consumo La Integradora Limitada,No Financiero,persona_fisica,Familias,9817,2172,22.12,950384.0,455728.0,47.95,7645,146,117,171,1738,0
202604,55219,Cooperativa de Vivienda Crédito y Consumo La Integradora Limitada,No Financiero,total,Total,9817,2172,22.12,950384.0,455728.0,47.95,7645,146,117,171,1738,0
202604,55222,BFA Inversiones y Finanzas S.A.,No Financiero,empresa,Empresas,5,0,0.00,67641.0,0.0,0.00,5,0,0,0,0,0
202604,55222,BFA Inversiones y Finanzas S.A.,No Financiero,persona_fisica,Familias,39,15,38.46,132019.0,59565.0,45.12,24,1,0,4,10,0
202604,55222,BFA Inversiones y Finanzas S.A.,No Financiero,total,Total,44,15,34.09,199660.0,59565.0,29.83,29,1,0,4,10,0
202604,55225,EXI S.A.,No Financiero,persona_fisica,Familias,41904,41904,100.00,16473749.0,16473749.0,100.00,0,0,974,6343,34587,0
202604,55225,EXI S.A.,No Financiero,total,Total,41904,41904,100.00,16473749.0,16473749.0,100.00,0,0,974,6343,34587,0
202604,55226,MSM Leasing S.A.,No Financiero,empresa,Empresas,8,1,12.50,1069530.0,45167.0,4.22,7,0,1,0,0,0
202604,55226,MSM Leasing S.A.,No Financiero,persona_fisica,Familias,5,1,20.00,143540.0,36076.0,25.13,4,0,1,0,0,0
202604,55226,MSM Leasing S.A.,No Financiero,total,Total,13,2,15.38,1213070.0,81243.0,6.70,11,0,2,0,0,0
202604,55227,Mutual Federada 25 de junio SPR,No Financiero,empresa,Empresas,64,14,21.88,2997782.0,643177.0,21.46,50,1,2,5,6,0
202604,55227,Mutual Federada 25 de junio SPR,No Financiero,persona_fisica,Familias,2519,269,10.68,6875296.0,706855.0,10.28,2250,69,51,12,137,0
202604,55227,Mutual Federada 25 de junio SPR,No Financiero,total,Total,2583,283,10.96,9873078.0,1350032.0,13.67,2300,70,53,17,143,0
202604,55234,"1° de Julio Cooperativa de Vivienda, Crédito y Consumo Ltda",No Financiero,persona_fisica,Familias,1,1,100.00,96.0,96.0,100.00,0,0,0,0,1,0
202604,55234,"1° de Julio Cooperativa de Vivienda, Crédito y Consumo Ltda",No Financiero,total,Total,1,1,100.00,96.0,96.0,100.00,0,0,0,0,1,0
202604,55235,Valerza S.A.,No Financiero,empresa,Empresas,2,2,100.00,91202.0,91202.0,100.00,0,0,0,0,2,0
202604,55235,Valerza S.A.,No Financiero,persona_fisica,Familias,1287,342,26.57,2319284.0,155350.0,6.70,945,21,80,48,193,0
202604,55235,Valerza S.A.,No Financiero,total,Total,1289,344,26.69,2410486.0,246552.0,10.23,945,21,80,48,195,0
202604,55241,Joamar S.A.,No Financiero,empresa,Empresas,11,1,9.09,3182340.0,59000.0,1.85,10,0,1,0,0,0
202604,55241,Joamar S.A.,No Financiero,persona_fisica,Familias,1,0,0.00,29917.0,0.0,0.00,1,0,0,0,0,0
202604,55241,Joamar S.A.,No Financiero,total,Total,12,1,8.33,3212257.0,59000.0,1.84,11,0,1,0,0,0
202604,55242,MG-Group S.A.,No Financiero,persona_fisica,Familias,7228,3077,42.57,17197711.0,6627716.0,38.54,4151,619,382,675,1401,0
202604,55242,MG-Group S.A.,No Financiero,total,Total,7228,3077,42.57,17197711.0,6627716.0,38.54,4151,619,382,675,1401,0
202604,55244,"Mutual del agro, la industria y el comercio de Santa Fe",No Financiero,empresa,Empresas,183,20,10.93,24834633.0,2075416.0,8.36,163,4,2,7,7,0
202604,55244,"Mutual del agro, la industria y el comercio de Santa Fe",No Financiero,persona_fisica,Familias,14163,5347,37.75,26854179.0,7295328.0,27.17,8816,976,1109,1315,1947,0
202604,55244,"Mutual del agro, la industria y el comercio de Santa Fe",No Financiero,total,Total,14346,5367,37.41,51688812.0,9370744.0,18.13,8979,980,1111,1322,1954,0
202604,55251,BR CAPITAL S.A.,No Financiero,empresa,Empresas,24,7,29.17,7602115.0,1258302.0,16.55,17,1,2,1,3,0
202604,55251,BR CAPITAL S.A.,No Financiero,persona_fisica,Familias,6,3,50.00,1302749.0,386141.0,29.64,3,0,0,1,2,0
202604,55251,BR CAPITAL S.A.,No Financiero,total,Total,30,10,33.33,8904864.0,1644443.0,18.47,20,1,2,2,5,0
202604,55255,DINEFA S.R.L.,No Financiero,persona_fisica,Familias,171,92,53.80,34228.0,18238.0,53.28,79,4,4,7,77,0
202604,55255,DINEFA S.R.L.,No Financiero,total,Total,171,92,53.80,34228.0,18238.0,53.28,79,4,4,7,77,0
202604,55256,MSA CREDITOS S.A.,No Financiero,persona_fisica,Familias,2729,2728,99.96,1114816.0,1114771.0,100.00,1,3,0,2,2723,0
202604,55256,MSA CREDITOS S.A.,No Financiero,total,Total,2729,2728,99.96,1114816.0,1114771.0,100.00,1,3,0,2,2723,0
202604,55265,CRE-DIN S. A.,No Financiero,persona_fisica,Familias,1514,1514,100.00,128603.0,128603.0,100.00,0,0,0,0,1514,0
202604,55265,CRE-DIN S. A.,No Financiero,total,Total,1514,1514,100.00,128603.0,128603.0,100.00,0,0,0,0,1514,0
202604,55266,CRÉDITO DEL VALLE S.A.,No Financiero,persona_fisica,Familias,511,511,100.00,68810.0,68810.0,100.00,0,0,0,0,511,0
202604,55266,CRÉDITO DEL VALLE S.A.,No Financiero,total,Total,511,511,100.00,68810.0,68810.0,100.00,0,0,0,0,511,0
202604,55267,ACUATRO S.A.,No Financiero,persona_fisica,Familias,319,319,100.00,29194.0,29194.0,100.00,0,0,0,0,319,0
202604,55267,ACUATRO S.A.,No Financiero,total,Total,319,319,100.00,29194.0,29194.0,100.00,0,0,0,0,319,0
202604,55273,INSIGHT GROUP SA,No Financiero,empresa,Empresas,6,2,33.33,118670.0,35166.0,29.63,4,0,0,0,2,0
202604,55273,INSIGHT GROUP SA,No Financiero,persona_fisica,Familias,227,24,10.57,418198.0,4145.0,0.99,203,0,0,5,19,0
202604,55273,INSIGHT GROUP SA,No Financiero,total,Total,233,26,11.16,536868.0,39311.0,7.32,207,0,0,5,21,0
202604,55282,MINS LFE SAS,No Financiero,persona_fisica,Familias,52794,46871,88.78,34740980.0,32399698.0,93.26,5923,2303,2836,12974,28758,0
202604,55282,MINS LFE SAS,No Financiero,total,Total,52794,46871,88.78,34740980.0,32399698.0,93.26,5923,2303,2836,12974,28758,0
202604,55283,S&S SOLUTIONS SA,No Financiero,empresa,Empresas,62,59,95.16,383711.0,340573.0,88.76,3,9,27,23,0,0
202604,55283,S&S SOLUTIONS SA,No Financiero,persona_fisica,Familias,120,114,95.00,275677.0,237503.0,86.15,6,16,38,60,0,0
202604,55283,S&S SOLUTIONS SA,No Financiero,total,Total,182,173,95.05,659388.0,578076.0,87.67,9,25,65,83,0,0
202604,55287,COBRO FACIL SRL,No Financiero,persona_fisica,Familias,1450,883,60.90,427116.0,229135.0,53.65,567,177,133,154,419,0
202604,55287,COBRO FACIL SRL,No Financiero,total,Total,1450,883,60.90,427116.0,229135.0,53.65,567,177,133,154,419,0
202604,55292,TRANSCON S.A.U.,No Financiero,persona_fisica,Familias,6,6,100.00,904.0,904.0,100.00,0,0,1,1,4,0
202604,55292,TRANSCON S.A.U.,No Financiero,total,Total,6,6,100.00,904.0,904.0,100.00,0,0,1,1,4,0
202604,55294,CREDITECH SA,No Financiero,persona_fisica,Familias,80859,36592,45.25,137743909.0,68000270.0,49.37,44267,6258,6760,12114,11460,0
202604,55294,CREDITECH SA,No Financiero,total,Total,80859,36592,45.25,137743909.0,68000270.0,49.37,44267,6258,6760,12114,11460,0
202604,55295,CREDITAM LIMITADA S.A.,No Financiero,persona_fisica,Familias,888,527,59.35,976689.0,220380.0,22.56,361,0,30,497,0,0
202604,55295,CREDITAM LIMITADA S.A.,No Financiero,total,Total,888,527,59.35,976689.0,220380.0,22.56,361,0,30,497,0,0
202604,55296,SANTANDER CONSUMER SA,No Financiero,empresa,Empresas,7,0,0.00,926374.0,0.0,0.00,7,0,0,0,0,0
202604,55296,SANTANDER CONSUMER SA,No Financiero,persona_fisica,Familias,271317,140371,51.74,214424428.0,119748577.0,55.85,130946,23642,29720,40986,46023,0
202604,55296,SANTANDER CONSUMER SA,No Financiero,total,Total,271324,140371,51.74,215350802.0,119748577.0,55.61,130953,23642,29720,40986,46023,0
202604,55298,ESPACIO DIGITAL S.A,No Financiero,persona_fisica,Familias,49993,39448,78.91,26782250.0,18858950.0,70.42,10545,2034,3036,9572,24806,0
202604,55298,ESPACIO DIGITAL S.A,No Financiero,total,Total,49993,39448,78.91,26782250.0,18858950.0,70.42,10545,2034,3036,9572,24806,0
202604,55300,Buenos Aires Creditos SA,No Financiero,persona_fisica,Familias,237,224,94.51,37512.0,35678.0,95.11,13,12,6,10,196,0
202604,55300,Buenos Aires Creditos SA,No Financiero,total,Total,237,224,94.51,37512.0,35678.0,95.11,13,12,6,10,196,0
202604,55301,CRESCENS S.A,No Financiero,empresa,Empresas,61,12,19.67,8280429.0,5500205.0,66.42,49,5,3,2,2,0
202604,55301,CRESCENS S.A,No Financiero,persona_fisica,Familias,813,12,1.48,5440208.0,155409.0,2.86,801,3,1,4,4,0
202604,55301,CRESCENS S.A,No Financiero,total,Total,874,24,2.75,13720637.0,5655614.0,41.22,850,8,4,6,6,0
202604,55302,TRAYECTORIA LEASING S.A.U.,No Financiero,empresa,Empresas,14,2,14.29,1015484.0,72967.0,7.19,12,1,0,0,1,0
202604,55302,TRAYECTORIA LEASING S.A.U.,No Financiero,persona_fisica,Familias,1,0,0.00,24768.0,0.0,0.00,1,0,0,0,0,0
202604,55302,TRAYECTORIA LEASING S.A.U.,No Financiero,total,Total,15,2,13.33,1040252.0,72967.0,7.01,13,1,0,0,1,0
202604,55304,TU ADELANTO SA,No Financiero,persona_fisica,Familias,654,605,92.51,252835.0,233815.0,92.48,49,33,60,138,374,0
202604,55304,TU ADELANTO SA,No Financiero,total,Total,654,605,92.51,252835.0,233815.0,92.48,49,33,60,138,374,0
202604,55307,RED DE PRESTAMOS SA,No Financiero,persona_fisica,Familias,515,81,15.73,386218.0,34572.0,8.95,434,7,6,14,54,0
202604,55307,RED DE PRESTAMOS SA,No Financiero,total,Total,515,81,15.73,386218.0,34572.0,8.95,434,7,6,14,54,0
202604,55309,MUTUAL DEL PERSONAL DEL MINISTERIO DE EDUCACION Y JUSTICIA DE LA NACIO,No Financiero,persona_fisica,Familias,788,311,39.47,282023.0,135486.0,48.04,477,22,54,87,148,0
202604,55309,MUTUAL DEL PERSONAL DEL MINISTERIO DE EDUCACION Y JUSTICIA DE LA NACIO,No Financiero,total,Total,788,311,39.47,282023.0,135486.0,48.04,477,22,54,87,148,0
202604,55312,ABAN DIGITAL S.A.,No Financiero,persona_fisica,Familias,27244,19612,71.99,10683857.0,9630837.0,90.14,7632,2057,2994,5352,9209,0
202604,55312,ABAN DIGITAL S.A.,No Financiero,total,Total,27244,19612,71.99,10683857.0,9630837.0,90.14,7632,2057,2994,5352,9209,0
202604,55313,MICODEMO S.A.,No Financiero,persona_fisica,Familias,26,25,96.15,3279.0,3246.0,98.99,1,8,3,6,8,0
202604,55313,MICODEMO S.A.,No Financiero,total,Total,26,25,96.15,3279.0,3246.0,98.99,1,8,3,6,8,0
202604,55315,FINANCRED SA,No Financiero,persona_fisica,Familias,3295,1354,41.09,1442119.0,687907.0,47.70,1941,330,194,307,523,0
202604,55315,FINANCRED SA,No Financiero,total,Total,3295,1354,41.09,1442119.0,687907.0,47.70,1941,330,194,307,523,0
202604,55316,KALIMA S.A.,No Financiero,persona_fisica,Familias,80,80,100.00,12299.0,12299.0,100.00,0,0,0,0,80,0
202604,55316,KALIMA S.A.,No Financiero,total,Total,80,80,100.00,12299.0,12299.0,100.00,0,0,0,0,80,0
202604,55317,BARSATEX S.A.,No Financiero,persona_fisica,Familias,48358,45970,95.06,10583752.0,10110732.0,95.53,2388,2932,3345,6108,33585,0
202604,55317,BARSATEX S.A.,No Financiero,total,Total,48358,45970,95.06,10583752.0,10110732.0,95.53,2388,2932,3345,6108,33585,0
202604,55318,DLL LEASING ARGENTINA S.A.,No Financiero,empresa,Empresas,1,0,0.00,101656.0,0.0,0.00,1,0,0,0,0,0
202604,55318,DLL LEASING ARGENTINA S.A.,No Financiero,persona_fisica,Familias,2,1,50.00,239979.0,224879.0,93.71,1,0,0,0,1,0
202604,55318,DLL LEASING ARGENTINA S.A.,No Financiero,total,Total,3,1,33.33,341635.0,224879.0,65.82,2,0,0,0,1,0
202604,55320,POTSDAM S.A.,No Financiero,persona_fisica,Familias,2,2,100.00,115.0,115.0,100.00,0,0,0,0,2,0
202604,55320,POTSDAM S.A.,No Financiero,total,Total,2,2,100.00,115.0,115.0,100.00,0,0,0,0,2,0
202604,55323,SOLUCIONES INTEGRALES S.A.,No Financiero,persona_fisica,Familias,7408,4033,54.44,2261047.0,926145.0,40.96,3375,430,390,1072,2141,0
202604,55323,SOLUCIONES INTEGRALES S.A.,No Financiero,total,Total,7408,4033,54.44,2261047.0,926145.0,40.96,3375,430,390,1072,2141,0
202604,55328,LOGINCREDIT S.A.,No Financiero,empresa,Empresas,10,0,0.00,115118.0,0.0,0.00,10,0,0,0,0,0
202604,55328,LOGINCREDIT S.A.,No Financiero,persona_fisica,Familias,299,73,24.41,957477.0,23452.0,2.45,226,0,1,3,69,0
202604,55328,LOGINCREDIT S.A.,No Financiero,total,Total,309,73,23.62,1072595.0,23452.0,2.19,236,0,1,3,69,0
202604,55329,ALAU TECNOLOGIA S. A. U.,No Financiero,persona_fisica,Familias,18073,11473,63.48,4219662.0,2815972.0,66.73,6600,805,978,3643,6047,0
202604,55329,ALAU TECNOLOGIA S. A. U.,No Financiero,total,Total,18073,11473,63.48,4219662.0,2815972.0,66.73,6600,805,978,3643,6047,0
202604,55330,CREDILOW S.A.,No Financiero,persona_fisica,Familias,7026,3528,50.21,4200980.0,2231964.0,53.13,3498,545,651,1021,1311,0
202604,55330,CREDILOW S.A.,No Financiero,total,Total,7026,3528,50.21,4200980.0,2231964.0,53.13,3498,545,651,1021,1311,0
202604,55333,El Nexo S.A.,No Financiero,persona_fisica,Familias,1273,0,0.00,2612540.0,0.0,0.00,1273,0,0,0,0,0
202604,55333,El Nexo S.A.,No Financiero,total,Total,1273,0,0.00,2612540.0,0.0,0.00,1273,0,0,0,0,0
202604,55334,VALUARTE SRL,No Financiero,persona_fisica,Familias,3996,1700,42.54,3945776.0,1737193.0,44.03,2296,183,155,426,936,0
202604,55334,VALUARTE SRL,No Financiero,total,Total,3996,1700,42.54,3945776.0,1737193.0,44.03,2296,183,155,426,936,0
202604,55336,OSCAR BARBIERI S.A.,No Financiero,persona_fisica,Familias,14308,4305,30.09,7551060.0,1871966.0,24.79,10003,905,504,696,2200,0
202604,55336,OSCAR BARBIERI S.A.,No Financiero,total,Total,14308,4305,30.09,7551060.0,1871966.0,24.79,10003,905,504,696,2200,0
202604,55339,MAEBA S.R.L.,No Financiero,persona_fisica,Familias,29334,21199,72.27,31593892.0,22446120.0,71.05,8135,2058,2040,3932,13169,0
202604,55339,MAEBA S.R.L.,No Financiero,total,Total,29334,21199,72.27,31593892.0,22446120.0,71.05,8135,2058,2040,3932,13169,0
202604,55340,FINANPRO S.R.L.,No Financiero,persona_fisica,Familias,43664,30771,70.47,52956545.0,36339092.0,68.62,12893,2924,2757,5190,19900,0
202604,55340,FINANPRO S.R.L.,No Financiero,total,Total,43664,30771,70.47,52956545.0,36339092.0,68.62,12893,2924,2757,5190,19900,0
202604,55341,PROAVALAR S.R.L,No Financiero,persona_fisica,Familias,39766,34091,85.73,32966245.0,27194581.0,82.49,5675,2565,3038,5452,23036,0
202604,55341,PROAVALAR S.R.L,No Financiero,total,Total,39766,34091,85.73,32966245.0,27194581.0,82.49,5675,2565,3038,5452,23036,0
202604,55342,"Asistir Cooperativa de Vivienda, Credito, Consumo y Servicios Sociales",No Financiero,persona_fisica,Familias,338,0,0.00,1860090.0,0.0,0.00,338,0,0,0,0,0
202604,55342,"Asistir Cooperativa de Vivienda, Credito, Consumo y Servicios Sociales",No Financiero,total,Total,338,0,0.00,1860090.0,0.0,0.00,338,0,0,0,0,0
202604,55344,JALIN S.A.,No Financiero,empresa,Empresas,47,20,42.55,7820447.0,4376124.0,55.96,27,4,1,1,14,0
202604,55344,JALIN S.A.,No Financiero,total,Total,47,20,42.55,7820447.0,4376124.0,55.96,27,4,1,1,14,0
202604,55345,CSPB INVERSIONES SA,No Financiero,empresa,Empresas,18,1,5.56,16718418.0,30000.0,0.18,17,0,0,0,1,0
202604,55345,CSPB INVERSIONES SA,No Financiero,persona_fisica,Familias,2,0,0.00,33860.0,0.0,0.00,2,0,0,0,0,0
202604,55345,CSPB INVERSIONES SA,No Financiero,total,Total,20,1,5.00,16752278.0,30000.0,0.18,19,0,0,0,1,0
202604,55346,Number S.A.,No Financiero,empresa,Empresas,15,1,6.67,4078170.0,992933.0,24.35,14,0,0,0,1,0
202604,55346,Number S.A.,No Financiero,total,Total,15,1,6.67,4078170.0,992933.0,24.35,14,0,0,0,1,0
202604,55349,AGILCRED S.A.,No Financiero,persona_fisica,Familias,2545,602,23.65,3546202.0,415490.0,11.72,1943,104,105,121,272,0
202604,55349,AGILCRED S.A.,No Financiero,total,Total,2545,602,23.65,3546202.0,415490.0,11.72,1943,104,105,121,272,0
202604,55352,Cooperativa de vivienda crédito y consumo San José Ltda,No Financiero,empresa,Empresas,2,1,50.00,7201.0,571.0,7.93,1,0,0,0,1,0
202604,55352,Cooperativa de vivienda crédito y consumo San José Ltda,No Financiero,persona_fisica,Familias,250,31,12.40,199025.0,12654.0,6.36,219,4,1,10,16,0
202604,55352,Cooperativa de vivienda crédito y consumo San José Ltda,No Financiero,total,Total,252,32,12.70,206226.0,13225.0,6.41,220,4,1,10,17,0
202604,55353,VIKA 2010 S.A.,No Financiero,empresa,Empresas,9,0,0.00,112361.0,0.0,0.00,9,0,0,0,0,0
202604,55353,VIKA 2010 S.A.,No Financiero,persona_fisica,Familias,1,0,0.00,1721.0,0.0,0.00,1,0,0,0,0,0
202604,55353,VIKA 2010 S.A.,No Financiero,total,Total,10,0,0.00,114082.0,0.0,0.00,10,0,0,0,0,0
202604,55356,G10 EMPRENDIMIENTOS SA,No Financiero,persona_fisica,Familias,5126,2934,57.24,1464304.0,532617.0,36.37,2192,206,204,344,2180,0
202604,55356,G10 EMPRENDIMIENTOS SA,No Financiero,total,Total,5126,2934,57.24,1464304.0,532617.0,36.37,2192,206,204,344,2180,0
202604,55359,DHF SA,No Financiero,empresa,Empresas,46,4,8.70,2097032.0,90859.0,4.33,42,0,0,1,3,0
202604,55359,DHF SA,No Financiero,persona_fisica,Familias,5,0,0.00,26003.0,0.0,0.00,5,0,0,0,0,0
202604,55359,DHF SA,No Financiero,total,Total,51,4,7.84,2123035.0,90859.0,4.28,47,0,0,1,3,0
202604,55360,Credi-Full S.A.,No Financiero,persona_fisica,Familias,13,13,100.00,512.0,512.0,100.00,0,0,0,0,13,0
202604,55360,Credi-Full S.A.,No Financiero,total,Total,13,13,100.00,512.0,512.0,100.00,0,0,0,0,13,0
202604,55361,DESARROLLOS AYTER S.A.,No Financiero,persona_fisica,Familias,109,28,25.69,61459.0,17363.0,28.25,81,5,2,8,13,0
202604,55361,DESARROLLOS AYTER S.A.,No Financiero,total,Total,109,28,25.69,61459.0,17363.0,28.25,81,5,2,8,13,0
202604,55366,CYAP NOW S.A.,No Financiero,persona_fisica,Familias,1079,246,22.80,553366.0,80115.0,14.48,833,72,41,42,91,0
202604,55366,CYAP NOW S.A.,No Financiero,total,Total,1079,246,22.80,553366.0,80115.0,14.48,833,72,41,42,91,0
202604,55367,INVERSORA DEL NORTE S.A.,No Financiero,persona_fisica,Familias,69,49,71.01,53663.0,21840.0,40.70,20,1,1,8,39,0
202604,55367,INVERSORA DEL NORTE S.A.,No Financiero,total,Total,69,49,71.01,53663.0,21840.0,40.70,20,1,1,8,39,0
202604,55370,CREDIL S.R.L.,No Financiero,persona_fisica,Familias,309322,216541,70.01,174699505.0,123689160.0,70.80,92781,15916,20523,40106,139996,0
202604,55370,CREDIL S.R.L.,No Financiero,total,Total,309322,216541,70.01,174699505.0,123689160.0,70.80,92781,15916,20523,40106,139996,0
202604,55371,ASOCIACION MUTUAL EMLEADOS DE COMERCIO DE ROSARIO,No Financiero,persona_fisica,Familias,532,9,1.69,309382.0,3683.0,1.19,523,2,2,0,5,0
202604,55371,ASOCIACION MUTUAL EMLEADOS DE COMERCIO DE ROSARIO,No Financiero,total,Total,532,9,1.69,309382.0,3683.0,1.19,523,2,2,0,5,0
202604,55374,EJS S.A.,No Financiero,persona_fisica,Familias,350,56,16.00,281842.0,47121.0,16.72,294,11,14,30,1,0
202604,55374,EJS S.A.,No Financiero,total,Total,350,56,16.00,281842.0,47121.0,16.72,294,11,14,30,1,0
202604,55375,COOP. DE CRED. CONS. Y VIV. MASELE LTDA,No Financiero,persona_fisica,Familias,3554,0,0.00,11172500.0,0.0,0.00,3554,0,0,0,0,0
202604,55375,COOP. DE CRED. CONS. Y VIV. MASELE LTDA,No Financiero,total,Total,3554,0,0.00,11172500.0,0.0,0.00,3554,0,0,0,0,0
202604,55376,COMERPYSRL,No Financiero,persona_fisica,Familias,4480,2487,55.51,1129069.0,702669.0,62.23,1993,193,233,422,1639,0
202604,55376,COMERPYSRL,No Financiero,total,Total,4480,2487,55.51,1129069.0,702669.0,62.23,1993,193,233,422,1639,0
202604,55377,Clave Creditos S.A.,No Financiero,persona_fisica,Familias,1025,421,41.07,480051.0,235762.0,49.11,604,74,82,137,128,0
202604,55377,Clave Creditos S.A.,No Financiero,total,Total,1025,421,41.07,480051.0,235762.0,49.11,604,74,82,137,128,0
202604,55381,CREDIGOL S.A.,No Financiero,persona_fisica,Familias,5873,3753,63.90,7447132.0,4505478.0,60.50,2120,508,491,986,1768,0
202604,55381,CREDIGOL S.A.,No Financiero,total,Total,5873,3753,63.90,7447132.0,4505478.0,60.50,2120,508,491,986,1768,0
202604,55387,"Asociacion Mutual Integracion Solidaria Villa Maria ""AMISVIMA""",No Financiero,persona_fisica,Familias,1259,438,34.79,1255462.0,472694.0,37.65,821,42,26,83,287,0
202604,55387,"Asociacion Mutual Integracion Solidaria Villa Maria ""AMISVIMA""",No Financiero,total,Total,1259,438,34.79,1255462.0,472694.0,37.65,821,42,26,83,287,0
202604,55388,CREDLAP S.A.,No Financiero,persona_fisica,Familias,9513,9052,95.15,14761238.0,14455083.0,97.93,461,233,560,1131,7128,0
202604,55388,CREDLAP S.A.,No Financiero,total,Total,9513,9052,95.15,14761238.0,14455083.0,97.93,461,233,560,1131,7128,0
202604,55392,NEGOCIOS FINANCIEROS CREDILOMAS S.A.,No Financiero,persona_fisica,Familias,49,49,100.00,7272.0,7272.0,100.00,0,0,0,0,49,0
202604,55392,NEGOCIOS FINANCIEROS CREDILOMAS S.A.,No Financiero,total,Total,49,49,100.00,7272.0,7272.0,100.00,0,0,0,0,49,0
202604,55393,SEILOP S.R.L.,No Financiero,empresa,Empresas,42,13,30.95,10729560.0,2419937.0,22.55,29,5,2,4,2,0
202604,55393,SEILOP S.R.L.,No Financiero,persona_fisica,Familias,1,1,100.00,34965.0,34965.0,100.00,0,1,0,0,0,0
202604,55393,SEILOP S.R.L.,No Financiero,total,Total,43,14,32.56,10764525.0,2454902.0,22.81,29,6,2,4,2,0
202604,55395,CIGANDA & MASARIE,No Financiero,persona_fisica,Familias,731,358,48.97,1304168.0,579939.0,44.47,373,55,4,0,299,0
202604,55395,CIGANDA & MASARIE,No Financiero,total,Total,731,358,48.97,1304168.0,579939.0,44.47,373,55,4,0,299,0
202604,55396,MERIDIANO NORTE S.A.,No Financiero,empresa,Empresas,145,36,24.83,13686977.0,2653655.0,19.39,109,10,7,8,11,0
202604,55396,MERIDIANO NORTE S.A.,No Financiero,persona_fisica,Familias,91,29,31.87,666760.0,122305.0,18.34,62,3,7,13,6,0
202604,55396,MERIDIANO NORTE S.A.,No Financiero,total,Total,236,65,27.54,14353737.0,2775960.0,19.34,171,13,14,21,17,0
202604,55397,BELMONT CAPITAL S.A.,No Financiero,empresa,Empresas,1,0,0.00,6785.0,0.0,0.00,1,0,0,0,0,0
202604,55397,BELMONT CAPITAL S.A.,No Financiero,persona_fisica,Familias,4831,291,6.02,10080652.0,523926.0,5.20,4540,0,199,80,12,0
202604,55397,BELMONT CAPITAL S.A.,No Financiero,total,Total,4832,291,6.02,10087437.0,523926.0,5.19,4541,0,199,80,12,0
202604,55399,MAMLUSENA S.A.,No Financiero,persona_fisica,Familias,1199,480,40.03,347075.0,106105.0,30.57,719,53,85,112,230,0
202604,55399,MAMLUSENA S.A.,No Financiero,total,Total,1199,480,40.03,347075.0,106105.0,30.57,719,53,85,112,230,0
202604,55400,MICRO SISTEMAS S. A. U.,No Financiero,persona_fisica,Familias,101111,49380,48.84,22949855.0,10560862.0,46.02,51731,5296,6015,22306,15763,0
202604,55400,MICRO SISTEMAS S. A. U.,No Financiero,total,Total,101111,49380,48.84,22949855.0,10560862.0,46.02,51731,5296,6015,22306,15763,0
202604,55405,Oneri Bilancio S.A.,No Financiero,persona_fisica,Familias,19348,17957,92.81,8750542.0,8653765.0,98.89,1391,1472,2449,4097,9939,0
202604,55405,Oneri Bilancio S.A.,No Financiero,total,Total,19348,17957,92.81,8750542.0,8653765.0,98.89,1391,1472,2449,4097,9939,0
202604,55408,SCANIA CREDIT ARGENTINA S.A.U.,No Financiero,empresa,Empresas,603,18,2.99,198677486.0,9440587.0,4.75,585,6,7,5,0,0
202604,55408,SCANIA CREDIT ARGENTINA S.A.U.,No Financiero,persona_fisica,Familias,328,8,2.44,42803787.0,1735605.0,4.05,320,3,2,3,0,0
202604,55408,SCANIA CREDIT ARGENTINA S.A.U.,No Financiero,total,Total,931,26,2.79,241481273.0,11176192.0,4.63,905,9,9,8,0,0
202604,55412,Delivery Hero Financial Services SA,No Financiero,empresa,Empresas,714,153,21.43,8687307.0,814956.0,9.38,561,18,26,33,76,0
202604,55412,Delivery Hero Financial Services SA,No Financiero,persona_fisica,Familias,15414,3873,25.13,20619640.0,3047765.0,14.78,11541,738,975,1245,915,0
202604,55412,Delivery Hero Financial Services SA,No Financiero,total,Total,16128,4026,24.96,29306947.0,3862721.0,13.18,12102,756,1001,1278,991,0
202604,55415,BLM SERVICIOS SA,No Financiero,empresa,Empresas,47,15,31.91,6493561.0,800342.0,12.33,32,0,1,3,11,0
202604,55415,BLM SERVICIOS SA,No Financiero,persona_fisica,Familias,5,0,0.00,121205.0,0.0,0.00,5,0,0,0,0,0
202604,55415,BLM SERVICIOS SA,No Financiero,total,Total,52,15,28.85,6614766.0,800342.0,12.10,37,0,1,3,11,0
202604,55419,Daneio SA,No Financiero,persona_fisica,Familias,1406,635,45.16,1054577.0,439807.0,41.70,771,111,124,197,203,0
202604,55419,Daneio SA,No Financiero,total,Total,1406,635,45.16,1054577.0,439807.0,41.70,771,111,124,197,203,0
202604,55420,MARIAS CAPITAL SA,No Financiero,empresa,Empresas,14,4,28.57,3684196.0,465723.0,12.64,10,0,1,2,1,0
202604,55420,MARIAS CAPITAL SA,No Financiero,persona_fisica,Familias,2,0,0.00,59603.0,0.0,0.00,2,0,0,0,0,0
202604,55420,MARIAS CAPITAL SA,No Financiero,total,Total,16,4,25.00,3743799.0,465723.0,12.44,12,0,1,2,1,0
202604,55424,SOLUCIONES FINANCORP SA,No Financiero,persona_fisica,Familias,19128,16867,88.18,3151779.0,2666824.0,84.61,2261,638,1368,3055,11806,0
202604,55424,SOLUCIONES FINANCORP SA,No Financiero,total,Total,19128,16867,88.18,3151779.0,2666824.0,84.61,2261,638,1368,3055,11806,0
202604,55425,MOOVITECH S.A.,No Financiero,persona_fisica,Familias,8802,5857,66.54,3803687.0,2226312.0,58.53,2945,454,915,1031,3457,0
202604,55425,MOOVITECH S.A.,No Financiero,total,Total,8802,5857,66.54,3803687.0,2226312.0,58.53,2945,454,915,1031,3457,0
202604,55429,POLO VALORES S.A.,No Financiero,empresa,Empresas,15,3,20.00,1601745.0,576409.0,35.99,12,0,1,1,1,0
202604,55429,POLO VALORES S.A.,No Financiero,total,Total,15,3,20.00,1601745.0,576409.0,35.99,12,0,1,1,1,0
202604,55432,LUCSE INVERSIONES S.A.,No Financiero,persona_fisica,Familias,2036,527,25.88,1477311.0,261853.0,17.72,1509,74,92,117,244,0
202604,55432,LUCSE INVERSIONES S.A.,No Financiero,total,Total,2036,527,25.88,1477311.0,261853.0,17.72,1509,74,92,117,244,0
202604,55435,PARABENS TRUST S.A.,No Financiero,empresa,Empresas,2,0,0.00,1502046.0,0.0,0.00,2,0,0,0,0,0
202604,55435,PARABENS TRUST S.A.,No Financiero,persona_fisica,Familias,1,0,0.00,85416.0,0.0,0.00,1,0,0,0,0,0
202604,55435,PARABENS TRUST S.A.,No Financiero,total,Total,3,0,0.00,1587462.0,0.0,0.00,3,0,0,0,0,0
202604,55439,MUTUAL DE PORTEÑA ASOCIACION CULTURAL Y DEPORTIVA,No Financiero,empresa,Empresas,6,0,0.00,284711.0,0.0,0.00,6,0,0,0,0,0
202604,55439,MUTUAL DE PORTEÑA ASOCIACION CULTURAL Y DEPORTIVA,No Financiero,persona_fisica,Familias,534,42,7.87,4109973.0,266520.0,6.48,492,4,11,18,9,0
202604,55439,MUTUAL DE PORTEÑA ASOCIACION CULTURAL Y DEPORTIVA,No Financiero,total,Total,540,42,7.78,4394684.0,266520.0,6.06,498,4,11,18,9,0
202604,55442,LA LOMITA CAPITAL S.A.,No Financiero,persona_fisica,Familias,532,126,23.68,528199.0,146987.0,27.83,406,61,39,19,7,0
202604,55442,LA LOMITA CAPITAL S.A.,No Financiero,total,Total,532,126,23.68,528199.0,146987.0,27.83,406,61,39,19,7,0
202604,55444,CREDISE S.A.,No Financiero,empresa,Empresas,2,1,50.00,3524.0,1106.0,31.38,1,1,0,0,0,0
202604,55444,CREDISE S.A.,No Financiero,persona_fisica,Familias,2522,316,12.53,2616122.0,224069.0,8.56,2206,55,33,57,171,0
202604,55444,CREDISE S.A.,No Financiero,total,Total,2524,317,12.56,2619646.0,225175.0,8.60,2207,56,33,57,171,0
202604,55445,BLM DESARROLLOS SA,No Financiero,empresa,Empresas,5,0,0.00,404266.0,0.0,0.00,5,0,0,0,0,0
202604,55445,BLM DESARROLLOS SA,No Financiero,total,Total,5,0,0.00,404266.0,0.0,0.00,5,0,0,0,0,0
202604,55449,FIDEICOMISO PRIVADO DE ADMINISTRACION CENFIDE,No Financiero,empresa,Empresas,364,364,100.00,276639.0,276639.0,100.00,0,0,0,0,364,0
202604,55449,FIDEICOMISO PRIVADO DE ADMINISTRACION CENFIDE,No Financiero,persona_fisica,Familias,147657,147657,100.00,87823107.0,87823107.0,100.00,0,0,0,0,147657,0
202604,55449,FIDEICOMISO PRIVADO DE ADMINISTRACION CENFIDE,No Financiero,total,Total,148021,148021,100.00,88099746.0,88099746.0,100.00,0,0,0,0,148021,0
202604,55450,PRESTY SRL,No Financiero,persona_fisica,Familias,2484,1439,57.93,1841819.0,1260854.0,68.46,1045,201,403,548,287,0
202604,55450,PRESTY SRL,No Financiero,total,Total,2484,1439,57.93,1841819.0,1260854.0,68.46,1045,201,403,548,287,0
202604,55453,Cooperativa de Credito Consumo y Vivienda Baymor Ltda,No Financiero,persona_fisica,Familias,75,69,92.00,70416.0,69711.0,99.00,6,5,5,17,42,0
202604,55453,Cooperativa de Credito Consumo y Vivienda Baymor Ltda,No Financiero,total,Total,75,69,92.00,70416.0,69711.0,99.00,6,5,5,17,42,0
202604,55454,BIA SRL,No Financiero,persona_fisica,Familias,51010,51010,100.00,25832374.0,25832374.0,100.00,0,0,0,6,51004,0
202604,55454,BIA SRL,No Financiero,total,Total,51010,51010,100.00,25832374.0,25832374.0,100.00,0,0,0,6,51004,0
202604,55456,PREST SPC SAS,No Financiero,persona_fisica,Familias,179,168,93.85,114801.0,112311.0,97.83,11,13,22,34,99,0
202604,55456,PREST SPC SAS,No Financiero,total,Total,179,168,93.85,114801.0,112311.0,97.83,11,13,22,34,99,0
202604,55457,MIGXION S.A.,No Financiero,empresa,Empresas,14,1,7.14,846950.0,200867.0,23.72,13,0,1,0,0,0
202604,55457,MIGXION S.A.,No Financiero,persona_fisica,Familias,12,0,0.00,64564.0,0.0,0.00,12,0,0,0,0,0
202604,55457,MIGXION S.A.,No Financiero,total,Total,26,1,3.85,911514.0,200867.0,22.04,25,0,1,0,0,0
202604,55459,Admiral Finance SA,No Financiero,empresa,Empresas,45,5,11.11,4856336.0,134103.0,2.76,40,0,5,0,0,0
202604,55459,Admiral Finance SA,No Financiero,persona_fisica,Familias,26,0,0.00,698959.0,0.0,0.00,26,0,0,0,0,0
202604,55459,Admiral Finance SA,No Financiero,total,Total,71,5,7.04,5555295.0,134103.0,2.41,66,0,5,0,0,0
202604,55462,CORVALAN 1160 SA,No Financiero,persona_fisica,Familias,11278,9468,83.95,2259232.0,1364463.0,60.39,1810,702,880,1946,5940,0
202604,55462,CORVALAN 1160 SA,No Financiero,total,Total,11278,9468,83.95,2259232.0,1364463.0,60.39,1810,702,880,1946,5940,0
202604,55463,MILLASA S.A.,No Financiero,persona_fisica,Familias,1687,851,50.44,966024.0,552903.0,57.23,836,250,268,275,58,0
202604,55463,MILLASA S.A.,No Financiero,total,Total,1687,851,50.44,966024.0,552903.0,57.23,836,250,268,275,58,0
202604,55464,MUTUAL DE INTEGRANTES DEL PODER JUDICIAL,No Financiero,persona_fisica,Familias,214,0,0.00,63685.0,0.0,0.00,214,0,0,0,0,0
202604,55464,MUTUAL DE INTEGRANTES DEL PODER JUDICIAL,No Financiero,total,Total,214,0,0.00,63685.0,0.0,0.00,214,0,0,0,0,0
202604,55465,Dar Prestamos S.A.,No Financiero,persona_fisica,Familias,1412,1347,95.40,380238.0,367482.0,96.65,65,20,79,459,789,0
202604,55465,Dar Prestamos S.A.,No Financiero,total,Total,1412,1347,95.40,380238.0,367482.0,96.65,65,20,79,459,789,0
202604,55466,AXXIA LENDING S.A.,No Financiero,empresa,Empresas,38,38,100.00,8151.0,8151.0,100.00,0,0,0,0,38,0
202604,55466,AXXIA LENDING S.A.,No Financiero,persona_fisica,Familias,7277,7277,100.00,5301982.0,5301982.0,100.00,0,10,69,788,6410,0
202604,55466,AXXIA LENDING S.A.,No Financiero,total,Total,7315,7315,100.00,5310133.0,5310133.0,100.00,0,10,69,788,6448,0
202604,55467,UQUIA S.R.L,No Financiero,persona_fisica,Familias,3,3,100.00,90.0,90.0,100.00,0,3,0,0,0,0
202604,55467,UQUIA S.R.L,No Financiero,total,Total,3,3,100.00,90.0,90.0,100.00,0,3,0,0,0,0
202604,55469,BOCAS DEL TORO S.A.,No Financiero,persona_fisica,Familias,238,86,36.13,286763.0,152318.0,53.12,152,18,15,43,10,0
202604,55469,BOCAS DEL TORO S.A.,No Financiero,total,Total,238,86,36.13,286763.0,152318.0,53.12,152,18,15,43,10,0
202604,55470,CAMELUS S.A.,No Financiero,empresa,Empresas,1,1,100.00,29007.0,29007.0,100.00,0,0,1,0,0,0
202604,55470,CAMELUS S.A.,No Financiero,persona_fisica,Familias,178,20,11.24,509291.0,162882.0,31.98,158,1,2,11,6,0
202604,55470,CAMELUS S.A.,No Financiero,total,Total,179,21,11.73,538298.0,191889.0,35.65,158,1,3,11,6,0
202604,55473,GrupoCDG SA,No Financiero,persona_fisica,Familias,16,12,75.00,11713.0,9880.0,84.35,4,4,5,3,0,0
202604,55473,GrupoCDG SA,No Financiero,total,Total,16,12,75.00,11713.0,9880.0,84.35,4,4,5,3,0,0
202604,55474,FIDEICOMISOS MANDATOS E INVERSIONES SA,No Financiero,empresa,Empresas,12,5,41.67,416078.0,308361.0,74.11,7,0,0,2,3,0
202604,55474,FIDEICOMISOS MANDATOS E INVERSIONES SA,No Financiero,persona_fisica,Familias,2,0,0.00,19947.0,0.0,0.00,2,0,0,0,0,0
202604,55474,FIDEICOMISOS MANDATOS E INVERSIONES SA,No Financiero,total,Total,14,5,35.71,436025.0,308361.0,70.72,9,0,0,2,3,0
202604,55477,MERITE S.A.,No Financiero,persona_fisica,Familias,3422,2791,81.56,363248.0,283254.0,77.98,631,324,429,681,1357,0
202604,55477,MERITE S.A.,No Financiero,total,Total,3422,2791,81.56,363248.0,283254.0,77.98,631,324,429,681,1357,0
202604,55479,FIDUCIA ARGENTINA S.A.S.,No Financiero,persona_fisica,Familias,172,0,0.00,93205.0,0.0,0.00,172,0,0,0,0,0
202604,55479,FIDUCIA ARGENTINA S.A.S.,No Financiero,total,Total,172,0,0.00,93205.0,0.0,0.00,172,0,0,0,0,0
202604,55482,Asociación Mutual de Ayuda Entre Asociados y Adherentes de Romang Futb,No Financiero,empresa,Empresas,32,12,37.50,1075020.0,230679.0,21.46,20,4,3,3,2,0
202604,55482,Asociación Mutual de Ayuda Entre Asociados y Adherentes de Romang Futb,No Financiero,persona_fisica,Familias,5097,1010,19.82,17019585.0,3130613.0,18.39,4087,465,215,157,173,0
202604,55482,Asociación Mutual de Ayuda Entre Asociados y Adherentes de Romang Futb,No Financiero,total,Total,5129,1022,19.93,18094605.0,3361292.0,18.58,4107,469,218,160,175,0
202604,55483,Longcred S.A.,No Financiero,persona_fisica,Familias,417,209,50.12,349716.0,234791.0,67.14,208,37,11,7,154,0
202604,55483,Longcred S.A.,No Financiero,total,Total,417,209,50.12,349716.0,234791.0,67.14,208,37,11,7,154,0
202604,55484,Inclusión Financiera Integral SRL,No Financiero,persona_fisica,Familias,96,26,27.08,129305.0,26655.0,20.61,70,5,5,6,10,0
202604,55484,Inclusión Financiera Integral SRL,No Financiero,total,Total,96,26,27.08,129305.0,26655.0,20.61,70,5,5,6,10,0
202604,55485,G&T GESTIONES COMERCIALES S.A.,No Financiero,empresa,Empresas,4,0,0.00,9862.0,0.0,0.00,4,0,0,0,0,0
202604,55485,G&T GESTIONES COMERCIALES S.A.,No Financiero,total,Total,4,0,0.00,9862.0,0.0,0.00,4,0,0,0,0,0
202604,55487,ASOCIACION MUTUAL PARA EL PERSONAL DEL PODER JUDICIAL Y TRABAJADORES I,No Financiero,persona_fisica,Familias,2083,723,34.71,1669302.0,676367.0,40.52,1360,208,259,240,16,0
202604,55487,ASOCIACION MUTUAL PARA EL PERSONAL DEL PODER JUDICIAL Y TRABAJADORES I,No Financiero,total,Total,2083,723,34.71,1669302.0,676367.0,40.52,1360,208,259,240,16,0
202604,55488,RIO FRANCO SA,No Financiero,empresa,Empresas,10,4,40.00,78230.0,21128.0,27.01,6,0,4,0,0,0
202604,55488,RIO FRANCO SA,No Financiero,persona_fisica,Familias,14,6,42.86,263036.0,209764.0,79.75,8,0,6,0,0,0
202604,55488,RIO FRANCO SA,No Financiero,total,Total,24,10,41.67,341266.0,230892.0,67.66,14,0,10,0,0,0
202604,55490,ASOCIACION MUTUAL DE ASOCIADOS DEL CLUB ATLETICO UNION,No Financiero,empresa,Empresas,97,20,20.62,6208877.0,903641.0,14.55,77,8,4,4,4,0
202604,55490,ASOCIACION MUTUAL DE ASOCIADOS DEL CLUB ATLETICO UNION,No Financiero,persona_fisica,Familias,1639,278,16.96,12583825.0,1962528.0,15.60,1361,120,67,54,37,0
202604,55490,ASOCIACION MUTUAL DE ASOCIADOS DEL CLUB ATLETICO UNION,No Financiero,total,Total,1736,298,17.17,18792702.0,2866169.0,15.25,1438,128,71,58,41,0
202604,55492,Asociación Mutual de Trabajadores Argentinos Estatales,No Financiero,persona_fisica,Familias,433,62,14.32,1077046.0,127596.0,11.85,371,32,13,17,0,0
202604,55492,Asociación Mutual de Trabajadores Argentinos Estatales,No Financiero,total,Total,433,62,14.32,1077046.0,127596.0,11.85,371,32,13,17,0,0
202604,55494,Mifloder SAS,No Financiero,persona_fisica,Familias,22276,5149,23.11,6301791.0,1703470.0,27.03,17127,2058,2536,410,145,0
202604,55494,Mifloder SAS,No Financiero,total,Total,22276,5149,23.11,6301791.0,1703470.0,27.03,17127,2058,2536,410,145,0
202604,55495,SOCIEDAD DE CREDITO SA,No Financiero,persona_fisica,Familias,19381,19381,100.00,11345027.0,11345027.0,100.00,0,0,0,0,19381,0
202604,55495,SOCIEDAD DE CREDITO SA,No Financiero,total,Total,19381,19381,100.00,11345027.0,11345027.0,100.00,0,0,0,0,19381,0
202604,55496,Cash Online S.A.,No Financiero,persona_fisica,Familias,2926,267,9.13,3209205.0,359104.0,11.19,2659,145,95,27,0,0
202604,55496,Cash Online S.A.,No Financiero,total,Total,2926,267,9.13,3209205.0,359104.0,11.19,2659,145,95,27,0,0
202604,55501,DIE ZUKUNFT SA,No Financiero,empresa,Empresas,25,1,4.00,1222324.0,12527.0,1.02,24,0,0,1,0,0
202604,55501,DIE ZUKUNFT SA,No Financiero,persona_fisica,Familias,25,2,8.00,726834.0,18004.0,2.48,23,0,1,1,0,0
202604,55501,DIE ZUKUNFT SA,No Financiero,total,Total,50,3,6.00,1949158.0,30531.0,1.57,47,0,1,2,0,0
202604,55502,ATYLIUM FINANCE GROUP SA,No Financiero,empresa,Empresas,3,0,0.00,156261.0,0.0,0.00,3,0,0,0,0,0
202604,55502,ATYLIUM FINANCE GROUP SA,No Financiero,persona_fisica,Familias,1,0,0.00,30100.0,0.0,0.00,1,0,0,0,0,0
202604,55502,ATYLIUM FINANCE GROUP SA,No Financiero,total,Total,4,0,0.00,186361.0,0.0,0.00,4,0,0,0,0,0
202604,55505,Cash Market SA,No Financiero,persona_fisica,Familias,20014,16198,80.93,5206831.0,3970889.0,76.26,3816,677,1901,4989,8631,0
202604,55505,Cash Market SA,No Financiero,total,Total,20014,16198,80.93,5206831.0,3970889.0,76.26,3816,677,1901,4989,8631,0
202604,55506,CYFSA S.A.,No Financiero,persona_fisica,Familias,103,0,0.00,94564.0,0.0,0.00,103,0,0,0,0,0
202604,55506,CYFSA S.A.,No Financiero,total,Total,103,0,0.00,94564.0,0.0,0.00,103,0,0,0,0,0
202604,55507,FINANZAS DIGITALES SAS,No Financiero,persona_fisica,Familias,283105,146086,51.60,19389249.0,10065124.0,51.91,137019,42556,78038,25238,254,0
202604,55507,FINANZAS DIGITALES SAS,No Financiero,total,Total,283105,146086,51.60,19389249.0,10065124.0,51.91,137019,42556,78038,25238,254,0
202604,55510,FINANLEASE S.A,No Financiero,empresa,Empresas,67,3,4.48,11944045.0,276379.0,2.31,64,2,1,0,0,0
202604,55510,FINANLEASE S.A,No Financiero,persona_fisica,Familias,12,0,0.00,483809.0,0.0,0.00,12,0,0,0,0,0
202604,55510,FINANLEASE S.A,No Financiero,total,Total,79,3,3.80,12427854.0,276379.0,2.22,76,2,1,0,0,0
202604,55511,ASOCIACION MUTUAL 9 DE JULIO OLIMPICO FREYRE,No Financiero,empresa,Empresas,15,3,20.00,870240.0,558348.0,64.16,12,1,1,1,0,0
202604,55511,ASOCIACION MUTUAL 9 DE JULIO OLIMPICO FREYRE,No Financiero,persona_fisica,Familias,345,71,20.58,1391380.0,290506.0,20.88,274,34,22,10,5,0
202604,55511,ASOCIACION MUTUAL 9 DE JULIO OLIMPICO FREYRE,No Financiero,total,Total,360,74,20.56,2261620.0,848854.0,37.53,286,35,23,11,5,0
202604,55513,IXPAY SA,No Financiero,persona_fisica,Familias,1737,1258,72.42,556249.0,433249.0,77.89,479,270,318,594,76,0
202604,55513,IXPAY SA,No Financiero,total,Total,1737,1258,72.42,556249.0,433249.0,77.89,479,270,318,594,76,0
202604,55514,CARTASUR CARDS S.A.U,No Financiero,persona_fisica,Familias,122929,79010,64.27,130723997.0,78072690.0,59.72,43919,6383,9624,19159,43844,0
202604,55514,CARTASUR CARDS S.A.U,No Financiero,total,Total,122929,79010,64.27,130723997.0,78072690.0,59.72,43919,6383,9624,19159,43844,0
202604,55516,M&B COMPANY S. A. S.,No Financiero,persona_fisica,Familias,80,33,41.25,284846.0,170401.0,59.82,47,12,2,5,14,0
202604,55516,M&B COMPANY S. A. S.,No Financiero,total,Total,80,33,41.25,284846.0,170401.0,59.82,47,12,2,5,14,0
202604,55520,"Asociación Mutual Trabajadores del Hospital de Pediatria SAMIC ""Profes",No Financiero,persona_fisica,Familias,332,0,0.00,907543.0,0.0,0.00,332,0,0,0,0,0
202604,55520,"Asociación Mutual Trabajadores del Hospital de Pediatria SAMIC ""Profes",No Financiero,total,Total,332,0,0.00,907543.0,0.0,0.00,332,0,0,0,0,0
202604,55523,COMERCIAL FERSA SRL,No Financiero,persona_fisica,Familias,531,212,39.92,672635.0,204067.0,30.34,319,52,146,0,14,0
202604,55523,COMERCIAL FERSA SRL,No Financiero,total,Total,531,212,39.92,672635.0,204067.0,30.34,319,52,146,0,14,0
202604,55524,ASOCIACION MUTUAL 7 DE AGOSTO,No Financiero,persona_fisica,Familias,3820,186,4.87,2730182.0,113695.0,4.16,3634,17,19,150,0,0
202604,55524,ASOCIACION MUTUAL 7 DE AGOSTO,No Financiero,total,Total,3820,186,4.87,2730182.0,113695.0,4.16,3634,17,19,150,0,0
202604,55525,ASOCIACION MUTUAL GRAL J JOSE DE URQUIZA,No Financiero,persona_fisica,Familias,2023,89,4.40,1286858.0,62714.0,4.87,1934,9,12,68,0,0
202604,55525,ASOCIACION MUTUAL GRAL J JOSE DE URQUIZA,No Financiero,total,Total,2023,89,4.40,1286858.0,62714.0,4.87,1934,9,12,68,0,0
202604,55526,Asociacion Mutual Progreso Entrerriano,No Financiero,empresa,Empresas,12,2,16.67,316220.0,78518.0,24.83,10,1,0,0,1,0
202604,55526,Asociacion Mutual Progreso Entrerriano,No Financiero,persona_fisica,Familias,2492,660,26.48,1538564.0,161500.0,10.50,1832,92,59,65,444,0
202604,55526,Asociacion Mutual Progreso Entrerriano,No Financiero,total,Total,2504,662,26.44,1854784.0,240018.0,12.94,1842,93,59,65,445,0
202604,55534,Mutual 22 de septiembre,No Financiero,empresa,Empresas,1,0,0.00,4479.0,0.0,0.00,1,0,0,0,0,0
202604,55534,Mutual 22 de septiembre,No Financiero,persona_fisica,Familias,1553,595,38.31,1449713.0,388948.0,26.83,958,59,56,118,362,0
202604,55534,Mutual 22 de septiembre,No Financiero,total,Total,1554,595,38.29,1454192.0,388948.0,26.75,959,59,56,118,362,0
202604,55538,CORDOBA VALORES S.A.,No Financiero,empresa,Empresas,4,4,100.00,73642.0,73642.0,100.00,0,0,0,0,4,0
202604,55538,CORDOBA VALORES S.A.,No Financiero,persona_fisica,Familias,1257,1257,100.00,318674.0,318674.0,100.00,0,0,0,3,1254,0
202604,55538,CORDOBA VALORES S.A.,No Financiero,total,Total,1261,1261,100.00,392316.0,392316.0,100.00,0,0,0,3,1258,0
202604,55539,FRANKFURT S.A.,No Financiero,empresa,Empresas,2,0,0.00,82384.0,0.0,0.00,2,0,0,0,0,0
202604,55539,FRANKFURT S.A.,No Financiero,persona_fisica,Familias,24,2,8.33,457049.0,53843.0,11.78,22,2,0,0,0,0
202604,55539,FRANKFURT S.A.,No Financiero,total,Total,26,2,7.69,539433.0,53843.0,9.98,24,2,0,0,0,0
202604,55541,Blue Capital S.R.L,No Financiero,persona_fisica,Familias,163,50,30.67,165106.0,44534.0,26.97,113,11,4,16,19,0
202604,55541,Blue Capital S.R.L,No Financiero,total,Total,163,50,30.67,165106.0,44534.0,26.97,113,11,4,16,19,0
202604,55544,YOLO CASH S.A.,No Financiero,persona_fisica,Familias,414,18,4.35,277293.0,13756.0,4.96,396,17,1,0,0,0
202604,55544,YOLO CASH S.A.,No Financiero,total,Total,414,18,4.35,277293.0,13756.0,4.96,396,17,1,0,0,0
202604,55547,sistemas unificados de credito dirigido SA,No Financiero,persona_fisica,Familias,8639,4091,47.36,3387364.0,1660165.0,49.01,4548,648,912,1634,897,0
202604,55547,sistemas unificados de credito dirigido SA,No Financiero,total,Total,8639,4091,47.36,3387364.0,1660165.0,49.01,4548,648,912,1634,897,0
202604,55554,PRESTACIONES S.A.,No Financiero,empresa,Empresas,6,0,0.00,387640.0,0.0,0.00,6,0,0,0,0,0
202604,55554,PRESTACIONES S.A.,No Financiero,persona_fisica,Familias,20,9,45.00,564918.0,137643.0,24.37,11,1,3,5,0,0
202604,55554,PRESTACIONES S.A.,No Financiero,total,Total,26,9,34.62,952558.0,137643.0,14.45,17,1,3,5,0,0
202604,55558,GRUPO SACAR S.A.,No Financiero,persona_fisica,Familias,206,37,17.96,67266.0,14467.0,21.51,169,37,0,0,0,0
202604,55558,GRUPO SACAR S.A.,No Financiero,total,Total,206,37,17.96,67266.0,14467.0,21.51,169,37,0,0,0,0
202604,55561,TJS CAPITAL S.A.,No Financiero,empresa,Empresas,1,0,0.00,319.0,0.0,0.00,1,0,0,0,0,0
202604,55561,TJS CAPITAL S.A.,No Financiero,persona_fisica,Familias,225,4,1.78,131134.0,1704.0,1.30,221,0,0,3,1,0
202604,55561,TJS CAPITAL S.A.,No Financiero,total,Total,226,4,1.77,131453.0,1704.0,1.30,222,0,0,3,1,0
202604,55562,SERVICIOS CADMA SA,No Financiero,persona_fisica,Familias,972,46,4.73,297606.0,15234.0,5.12,926,3,3,3,37,0
202604,55562,SERVICIOS CADMA SA,No Financiero,total,Total,972,46,4.73,297606.0,15234.0,5.12,926,3,3,3,37,0
202604,55566,SALOMON S.A. SOCIEDAD ANONIMA,No Financiero,persona_fisica,Familias,105,1,0.95,777499.0,4199.0,0.54,104,1,0,0,0,0
202604,55566,SALOMON S.A. SOCIEDAD ANONIMA,No Financiero,total,Total,105,1,0.95,777499.0,4199.0,0.54,104,1,0,0,0,0
202604,55574,"Cooperativa de Vivienda, Crédito y Consumo Finadi Limitada",No Financiero,persona_fisica,Familias,36036,21258,58.99,10754258.0,5915161.0,55.00,14778,1639,2713,6150,10756,0
202604,55574,"Cooperativa de Vivienda, Crédito y Consumo Finadi Limitada",No Financiero,total,Total,36036,21258,58.99,10754258.0,5915161.0,55.00,14778,1639,2713,6150,10756,0
202604,55575,GRECO INVERSIONES SRL,No Financiero,empresa,Empresas,1,0,0.00,149330.0,0.0,0.00,1,0,0,0,0,0
202604,55575,GRECO INVERSIONES SRL,No Financiero,persona_fisica,Familias,9,0,0.00,52788.0,0.0,0.00,9,0,0,0,0,0
202604,55575,GRECO INVERSIONES SRL,No Financiero,total,Total,10,0,0.00,202118.0,0.0,0.00,10,0,0,0,0,0
202604,55577,BLOQUES S.A.,No Financiero,empresa,Empresas,1,0,0.00,5769.0,0.0,0.00,1,0,0,0,0,0
202604,55577,BLOQUES S.A.,No Financiero,persona_fisica,Familias,1,0,0.00,7899.0,0.0,0.00,1,0,0,0,0,0
202604,55577,BLOQUES S.A.,No Financiero,total,Total,2,0,0.00,13668.0,0.0,0.00,2,0,0,0,0,0
202604,55579,DEAMPRO S.R.L.,No Financiero,persona_fisica,Familias,8772,6281,71.60,1695268.0,1170453.0,69.04,2491,350,503,1031,4397,0
202604,55579,DEAMPRO S.R.L.,No Financiero,total,Total,8772,6281,71.60,1695268.0,1170453.0,69.04,2491,350,503,1031,4397,0
202604,55580,Platinum Viajes S.A.,No Financiero,persona_fisica,Familias,1840,637,34.62,300217.0,80522.0,26.82,1203,0,117,520,0,0
202604,55580,Platinum Viajes S.A.,No Financiero,total,Total,1840,637,34.62,300217.0,80522.0,26.82,1203,0,117,520,0,0
202604,55582,VERTIX S.A.,No Financiero,empresa,Empresas,1,0,0.00,81457.0,0.0,0.00,1,0,0,0,0,0
202604,55582,VERTIX S.A.,No Financiero,persona_fisica,Familias,5,0,0.00,91687.0,0.0,0.00,5,0,0,0,0,0
202604,55582,VERTIX S.A.,No Financiero,total,Total,6,0,0.00,173144.0,0.0,0.00,6,0,0,0,0,0
202604,55584,CONSUMEX S.A.,No Financiero,persona_fisica,Familias,1226,747,60.93,1112249.0,314453.0,28.27,479,29,104,293,321,0
202604,55584,CONSUMEX S.A.,No Financiero,total,Total,1226,747,60.93,1112249.0,314453.0,28.27,479,29,104,293,321,0
202604,55586,WUNDER S.A.,No Financiero,empresa,Empresas,3,0,0.00,175930.0,0.0,0.00,3,0,0,0,0,0
202604,55586,WUNDER S.A.,No Financiero,persona_fisica,Familias,395,36,9.11,3447305.0,282493.0,8.19,359,24,3,4,5,0
202604,55586,WUNDER S.A.,No Financiero,total,Total,398,36,9.05,3623235.0,282493.0,7.80,362,24,3,4,5,0
202604,65203,CRÉDITO REGIONAL COMPAÑÍA FINANCIERA S.A.U.,No Financiero,empresa,Empresas,12,11,91.67,196883.0,196758.0,99.94,1,0,0,0,11,0
202604,65203,CRÉDITO REGIONAL COMPAÑÍA FINANCIERA S.A.U.,No Financiero,persona_fisica,Familias,13559,10691,78.85,6843266.0,3746127.0,54.74,2868,432,816,1379,8064,0
202604,65203,CRÉDITO REGIONAL COMPAÑÍA FINANCIERA S.A.U.,No Financiero,total,Total,13571,10702,78.86,7040149.0,3942885.0,56.01,2869,432,816,1379,8075,0
202604,70101,AMERICAN EXPRESS ARGENTINA S.A.,No Financiero,empresa,Empresas,14944,1299,8.69,190370491.0,12534940.0,6.58,13645,439,258,164,438,0
202604,70101,AMERICAN EXPRESS ARGENTINA S.A.,No Financiero,persona_fisica,Familias,125780,7344,5.84,253260141.0,16392142.0,6.47,118436,1916,1870,985,2573,0
202604,70101,AMERICAN EXPRESS ARGENTINA S.A.,No Financiero,total,Total,140724,8643,6.14,443630632.0,28927082.0,6.52,132081,2355,2128,1149,3011,0
202604,70140,COTO CENTRO INTEGRAL DE COMERCIALIZAC SA,No Financiero,persona_fisica,Familias,21114,1894,8.97,6793918.0,577740.0,8.50,19220,404,301,455,734,0
202604,70140,COTO CENTRO INTEGRAL DE COMERCIALIZAC SA,No Financiero,total,Total,21114,1894,8.97,6793918.0,577740.0,8.50,19220,404,301,455,734,0
202604,70141,YPF S.A.,No Financiero,desconocido,Desconocido,2,0,0.00,14715.0,0.0,0.00,2,0,0,0,0,0
202604,70141,YPF S.A.,No Financiero,empresa,Empresas,9145,174,1.90,221995442.0,3084025.0,1.39,8971,13,29,46,86,0
202604,70141,YPF S.A.,No Financiero,persona_fisica,Familias,1943,59,3.04,17742231.0,286488.0,1.61,1884,5,15,14,25,0
202604,70141,YPF S.A.,No Financiero,total,Total,11090,233,2.10,239752388.0,3370513.0,1.41,10857,18,44,60,111,0
202604,70147,CENCOSUD S.A.,No Financiero,persona_fisica,Familias,524861,122563,23.35,457247335.0,152019835.0,33.25,402298,25211,28373,44133,24846,0
202604,70147,CENCOSUD S.A.,No Financiero,total,Total,524861,122563,23.35,457247335.0,152019835.0,33.25,402298,25211,28373,44133,24846,0
202604,70154,TELEPEAJE S.A.,No Financiero,empresa,Empresas,296,257,86.82,67878.0,49663.0,73.17,39,14,42,76,125,0
202604,70154,TELEPEAJE S.A.,No Financiero,persona_fisica,Familias,2394,2252,94.07,206043.0,183306.0,88.96,142,44,356,671,1181,0
202604,70154,TELEPEAJE S.A.,No Financiero,total,Total,2690,2509,93.27,273921.0,232969.0,85.05,181,58,398,747,1306,0
202604,70166,PRESTAMAS S.A.,No Financiero,empresa,Empresas,1,0,0.00,185500.0,0.0,0.00,1,0,0,0,0,0
202604,70166,PRESTAMAS S.A.,No Financiero,persona_fisica,Familias,173,137,79.19,81449.0,57557.0,70.67,36,7,11,18,101,0
202604,70166,PRESTAMAS S.A.,No Financiero,total,Total,174,137,78.74,266949.0,57557.0,21.56,37,7,11,18,101,0
202604,70168,Findi S.A.,No Financiero,persona_fisica,Familias,110,66,60.00,65180.0,42306.0,64.91,44,62,4,0,0,0
202604,70168,Findi S.A.,No Financiero,total,Total,110,66,60.00,65180.0,42306.0,64.91,44,62,4,0,0,0
202604,70210,ITALCRED S.A.,No Financiero,persona_fisica,Familias,3120,3028,97.05,4659625.0,4628295.0,99.33,92,73,99,278,2578,0
202604,70210,ITALCRED S.A.,No Financiero,total,Total,3120,3028,97.05,4659625.0,4628295.0,99.33,92,73,99,278,2578,0
202604,70212,CREDI-PAZ S.A.,No Financiero,persona_fisica,Familias,24483,12513,51.11,20094909.0,12499258.0,62.20,11970,1965,1392,2169,6987,0
202604,70212,CREDI-PAZ S.A.,No Financiero,total,Total,24483,12513,51.11,20094909.0,12499258.0,62.20,11970,1965,1392,2169,6987,0
202604,70224,TARJETAS DEL MAR S.A.,No Financiero,persona_fisica,Familias,197317,57840,29.31,159504862.0,55684606.0,34.91,139477,11626,12345,15213,18656,0
202604,70224,TARJETAS DEL MAR S.A.,No Financiero,total,Total,197317,57840,29.31,159504862.0,55684606.0,34.91,139477,11626,12345,15213,18656,0
202604,70228,SANTA MONICA S.A.,No Financiero,persona_fisica,Familias,52197,17373,33.28,29984099.0,12090304.0,40.32,34824,1028,753,1001,14591,0
202604,70228,SANTA MONICA S.A.,No Financiero,total,Total,52197,17373,33.28,29984099.0,12090304.0,40.32,34824,1028,753,1001,14591,0
202604,70229,CONTAR S.A.,No Financiero,persona_fisica,Familias,4916,2484,50.53,2143640.0,1466624.0,68.42,2432,175,288,46,1975,0
202604,70229,CONTAR S.A.,No Financiero,total,Total,4916,2484,50.53,2143640.0,1466624.0,68.42,2432,175,288,46,1975,0
202604,70231,MUTUAL DE ASOC Y ADHER CLUB SPORTS SALTO,No Financiero,persona_fisica,Familias,71,7,9.86,16628.0,2114.0,12.71,64,5,1,0,1,0
202604,70231,MUTUAL DE ASOC Y ADHER CLUB SPORTS SALTO,No Financiero,total,Total,71,7,9.86,16628.0,2114.0,12.71,64,5,1,0,1,0
202604,70234,NUEVA CARD S.A.,No Financiero,empresa,Empresas,45,4,8.89,72156.0,9296.0,12.88,41,0,3,0,1,0
202604,70234,NUEVA CARD S.A.,No Financiero,persona_fisica,Familias,93412,8934,9.56,59923288.0,6229920.0,10.40,84478,2762,1576,1853,2743,0
202604,70234,NUEVA CARD S.A.,No Financiero,total,Total,93457,8938,9.56,59995444.0,6239216.0,10.40,84519,2762,1579,1853,2744,0
202604,70239,FERTIL FINANZAS S.A.,No Financiero,persona_fisica,Familias,36043,11119,30.85,12706452.0,4707155.0,37.05,24924,1101,120,3583,6315,0
202604,70239,FERTIL FINANZAS S.A.,No Financiero,total,Total,36043,11119,30.85,12706452.0,4707155.0,37.05,24924,1101,120,3583,6315,0
202604,70248,FAVACARD S.A,No Financiero,persona_fisica,Familias,93424,34626,37.06,60770862.0,20526165.0,33.78,58798,5194,4413,8182,16837,0
202604,70248,FAVACARD S.A,No Financiero,total,Total,93424,34626,37.06,60770862.0,20526165.0,33.78,58798,5194,4413,8182,16837,0
202604,70252,JUCARD JUNIN S.R.L.,No Financiero,persona_fisica,Familias,2080,388,18.65,567441.0,136844.0,24.12,1692,16,91,78,203,0
202604,70252,JUCARD JUNIN S.R.L.,No Financiero,total,Total,2080,388,18.65,567441.0,136844.0,24.12,1692,16,91,78,203,0
202604,70256,EUROCRED S.A.,No Financiero,persona_fisica,Familias,265,93,35.09,49146.0,16951.0,34.49,172,9,3,81,0,0
202604,70256,EUROCRED S.A.,No Financiero,total,Total,265,93,35.09,49146.0,16951.0,34.49,172,9,3,81,0,0
202604,70257,TARTAN S.A.,No Financiero,persona_fisica,Familias,712,566,79.49,218089.0,186482.0,85.51,146,7,17,2,540,0
202604,70257,TARTAN S.A.,No Financiero,total,Total,712,566,79.49,218089.0,186482.0,85.51,146,7,17,2,540,0
202604,70268,Asociación Mutual 20 de Julio,No Financiero,persona_fisica,Familias,97,0,0.00,36182.0,0.0,0.00,97,0,0,0,0,0
202604,70268,Asociación Mutual 20 de Julio,No Financiero,total,Total,97,0,0.00,36182.0,0.0,0.00,97,0,0,0,0,0
202604,70269,"Credinos Cooperativa de Vivienda, Crédito, Consumo, Servicios Asistenc",No Financiero,persona_fisica,Familias,1402,834,59.49,603950.0,228879.0,37.90,568,52,38,65,679,0
202604,70269,"Credinos Cooperativa de Vivienda, Crédito, Consumo, Servicios Asistenc",No Financiero,total,Total,1402,834,59.49,603950.0,228879.0,37.90,568,52,38,65,679,0
202604,70270,Asociación Mutual Club Social Deportivo Ascensión,No Financiero,persona_fisica,Familias,1564,527,33.70,785569.0,275077.0,35.02,1037,79,83,94,271,0
202604,70270,Asociación Mutual Club Social Deportivo Ascensión,No Financiero,total,Total,1564,527,33.70,785569.0,275077.0,35.02,1037,79,83,94,271,0
202604,70301,Tarjeta Pampeana S.A,No Financiero,persona_fisica,Familias,8593,1999,23.26,5486801.0,1983396.0,36.15,6594,497,342,385,775,0
202604,70301,Tarjeta Pampeana S.A,No Financiero,total,Total,8593,1999,23.26,5486801.0,1983396.0,36.15,6594,497,342,385,775,0
202604,70407,TALOR SOCIEDAD COLECTIVA,No Financiero,empresa,Empresas,2,0,0.00,4472.0,0.0,0.00,2,0,0,0,0,0
202604,70407,TALOR SOCIEDAD COLECTIVA,No Financiero,persona_fisica,Familias,4431,93,2.10,3060219.0,67940.0,2.22,4338,56,18,9,10,0
202604,70407,TALOR SOCIEDAD COLECTIVA,No Financiero,total,Total,4433,93,2.10,3064691.0,67940.0,2.22,4340,56,18,9,10,0
202604,70408,TARJETA NARANJA S.A.U.,No Financiero,persona_fisica,Familias,4323214,1224853,28.33,4976729725.0,1431441608.0,28.76,3098361,195760,226572,304843,497678,0
202604,70408,TARJETA NARANJA S.A.U.,No Financiero,total,Total,4323214,1224853,28.33,4976729725.0,1431441608.0,28.76,3098361,195760,226572,304843,497678,0
202604,70411,TEVISAL S.A.,No Financiero,persona_fisica,Familias,503,240,47.71,232406.0,102689.0,44.19,263,26,30,27,157,0
202604,70411,TEVISAL S.A.,No Financiero,total,Total,503,240,47.71,232406.0,102689.0,44.19,263,26,30,27,157,0
202604,70412,Zafiro S.A.,No Financiero,persona_fisica,Familias,1545,412,26.67,928860.0,235433.0,25.35,1133,50,81,75,206,0
202604,70412,Zafiro S.A.,No Financiero,total,Total,1545,412,26.67,928860.0,235433.0,25.35,1133,50,81,75,206,0
202604,70413,VILLTER S.R.L.,No Financiero,persona_fisica,Familias,1886,643,34.09,935007.0,310142.0,33.17,1243,55,89,77,422,0
202604,70413,VILLTER S.R.L.,No Financiero,total,Total,1886,643,34.09,935007.0,310142.0,33.17,1243,55,89,77,422,0
202604,70420,Corfa Servi S.R.L.,No Financiero,empresa,Empresas,2,0,0.00,261.0,0.0,0.00,2,0,0,0,0,0
202604,70420,Corfa Servi S.R.L.,No Financiero,persona_fisica,Familias,977,189,19.34,567638.0,132901.0,23.41,788,46,6,27,110,0
202604,70420,Corfa Servi S.R.L.,No Financiero,total,Total,979,189,19.31,567899.0,132901.0,23.40,790,46,6,27,110,0
202604,70421,MUTUAL COYSPU,No Financiero,empresa,Empresas,9,4,44.44,165080.0,70916.0,42.96,5,0,3,1,0,0
202604,70421,MUTUAL COYSPU,No Financiero,persona_fisica,Familias,2848,413,14.50,3010147.0,649491.0,21.58,2435,137,97,79,100,0
202604,70421,MUTUAL COYSPU,No Financiero,total,Total,2857,417,14.60,3175227.0,720407.0,22.69,2440,137,100,80,100,0
202604,70424,Tarjeta PL S.A.,No Financiero,persona_fisica,Familias,2802,474,16.92,1759696.0,216891.0,12.33,2328,53,144,75,202,0
202604,70424,Tarjeta PL S.A.,No Financiero,total,Total,2802,474,16.92,1759696.0,216891.0,12.33,2328,53,144,75,202,0
202604,70429,MUTUAL DE LAS COMUNIDADES,No Financiero,empresa,Empresas,22,4,18.18,830440.0,153607.0,18.50,18,0,1,3,0,0
202604,70429,MUTUAL DE LAS COMUNIDADES,No Financiero,persona_fisica,Familias,2005,139,6.93,4976674.0,385379.0,7.74,1866,56,28,16,39,0
202604,70429,MUTUAL DE LAS COMUNIDADES,No Financiero,total,Total,2027,143,7.05,5807114.0,538986.0,9.28,1884,56,29,19,39,0
202604,70433,SISCOM S.R.L.,No Financiero,empresa,Empresas,1,0,0.00,649.0,0.0,0.00,1,0,0,0,0,0
202604,70433,SISCOM S.R.L.,No Financiero,persona_fisica,Familias,397,36,9.07,224371.0,36041.0,16.06,361,7,11,2,16,0
202604,70433,SISCOM S.R.L.,No Financiero,total,Total,398,36,9.05,225020.0,36041.0,16.02,362,7,11,2,16,0
202604,70503,LOCRED SRL,No Financiero,persona_fisica,Familias,1703,1006,59.07,886719.0,736114.0,83.02,697,101,103,172,630,0
202604,70503,LOCRED SRL,No Financiero,total,Total,1703,1006,59.07,886719.0,736114.0,83.02,697,101,103,172,630,0
202604,70603,COOP SERV ADM VTAS CRED Y CRED GUIA LTDA,No Financiero,persona_fisica,Familias,21086,4287,20.33,18427237.0,4968002.0,26.96,16799,579,517,979,2212,0
202604,70603,COOP SERV ADM VTAS CRED Y CRED GUIA LTDA,No Financiero,total,Total,21086,4287,20.33,18427237.0,4968002.0,26.96,16799,579,517,979,2212,0
202604,70802,S.A. CLUB DEL ESTE,No Financiero,persona_fisica,Familias,1504,93,6.18,624530.0,59948.0,9.60,1411,36,23,13,21,0
202604,70802,S.A. CLUB DEL ESTE,No Financiero,total,Total,1504,93,6.18,624530.0,59948.0,9.60,1411,36,23,13,21,0
202604,70803,SISTEMA DE CREDITO DE ENTRE RIOS S.A.,No Financiero,persona_fisica,Familias,19457,2947,15.15,17175672.0,2990470.0,17.41,16510,620,810,858,659,0
202604,70803,SISTEMA DE CREDITO DE ENTRE RIOS S.A.,No Financiero,total,Total,19457,2947,15.15,17175672.0,2990470.0,17.41,16510,620,810,858,659,0
202604,70805,DILFER S.A.,No Financiero,persona_fisica,Familias,28980,9884,34.11,12441535.0,3916939.0,31.48,19096,1164,1167,1868,5685,0
202604,70805,DILFER S.A.,No Financiero,total,Total,28980,9884,34.11,12441535.0,3916939.0,31.48,19096,1164,1167,1868,5685,0
202604,70806,EMPRENDER S.A.,No Financiero,persona_fisica,Familias,51,0,0.00,40019.0,0.0,0.00,51,0,0,0,0,0
202604,70806,EMPRENDER S.A.,No Financiero,total,Total,51,0,0.00,40019.0,0.0,0.00,51,0,0,0,0,0
202604,70808,Caja Municipal de Préstamos Sociedad de Economía Mixta,No Financiero,persona_fisica,Familias,1277,9,0.70,1676861.0,10713.0,0.64,1268,3,3,1,2,0
202604,70808,Caja Municipal de Préstamos Sociedad de Economía Mixta,No Financiero,total,Total,1277,9,0.70,1676861.0,10713.0,0.64,1268,3,3,1,2,0
202604,70903,Única compañía de Crédito S.A.,No Financiero,persona_fisica,Familias,17755,9334,52.57,9617213.0,6271237.0,65.21,8421,782,965,1665,5922,0
202604,70903,Única compañía de Crédito S.A.,No Financiero,total,Total,17755,9334,52.57,9617213.0,6271237.0,65.21,8421,782,965,1665,5922,0
202604,71103,GLOBAL S.R.L.,No Financiero,persona_fisica,Familias,94,7,7.45,33450.0,5595.0,16.73,87,0,0,0,7,0
202604,71103,GLOBAL S.R.L.,No Financiero,total,Total,94,7,7.45,33450.0,5595.0,16.73,87,0,0,0,7,0
202604,71302,CUMAR S.A.,No Financiero,persona_fisica,Familias,7679,2828,36.83,1796735.0,747190.0,41.59,4851,396,447,1066,919,0
202604,71302,CUMAR S.A.,No Financiero,total,Total,7679,2828,36.83,1796735.0,747190.0,41.59,4851,396,447,1066,919,0
202604,71402,CENTRO CARD S.A.,No Financiero,persona_fisica,Familias,40290,16099,39.96,27091409.0,11141668.0,41.13,24191,2263,871,2291,10674,0
202604,71402,CENTRO CARD S.A.,No Financiero,total,Total,40290,16099,39.96,27091409.0,11141668.0,41.13,24191,2263,871,2291,10674,0
202604,71801,DATA 2000 S.A.,No Financiero,persona_fisica,Familias,39943,17680,44.26,23311424.0,7720916.0,33.12,22263,1632,1946,2635,11467,0
202604,71801,DATA 2000 S.A.,No Financiero,total,Total,39943,17680,44.26,23311424.0,7720916.0,33.12,22263,1632,1946,2635,11467,0
202604,71803,VISION S.A.,No Financiero,persona_fisica,Familias,3203,1787,55.79,1942137.0,1163967.0,59.93,1416,407,177,301,902,0
202604,71803,VISION S.A.,No Financiero,total,Total,3203,1787,55.79,1942137.0,1163967.0,59.93,1416,407,177,301,902,0
202604,72101,ASOC MUT AYUDA ASOC ADHER CLUB ATL UNION,No Financiero,empresa,Empresas,7,2,28.57,31747.0,2067.0,6.51,5,1,0,0,1,0
202604,72101,ASOC MUT AYUDA ASOC ADHER CLUB ATL UNION,No Financiero,persona_fisica,Familias,3336,556,16.67,2456455.0,397237.0,16.17,2780,115,83,32,326,0
202604,72101,ASOC MUT AYUDA ASOC ADHER CLUB ATL UNION,No Financiero,total,Total,3343,558,16.69,2488202.0,399304.0,16.05,2785,116,83,32,327,0
202604,72102,ASOCIACION MUTUAL DEL CLUB A. ARGENTINO,No Financiero,empresa,Empresas,39,7,17.95,1234401.0,263438.0,21.34,32,4,2,0,1,0
202604,72102,ASOCIACION MUTUAL DEL CLUB A. ARGENTINO,No Financiero,persona_fisica,Familias,8360,717,8.58,17536303.0,2704405.0,15.42,7643,518,72,113,14,0
202604,72102,ASOCIACION MUTUAL DEL CLUB A. ARGENTINO,No Financiero,total,Total,8399,724,8.62,18770704.0,2967843.0,15.81,7675,522,74,113,15,0
202604,72103,CLUB ATLETICO SAN JORGE MUTUAL Y SOCIAL,No Financiero,empresa,Empresas,14,1,7.14,48908.0,836.0,1.71,13,1,0,0,0,0
202604,72103,CLUB ATLETICO SAN JORGE MUTUAL Y SOCIAL,No Financiero,persona_fisica,Familias,2466,188,7.62,1680334.0,185964.0,11.07,2278,97,55,31,5,0
202604,72103,CLUB ATLETICO SAN JORGE MUTUAL Y SOCIAL,No Financiero,total,Total,2480,189,7.62,1729242.0,186800.0,10.80,2291,98,55,31,5,0
202604,72104,MUTUAL SOCIOS ASOC MEDIC ROSARIO,No Financiero,empresa,Empresas,146,5,3.42,14731865.0,368130.0,2.50,141,0,4,0,1,0
202604,72104,MUTUAL SOCIOS ASOC MEDIC ROSARIO,No Financiero,persona_fisica,Familias,15353,570,3.71,87016505.0,3977603.0,4.57,14783,188,157,118,107,0
202604,72104,MUTUAL SOCIOS ASOC MEDIC ROSARIO,No Financiero,total,Total,15499,575,3.71,101748370.0,4345733.0,4.27,14924,188,161,118,108,0
202604,72106,ASOCIACION MUTUAL VENADO TUERTO,No Financiero,persona_fisica,Familias,9415,1059,11.25,6611776.0,975615.0,14.76,8356,423,158,211,267,0
202604,72106,ASOCIACION MUTUAL VENADO TUERTO,No Financiero,total,Total,9415,1059,11.25,6611776.0,975615.0,14.76,8356,423,158,211,267,0
202604,72113,MUTUAL ENTRE ASOC COOPER MUTUAL PATRONAL,No Financiero,empresa,Empresas,43,16,37.21,856946.0,297236.0,34.69,27,3,5,3,5,0
202604,72113,MUTUAL ENTRE ASOC COOPER MUTUAL PATRONAL,No Financiero,persona_fisica,Familias,10050,2652,26.39,7505111.0,1687711.0,22.49,7398,515,422,344,1371,0
202604,72113,MUTUAL ENTRE ASOC COOPER MUTUAL PATRONAL,No Financiero,total,Total,10093,2668,26.43,8362057.0,1984947.0,23.74,7425,518,427,347,1376,0
202604,72117,ASOC MUT CONSEJ ARROYOS COOP EMP MULTIPL,No Financiero,empresa,Empresas,20,1,5.00,913372.0,123694.0,13.54,19,1,0,0,0,0
202604,72117,ASOC MUT CONSEJ ARROYOS COOP EMP MULTIPL,No Financiero,persona_fisica,Familias,1741,237,13.61,7599857.0,1098815.0,14.46,1504,145,60,26,6,0
202604,72117,ASOC MUT CONSEJ ARROYOS COOP EMP MULTIPL,No Financiero,total,Total,1761,238,13.52,8513229.0,1222509.0,14.36,1523,146,60,26,6,0
202604,72123,SOCIEDAD ARG DE SOCORROS MUTUO CORONDA,No Financiero,persona_fisica,Familias,711,18,2.53,169922.0,9725.0,5.72,693,5,4,5,4,0
202604,72123,SOCIEDAD ARG DE SOCORROS MUTUO CORONDA,No Financiero,total,Total,711,18,2.53,169922.0,9725.0,5.72,693,5,4,5,4,0
202604,72126,CREDISOL S.A.,No Financiero,persona_fisica,Familias,6081,3612,59.40,876225.0,485218.0,55.38,2469,835,411,486,1880,0
202604,72126,CREDISOL S.A.,No Financiero,total,Total,6081,3612,59.40,876225.0,485218.0,55.38,2469,835,411,486,1880,0
202604,72128,ASOCIACION MUTUAL CLUB COLON DE SAN JUSTO,No Financiero,persona_fisica,Familias,1122,29,2.58,325869.0,13242.0,4.06,1093,16,7,2,4,0
202604,72128,ASOCIACION MUTUAL CLUB COLON DE SAN JUSTO,No Financiero,total,Total,1122,29,2.58,325869.0,13242.0,4.06,1093,16,7,2,4,0
202604,72131,Asociación Mutual del Personal Jerárquico de Bancos Oficiales Nacional,No Financiero,persona_fisica,Familias,22881,4863,21.25,10515379.0,3481869.0,33.11,18018,803,778,1290,1992,0
202604,72131,Asociación Mutual del Personal Jerárquico de Bancos Oficiales Nacional,No Financiero,total,Total,22881,4863,21.25,10515379.0,3481869.0,33.11,18018,803,778,1290,1992,0
202604,72132,Asociación Mutual de Ayuda entre Asociados y Adherentes del Club Depor,No Financiero,persona_fisica,Familias,1348,156,11.57,462338.0,66508.0,14.39,1192,46,38,21,51,0
202604,72132,Asociación Mutual de Ayuda entre Asociados y Adherentes del Club Depor,No Financiero,total,Total,1348,156,11.57,462338.0,66508.0,14.39,1192,46,38,21,51,0
202604,72133,CREDIFIAR S.A.,No Financiero,persona_fisica,Familias,3140,1581,50.35,1549080.0,920516.0,59.42,1559,285,185,465,646,0
202604,72133,CREDIFIAR S.A.,No Financiero,total,Total,3140,1581,50.35,1549080.0,920516.0,59.42,1559,285,185,465,646,0
202604,72134,Asociación Mutual de Ayuda entre Asociados y Adherentes del Club Atlét,No Financiero,persona_fisica,Familias,988,25,2.53,260205.0,23234.0,8.93,963,0,0,0,25,0
202604,72134,Asociación Mutual de Ayuda entre Asociados y Adherentes del Club Atlét,No Financiero,total,Total,988,25,2.53,260205.0,23234.0,8.93,963,0,0,0,25,0
202604,72135,Asociación Mutual PYME RURAL,No Financiero,persona_fisica,Familias,2385,96,4.03,932515.0,37088.0,3.98,2289,70,19,7,0,0
202604,72135,Asociación Mutual PYME RURAL,No Financiero,total,Total,2385,96,4.03,932515.0,37088.0,3.98,2289,70,19,7,0,0
202604,72136,Asociación Mutualista del Club Central San Carlos,No Financiero,empresa,Empresas,9,0,0.00,12788.0,0.0,0.00,9,0,0,0,0,0
202604,72136,Asociación Mutualista del Club Central San Carlos,No Financiero,persona_fisica,Familias,1680,11,0.65,1096711.0,8388.0,0.76,1669,0,1,4,6,0
202604,72136,Asociación Mutualista del Club Central San Carlos,No Financiero,total,Total,1689,11,0.65,1109499.0,8388.0,0.76,1678,0,1,4,6,0
202604,72303,CREDIMAS S.A.,No Financiero,persona_fisica,Familias,16428,12204,74.29,11583238.0,9353978.0,80.75,4224,2155,1443,2495,6111,0
202604,72303,CREDIMAS S.A.,No Financiero,total,Total,16428,12204,74.29,11583238.0,9353978.0,80.75,4224,2155,1443,2495,6111,0
202604,72304,TARJETA TITANIO S.A.,No Financiero,persona_fisica,Familias,19632,6305,32.12,8351788.0,3407249.0,40.80,13327,741,43,5520,1,0
202604,72304,TARJETA TITANIO S.A.,No Financiero,total,Total,19632,6305,32.12,8351788.0,3407249.0,40.80,13327,741,43,5520,1,0
202604,72306,VALLE FERTIL S.A.,No Financiero,persona_fisica,Familias,173348,81410,46.96,159319167.0,93546914.0,58.72,91938,9540,8207,2440,61223,0
202604,72306,VALLE FERTIL S.A.,No Financiero,total,Total,173348,81410,46.96,159319167.0,93546914.0,58.72,91938,9540,8207,2440,61223,0
202604,72501,TDF S.A.,No Financiero,empresa,Empresas,6,0,0.00,7504.0,0.0,0.00,6,0,0,0,0,0
202604,72501,TDF S.A.,No Financiero,persona_fisica,Familias,5150,4288,83.26,1914590.0,1317662.0,68.82,862,67,2,966,3253,0
202604,72501,TDF S.A.,No Financiero,total,Total,5156,4288,83.17,1922094.0,1317662.0,68.55,868,67,2,966,3253,0
202604,72607,"FIRENZE COOPERATIVA DE CRÉDITO, CONSUMO, VIVIENDA, TURISMO Y SERVICIOS",No Financiero,empresa,Empresas,1,0,0.00,197.0,0.0,0.00,1,0,0,0,0,0
202604,72607,"FIRENZE COOPERATIVA DE CRÉDITO, CONSUMO, VIVIENDA, TURISMO Y SERVICIOS",No Financiero,persona_fisica,Familias,1487,140,9.41,3027247.0,106100.0,3.50,1347,2,3,5,130,0
202604,72607,"FIRENZE COOPERATIVA DE CRÉDITO, CONSUMO, VIVIENDA, TURISMO Y SERVICIOS",No Financiero,total,Total,1488,140,9.41,3027444.0,106100.0,3.50,1348,2,3,5,130,0
202604,72613,NORYSUR SOCIEDAD ANONIMA,No Financiero,persona_fisica,Familias,513,458,89.28,199008.0,169670.0,85.26,55,25,15,22,396,0
202604,72613,NORYSUR SOCIEDAD ANONIMA,No Financiero,total,Total,513,458,89.28,199008.0,169670.0,85.26,55,25,15,22,396,0
202604,72618,ASOCIACION MUTUAL DE ASOCIADOS Y ADHERENTES DEL CENTRO JUVENIL SPORTIV,No Financiero,empresa,Empresas,33,6,18.18,1344018.0,267667.0,19.92,27,1,2,1,2,0
202604,72618,ASOCIACION MUTUAL DE ASOCIADOS Y ADHERENTES DEL CENTRO JUVENIL SPORTIV,No Financiero,persona_fisica,Familias,1097,289,26.34,5608137.0,875169.0,15.61,808,75,65,55,94,0
202604,72618,ASOCIACION MUTUAL DE ASOCIADOS Y ADHERENTES DEL CENTRO JUVENIL SPORTIV,No Financiero,total,Total,1130,295,26.11,6952155.0,1142836.0,16.44,835,76,67,56,96,0
202604,72622,ASOCIACION MUTUAL SANTA AGUSTINA,No Financiero,persona_fisica,Familias,257,66,25.68,107431.0,38983.0,36.29,191,23,16,25,2,0
202604,72622,ASOCIACION MUTUAL SANTA AGUSTINA,No Financiero,total,Total,257,66,25.68,107431.0,38983.0,36.29,191,23,16,25,2,0
202604,72631,COOPERATIVA DE PROVISION DE BIENES Y SERVICIOS ALLEN LTDA,No Financiero,empresa,Empresas,4,0,0.00,6167.0,0.0,0.00,4,0,0,0,0,0
202604,72631,COOPERATIVA DE PROVISION DE BIENES Y SERVICIOS ALLEN LTDA,No Financiero,persona_fisica,Familias,4655,199,4.27,2772365.0,120906.0,4.36,4456,98,25,38,38,0
202604,72631,COOPERATIVA DE PROVISION DE BIENES Y SERVICIOS ALLEN LTDA,No Financiero,total,Total,4659,199,4.27,2778532.0,120906.0,4.35,4460,98,25,38,38,0
202604,72633,COOPERATIVA FARO LTDA,No Financiero,empresa,Empresas,2,2,100.00,189.0,189.0,100.00,0,0,0,1,1,0
202604,72633,COOPERATIVA FARO LTDA,No Financiero,persona_fisica,Familias,4305,856,19.88,1505492.0,330618.0,21.96,3449,215,145,252,244,0
202604,72633,COOPERATIVA FARO LTDA,No Financiero,total,Total,4307,858,19.92,1505681.0,330807.0,21.97,3449,215,145,253,245,0
202604,72634,MERCADOLIBRE S.R.L.,No Financiero,empresa,Empresas,6544,1411,21.56,72982685.0,18043089.0,24.72,5133,305,371,478,257,0
202604,72634,MERCADOLIBRE S.R.L.,No Financiero,persona_fisica,Familias,6325341,1273932,20.14,2521416186.0,549808272.0,21.81,5051409,206568,295942,470013,301409,0
202604,72634,MERCADOLIBRE S.R.L.,No Financiero,total,Total,6331885,1275343,20.14,2594398871.0,567851361.0,21.89,5056542,206873,296313,470491,301666,0
202604,72638,Pago Virtual del Sur S.A.,No Financiero,empresa,Empresas,1,0,0.00,5116.0,0.0,0.00,1,0,0,0,0,0
202604,72638,Pago Virtual del Sur S.A.,No Financiero,persona_fisica,Familias,1,0,0.00,1000.0,0.0,0.00,1,0,0,0,0,0
202604,72638,Pago Virtual del Sur S.A.,No Financiero,total,Total,2,0,0.00,6116.0,0.0,0.00,2,0,0,0,0,0
202604,72639,SILOHUB ARGENTINA S.A.S.,No Financiero,persona_fisica,Familias,2,2,100.00,7261.0,7261.0,100.00,0,2,0,0,0,0
202604,72639,SILOHUB ARGENTINA S.A.S.,No Financiero,total,Total,2,2,100.00,7261.0,7261.0,100.00,0,2,0,0,0,0
202604,72641,SUPRESTAMO SAS,No Financiero,persona_fisica,Familias,1431,58,4.05,1022363.0,57021.0,5.58,1373,1,20,23,14,0
202604,72641,SUPRESTAMO SAS,No Financiero,total,Total,1431,58,4.05,1022363.0,57021.0,5.58,1373,1,20,23,14,0
202604,72649,FINANROL SA,No Financiero,persona_fisica,Familias,5596,1870,33.42,2281519.0,803849.0,35.23,3726,421,675,464,310,0
202604,72649,FINANROL SA,No Financiero,total,Total,5596,1870,33.42,2281519.0,803849.0,35.23,3726,421,675,464,310,0
