fecha_info,codigo_entidad,nombre_entidad,sector,tipo_segmento,situacion_codigo,situacion_descripcion,deudores,monto_total_miles_pesos,monto_promedio_miles_pesos,pct_deudores_segmento,pct_monto_segmento,registros_origen
202604,00007,BANCO DE GALICIA Y BUENOS AIRES S.A.,Financiero,Empresas,1,Situacion normal,122761,11669814310.0,95061.3,90.32,95.74,122761
202604,00007,BANCO DE GALICIA Y BUENOS AIRES S.A.,Financiero,Empresas,11,Asistencias totalmente cubiertas con garantias preferidas A,14,535827.0,38273.4,0.01,0.00,14
202604,00007,BANCO DE GALICIA Y BUENOS AIRES S.A.,Financiero,Empresas,2,Con seguimiento especial / riesgo bajo,1420,146035276.0,102841.7,1.04,1.20,1420
202604,00007,BANCO DE GALICIA Y BUENOS AIRES S.A.,Financiero,Empresas,3,Con problemas / riesgo medio,3012,116947996.0,38827.4,2.22,0.96,3012
202604,00007,BANCO DE GALICIA Y BUENOS AIRES S.A.,Financiero,Empresas,4,Con alto riesgo de insolvencia / riesgo alto,1993,171171263.0,85886.2,1.47,1.40,1993
202604,00007,BANCO DE GALICIA Y BUENOS AIRES S.A.,Financiero,Empresas,5,Irrecuperable,6718,84651549.0,12600.7,4.94,0.69,6718
202604,00007,BANCO DE GALICIA Y BUENOS AIRES S.A.,Financiero,Familias,1,Situacion normal,1757150,8136731847.0,4630.6,75.86,72.88,1757150
202604,00007,BANCO DE GALICIA Y BUENOS AIRES S.A.,Financiero,Familias,11,Asistencias totalmente cubiertas con garantias preferidas A,9,125204.0,13911.6,0.00,0.00,9
202604,00007,BANCO DE GALICIA Y BUENOS AIRES S.A.,Financiero,Familias,2,Con seguimiento especial / riesgo bajo,74551,472051987.0,6331.9,3.22,4.23,74551
202604,00007,BANCO DE GALICIA Y BUENOS AIRES S.A.,Financiero,Familias,3,Con problemas / riesgo medio,67293,469951818.0,6983.7,2.91,4.21,67293
202604,00007,BANCO DE GALICIA Y BUENOS AIRES S.A.,Financiero,Familias,4,Con alto riesgo de insolvencia / riesgo alto,103523,863969106.0,8345.7,4.47,7.74,103523
202604,00007,BANCO DE GALICIA Y BUENOS AIRES S.A.,Financiero,Familias,5,Irrecuperable,313896,1221903078.0,3892.7,13.55,10.94,313896
202604,00007,BANCO DE GALICIA Y BUENOS AIRES S.A.,Financiero,Total,1,Situacion normal,1879911,19806546157.0,10535.9,76.66,84.81,1879911
202604,00007,BANCO DE GALICIA Y BUENOS AIRES S.A.,Financiero,Total,11,Asistencias totalmente cubiertas con garantias preferidas A,23,661031.0,28740.5,0.00,0.00,23
202604,00007,BANCO DE GALICIA Y BUENOS AIRES S.A.,Financiero,Total,2,Con seguimiento especial / riesgo bajo,75971,618087263.0,8135.8,3.10,2.65,75971
202604,00007,BANCO DE GALICIA Y BUENOS AIRES S.A.,Financiero,Total,3,Con problemas / riesgo medio,70305,586899814.0,8347.9,2.87,2.51,70305
202604,00007,BANCO DE GALICIA Y BUENOS AIRES S.A.,Financiero,Total,4,Con alto riesgo de insolvencia / riesgo alto,105516,1035140369.0,9810.3,4.30,4.43,105516
202604,00007,BANCO DE GALICIA Y BUENOS AIRES S.A.,Financiero,Total,5,Irrecuperable,320614,1306554627.0,4075.2,13.07,5.59,320614
202604,00011,BANCO DE LA NACION ARGENTINA,Financiero,Empresas,1,Situacion normal,31844,13545240744.0,425362.4,88.88,93.95,31844
202604,00011,BANCO DE LA NACION ARGENTINA,Financiero,Empresas,11,Asistencias totalmente cubiertas con garantias preferidas A,762,45434661.0,59625.5,2.13,0.32,762
202604,00011,BANCO DE LA NACION ARGENTINA,Financiero,Empresas,2,Con seguimiento especial / riesgo bajo,1275,244157314.0,191495.9,3.56,1.69,1275
202604,00011,BANCO DE LA NACION ARGENTINA,Financiero,Empresas,3,Con problemas / riesgo medio,739,104039167.0,140783.7,2.06,0.72,739
202604,00011,BANCO DE LA NACION ARGENTINA,Financiero,Empresas,4,Con alto riesgo de insolvencia / riesgo alto,742,425905590.0,573996.8,2.07,2.95,742
202604,00011,BANCO DE LA NACION ARGENTINA,Financiero,Empresas,5,Irrecuperable,467,53398481.0,114343.6,1.30,0.37,467
202604,00011,BANCO DE LA NACION ARGENTINA,Financiero,Familias,1,Situacion normal,1922795,16126130782.0,8386.8,81.32,88.30,1922795
202604,00011,BANCO DE LA NACION ARGENTINA,Financiero,Familias,11,Asistencias totalmente cubiertas con garantias preferidas A,2445,14842451.0,6070.5,0.10,0.08,2445
202604,00011,BANCO DE LA NACION ARGENTINA,Financiero,Familias,2,Con seguimiento especial / riesgo bajo,87849,727463435.0,8280.8,3.72,3.98,87849
202604,00011,BANCO DE LA NACION ARGENTINA,Financiero,Familias,3,Con problemas / riesgo medio,93703,569365498.0,6076.3,3.96,3.12,93703
202604,00011,BANCO DE LA NACION ARGENTINA,Financiero,Familias,4,Con alto riesgo de insolvencia / riesgo alto,139073,611632546.0,4397.9,5.88,3.35,139073
202604,00011,BANCO DE LA NACION ARGENTINA,Financiero,Familias,5,Irrecuperable,118625,212813614.0,1794.0,5.02,1.17,118625
202604,00011,BANCO DE LA NACION ARGENTINA,Financiero,Total,1,Situacion normal,1954639,29671371526.0,15180.0,81.43,90.79,1954639
202604,00011,BANCO DE LA NACION ARGENTINA,Financiero,Total,11,Asistencias totalmente cubiertas con garantias preferidas A,3207,60277112.0,18795.5,0.13,0.18,3207
202604,00011,BANCO DE LA NACION ARGENTINA,Financiero,Total,2,Con seguimiento especial / riesgo bajo,89124,971620749.0,10901.9,3.71,2.97,89124
202604,00011,BANCO DE LA NACION ARGENTINA,Financiero,Total,3,Con problemas / riesgo medio,94442,673404665.0,7130.4,3.93,2.06,94442
202604,00011,BANCO DE LA NACION ARGENTINA,Financiero,Total,4,Con alto riesgo de insolvencia / riesgo alto,139815,1037538136.0,7420.8,5.82,3.17,139815
202604,00011,BANCO DE LA NACION ARGENTINA,Financiero,Total,5,Irrecuperable,119092,266212095.0,2235.3,4.96,0.81,119092
202604,00014,BANCO DE LA PROVINCIA DE BUENOS AIRES,Financiero,Empresas,1,Situacion normal,20118,4009166694.0,199282.6,89.78,92.27,20118
202604,00014,BANCO DE LA PROVINCIA DE BUENOS AIRES,Financiero,Empresas,11,Asistencias totalmente cubiertas con garantias preferidas A,28,1102699.0,39382.1,0.12,0.03,28
202604,00014,BANCO DE LA PROVINCIA DE BUENOS AIRES,Financiero,Empresas,2,Con seguimiento especial / riesgo bajo,632,158350848.0,250555.1,2.82,3.64,632
202604,00014,BANCO DE LA PROVINCIA DE BUENOS AIRES,Financiero,Empresas,3,Con problemas / riesgo medio,526,60659030.0,115321.3,2.35,1.40,526
202604,00014,BANCO DE LA PROVINCIA DE BUENOS AIRES,Financiero,Empresas,4,Con alto riesgo de insolvencia / riesgo alto,600,105575716.0,175959.5,2.68,2.43,600
202604,00014,BANCO DE LA PROVINCIA DE BUENOS AIRES,Financiero,Empresas,5,Irrecuperable,504,10372389.0,20580.1,2.25,0.24,504
202604,00014,BANCO DE LA PROVINCIA DE BUENOS AIRES,Financiero,Familias,1,Situacion normal,1553402,5529923892.0,3559.9,82.60,79.38,1553402
202604,00014,BANCO DE LA PROVINCIA DE BUENOS AIRES,Financiero,Familias,11,Asistencias totalmente cubiertas con garantias preferidas A,1304,5014521.0,3845.5,0.07,0.07,1304
202604,00014,BANCO DE LA PROVINCIA DE BUENOS AIRES,Financiero,Familias,2,Con seguimiento especial / riesgo bajo,68705,399405294.0,5813.3,3.65,5.73,68705
202604,00014,BANCO DE LA PROVINCIA DE BUENOS AIRES,Financiero,Familias,3,Con problemas / riesgo medio,62147,353266911.0,5684.4,3.30,5.07,62147
202604,00014,BANCO DE LA PROVINCIA DE BUENOS AIRES,Financiero,Familias,4,Con alto riesgo de insolvencia / riesgo alto,106437,521501216.0,4899.6,5.66,7.49,106437
202604,00014,BANCO DE LA PROVINCIA DE BUENOS AIRES,Financiero,Familias,5,Irrecuperable,88730,157129935.0,1770.9,4.72,2.26,88730
202604,00014,BANCO DE LA PROVINCIA DE BUENOS AIRES,Financiero,Total,1,Situacion normal,1573520,9539090586.0,6062.3,82.68,84.33,1573520
202604,00014,BANCO DE LA PROVINCIA DE BUENOS AIRES,Financiero,Total,11,Asistencias totalmente cubiertas con garantias preferidas A,1332,6117220.0,4592.5,0.07,0.05,1332
202604,00014,BANCO DE LA PROVINCIA DE BUENOS AIRES,Financiero,Total,2,Con seguimiento especial / riesgo bajo,69337,557756142.0,8044.1,3.64,4.93,69337
202604,00014,BANCO DE LA PROVINCIA DE BUENOS AIRES,Financiero,Total,3,Con problemas / riesgo medio,62673,413925941.0,6604.5,3.29,3.66,62673
202604,00014,BANCO DE LA PROVINCIA DE BUENOS AIRES,Financiero,Total,4,Con alto riesgo de insolvencia / riesgo alto,107037,627076932.0,5858.5,5.62,5.54,107037
202604,00014,BANCO DE LA PROVINCIA DE BUENOS AIRES,Financiero,Total,5,Irrecuperable,89234,167502324.0,1877.1,4.69,1.48,89234
202604,00015,INDUSTRIAL AND COMMERCIAL BANK OF CHINA (ARGENTINA) S.A.U.,Financiero,Empresas,1,Situacion normal,14033,5288493834.0,376861.2,90.18,98.09,14033
202604,00015,INDUSTRIAL AND COMMERCIAL BANK OF CHINA (ARGENTINA) S.A.U.,Financiero,Empresas,11,Asistencias totalmente cubiertas con garantias preferidas A,14,14020757.0,1001482.6,0.09,0.26,14
202604,00015,INDUSTRIAL AND COMMERCIAL BANK OF CHINA (ARGENTINA) S.A.U.,Financiero,Empresas,2,Con seguimiento especial / riesgo bajo,409,30249717.0,73960.2,2.63,0.56,409
202604,00015,INDUSTRIAL AND COMMERCIAL BANK OF CHINA (ARGENTINA) S.A.U.,Financiero,Empresas,3,Con problemas / riesgo medio,348,18102503.0,52018.7,2.24,0.34,348
202604,00015,INDUSTRIAL AND COMMERCIAL BANK OF CHINA (ARGENTINA) S.A.U.,Financiero,Empresas,4,Con alto riesgo de insolvencia / riesgo alto,480,29394756.0,61239.1,3.08,0.55,480
202604,00015,INDUSTRIAL AND COMMERCIAL BANK OF CHINA (ARGENTINA) S.A.U.,Financiero,Empresas,5,Irrecuperable,277,11369263.0,41044.3,1.78,0.21,277
202604,00015,INDUSTRIAL AND COMMERCIAL BANK OF CHINA (ARGENTINA) S.A.U.,Financiero,Familias,1,Situacion normal,523126,1996694558.0,3816.9,85.86,78.81,523126
202604,00015,INDUSTRIAL AND COMMERCIAL BANK OF CHINA (ARGENTINA) S.A.U.,Financiero,Familias,11,Asistencias totalmente cubiertas con garantias preferidas A,2,59399.0,29699.5,0.00,0.00,2
202604,00015,INDUSTRIAL AND COMMERCIAL BANK OF CHINA (ARGENTINA) S.A.U.,Financiero,Familias,2,Con seguimiento especial / riesgo bajo,19104,130127978.0,6811.6,3.14,5.14,19104
202604,00015,INDUSTRIAL AND COMMERCIAL BANK OF CHINA (ARGENTINA) S.A.U.,Financiero,Familias,3,Con problemas / riesgo medio,21879,134357077.0,6140.9,3.59,5.30,21879
202604,00015,INDUSTRIAL AND COMMERCIAL BANK OF CHINA (ARGENTINA) S.A.U.,Financiero,Familias,4,Con alto riesgo de insolvencia / riesgo alto,35925,232813315.0,6480.5,5.90,9.19,35925
202604,00015,INDUSTRIAL AND COMMERCIAL BANK OF CHINA (ARGENTINA) S.A.U.,Financiero,Familias,5,Irrecuperable,9231,39342514.0,4262.0,1.52,1.55,9231
202604,00015,INDUSTRIAL AND COMMERCIAL BANK OF CHINA (ARGENTINA) S.A.U.,Financiero,Total,1,Situacion normal,537159,7285188392.0,13562.4,85.97,91.93,537159
202604,00015,INDUSTRIAL AND COMMERCIAL BANK OF CHINA (ARGENTINA) S.A.U.,Financiero,Total,11,Asistencias totalmente cubiertas con garantias preferidas A,16,14080156.0,880009.8,0.00,0.18,16
202604,00015,INDUSTRIAL AND COMMERCIAL BANK OF CHINA (ARGENTINA) S.A.U.,Financiero,Total,2,Con seguimiento especial / riesgo bajo,19513,160377695.0,8219.0,3.12,2.02,19513
202604,00015,INDUSTRIAL AND COMMERCIAL BANK OF CHINA (ARGENTINA) S.A.U.,Financiero,Total,3,Con problemas / riesgo medio,22227,152459580.0,6859.2,3.56,1.92,22227
202604,00015,INDUSTRIAL AND COMMERCIAL BANK OF CHINA (ARGENTINA) S.A.U.,Financiero,Total,4,Con alto riesgo de insolvencia / riesgo alto,36405,262208071.0,7202.5,5.83,3.31,36405
202604,00015,INDUSTRIAL AND COMMERCIAL BANK OF CHINA (ARGENTINA) S.A.U.,Financiero,Total,5,Irrecuperable,9508,50711777.0,5333.6,1.52,0.64,9508
202604,00016,CITIBANK N.A.,Financiero,Empresas,1,Situacion normal,417,1135034354.0,2721904.9,97.20,91.80,417
202604,00016,CITIBANK N.A.,Financiero,Empresas,11,Asistencias totalmente cubiertas con garantias preferidas A,11,100989325.0,9180847.7,2.56,8.17,11
202604,00016,CITIBANK N.A.,Financiero,Empresas,5,Irrecuperable,1,371365.0,371365.0,0.23,0.03,1
202604,00016,CITIBANK N.A.,Financiero,Familias,1,Situacion normal,7,9292924.0,1327560.6,100.00,100.00,7
202604,00016,CITIBANK N.A.,Financiero,Total,1,Situacion normal,424,1144327278.0,2698885.1,97.25,91.86,424
202604,00016,CITIBANK N.A.,Financiero,Total,11,Asistencias totalmente cubiertas con garantias preferidas A,11,100989325.0,9180847.7,2.52,8.11,11
202604,00016,CITIBANK N.A.,Financiero,Total,5,Irrecuperable,1,371365.0,371365.0,0.23,0.03,1
202604,00017,BANCO BBVA ARGENTINA S.A.,Financiero,Empresas,1,Situacion normal,29654,8638544258.0,291311.3,75.36,97.15,29654
202604,00017,BANCO BBVA ARGENTINA S.A.,Financiero,Empresas,11,Asistencias totalmente cubiertas con garantias preferidas A,6,555168.0,92528.0,0.02,0.01,6
202604,00017,BANCO BBVA ARGENTINA S.A.,Financiero,Empresas,2,Con seguimiento especial / riesgo bajo,1407,75191485.0,53441.0,3.58,0.85,1407
202604,00017,BANCO BBVA ARGENTINA S.A.,Financiero,Empresas,3,Con problemas / riesgo medio,1640,46400654.0,28293.1,4.17,0.52,1640
202604,00017,BANCO BBVA ARGENTINA S.A.,Financiero,Empresas,4,Con alto riesgo de insolvencia / riesgo alto,2242,94669759.0,42225.6,5.70,1.06,2242
202604,00017,BANCO BBVA ARGENTINA S.A.,Financiero,Empresas,5,Irrecuperable,4399,36527463.0,8303.6,11.18,0.41,4399
202604,00017,BANCO BBVA ARGENTINA S.A.,Financiero,Familias,1,Situacion normal,1615674,5125357142.0,3172.3,77.09,78.03,1615674
202604,00017,BANCO BBVA ARGENTINA S.A.,Financiero,Familias,2,Con seguimiento especial / riesgo bajo,74246,296355834.0,3991.5,3.54,4.51,74246
202604,00017,BANCO BBVA ARGENTINA S.A.,Financiero,Familias,3,Con problemas / riesgo medio,86423,269227330.0,3115.2,4.12,4.10,86423
202604,00017,BANCO BBVA ARGENTINA S.A.,Financiero,Familias,4,Con alto riesgo de insolvencia / riesgo alto,172855,499872832.0,2891.9,8.25,7.61,172855
202604,00017,BANCO BBVA ARGENTINA S.A.,Financiero,Familias,5,Irrecuperable,146763,377790424.0,2574.2,7.00,5.75,146763
202604,00017,BANCO BBVA ARGENTINA S.A.,Financiero,Total,1,Situacion normal,1645328,13763901400.0,8365.4,77.05,89.03,1645328
202604,00017,BANCO BBVA ARGENTINA S.A.,Financiero,Total,11,Asistencias totalmente cubiertas con garantias preferidas A,6,555168.0,92528.0,0.00,0.00,6
202604,00017,BANCO BBVA ARGENTINA S.A.,Financiero,Total,2,Con seguimiento especial / riesgo bajo,75653,371547319.0,4911.2,3.54,2.40,75653
202604,00017,BANCO BBVA ARGENTINA S.A.,Financiero,Total,3,Con problemas / riesgo medio,88063,315627984.0,3584.1,4.12,2.04,88063
202604,00017,BANCO BBVA ARGENTINA S.A.,Financiero,Total,4,Con alto riesgo de insolvencia / riesgo alto,175097,594542591.0,3395.5,8.20,3.85,175097
202604,00017,BANCO BBVA ARGENTINA S.A.,Financiero,Total,5,Irrecuperable,151162,414317887.0,2740.9,7.08,2.68,151162
202604,00020,BANCO DE LA PROVINCIA DE CORDOBA S.A.,Financiero,Empresas,1,Situacion normal,3626,765105684.0,211005.4,90.31,93.13,3626
202604,00020,BANCO DE LA PROVINCIA DE CORDOBA S.A.,Financiero,Empresas,11,Asistencias totalmente cubiertas con garantias preferidas A,8,661800.0,82725.0,0.20,0.08,8
202604,00020,BANCO DE LA PROVINCIA DE CORDOBA S.A.,Financiero,Empresas,2,Con seguimiento especial / riesgo bajo,72,7094796.0,98538.8,1.79,0.86,72
202604,00020,BANCO DE LA PROVINCIA DE CORDOBA S.A.,Financiero,Empresas,3,Con problemas / riesgo medio,75,26502670.0,353368.9,1.87,3.23,75
202604,00020,BANCO DE LA PROVINCIA DE CORDOBA S.A.,Financiero,Empresas,4,Con alto riesgo de insolvencia / riesgo alto,125,15082321.0,120658.6,3.11,1.84,125
202604,00020,BANCO DE LA PROVINCIA DE CORDOBA S.A.,Financiero,Empresas,5,Irrecuperable,109,7136347.0,65471.1,2.71,0.87,109
202604,00020,BANCO DE LA PROVINCIA DE CORDOBA S.A.,Financiero,Familias,1,Situacion normal,462674,2217052894.0,4791.8,85.18,85.73,462674
202604,00020,BANCO DE LA PROVINCIA DE CORDOBA S.A.,Financiero,Familias,11,Asistencias totalmente cubiertas con garantias preferidas A,7,409419.0,58488.4,0.00,0.02,7
202604,00020,BANCO DE LA PROVINCIA DE CORDOBA S.A.,Financiero,Familias,2,Con seguimiento especial / riesgo bajo,15779,104396351.0,6616.2,2.90,4.04,15779
202604,00020,BANCO DE LA PROVINCIA DE CORDOBA S.A.,Financiero,Familias,3,Con problemas / riesgo medio,13719,73657815.0,5369.0,2.53,2.85,13719
202604,00020,BANCO DE LA PROVINCIA DE CORDOBA S.A.,Financiero,Familias,4,Con alto riesgo de insolvencia / riesgo alto,27259,123702954.0,4538.1,5.02,4.78,27259
202604,00020,BANCO DE LA PROVINCIA DE CORDOBA S.A.,Financiero,Familias,5,Irrecuperable,23748,66858314.0,2815.3,4.37,2.59,23748
202604,00020,BANCO DE LA PROVINCIA DE CORDOBA S.A.,Financiero,Total,1,Situacion normal,466300,2982158578.0,6395.4,85.22,87.51,466300
202604,00020,BANCO DE LA PROVINCIA DE CORDOBA S.A.,Financiero,Total,11,Asistencias totalmente cubiertas con garantias preferidas A,15,1071219.0,71414.6,0.00,0.03,15
202604,00020,BANCO DE LA PROVINCIA DE CORDOBA S.A.,Financiero,Total,2,Con seguimiento especial / riesgo bajo,15851,111491147.0,7033.7,2.90,3.27,15851
202604,00020,BANCO DE LA PROVINCIA DE CORDOBA S.A.,Financiero,Total,3,Con problemas / riesgo medio,13794,100160485.0,7261.2,2.52,2.94,13794
202604,00020,BANCO DE LA PROVINCIA DE CORDOBA S.A.,Financiero,Total,4,Con alto riesgo de insolvencia / riesgo alto,27384,138785275.0,5068.1,5.00,4.07,27384
202604,00020,BANCO DE LA PROVINCIA DE CORDOBA S.A.,Financiero,Total,5,Irrecuperable,23857,73994661.0,3101.6,4.36,2.17,23857
202604,00027,BANCO SUPERVIELLE S.A.,Financiero,Empresas,1,Situacion normal,8521,2592949287.0,304301.1,77.02,94.35,8521
202604,00027,BANCO SUPERVIELLE S.A.,Financiero,Empresas,11,Asistencias totalmente cubiertas con garantias preferidas A,78,16869727.0,216278.6,0.71,0.61,78
202604,00027,BANCO SUPERVIELLE S.A.,Financiero,Empresas,2,Con seguimiento especial / riesgo bajo,319,33224711.0,104152.7,2.88,1.21,319
202604,00027,BANCO SUPERVIELLE S.A.,Financiero,Empresas,3,Con problemas / riesgo medio,285,23536892.0,82585.6,2.58,0.86,285
202604,00027,BANCO SUPERVIELLE S.A.,Financiero,Empresas,4,Con alto riesgo de insolvencia / riesgo alto,529,62258975.0,117691.8,4.78,2.27,529
202604,00027,BANCO SUPERVIELLE S.A.,Financiero,Empresas,5,Irrecuperable,1331,19480881.0,14636.3,12.03,0.71,1331
202604,00027,BANCO SUPERVIELLE S.A.,Financiero,Familias,1,Situacion normal,399825,1317920841.0,3296.2,82.26,80.32,399825
202604,00027,BANCO SUPERVIELLE S.A.,Financiero,Familias,11,Asistencias totalmente cubiertas con garantias preferidas A,201,2865942.0,14258.4,0.04,0.17,201
202604,00027,BANCO SUPERVIELLE S.A.,Financiero,Familias,2,Con seguimiento especial / riesgo bajo,17086,77985689.0,4564.3,3.52,4.75,17086
202604,00027,BANCO SUPERVIELLE S.A.,Financiero,Familias,3,Con problemas / riesgo medio,15681,61921213.0,3948.8,3.23,3.77,15681
202604,00027,BANCO SUPERVIELLE S.A.,Financiero,Familias,4,Con alto riesgo de insolvencia / riesgo alto,20463,88341042.0,4317.1,4.21,5.38,20463
202604,00027,BANCO SUPERVIELLE S.A.,Financiero,Familias,5,Irrecuperable,32792,91848645.0,2800.9,6.75,5.60,32792
202604,00027,BANCO SUPERVIELLE S.A.,Financiero,Total,1,Situacion normal,408346,3910870128.0,9577.3,82.14,89.10,408346
202604,00027,BANCO SUPERVIELLE S.A.,Financiero,Total,11,Asistencias totalmente cubiertas con garantias preferidas A,279,19735669.0,70737.2,0.06,0.45,279
202604,00027,BANCO SUPERVIELLE S.A.,Financiero,Total,2,Con seguimiento especial / riesgo bajo,17405,111210400.0,6389.6,3.50,2.53,17405
202604,00027,BANCO SUPERVIELLE S.A.,Financiero,Total,3,Con problemas / riesgo medio,15966,85458105.0,5352.5,3.21,1.95,15966
202604,00027,BANCO SUPERVIELLE S.A.,Financiero,Total,4,Con alto riesgo de insolvencia / riesgo alto,20992,150600017.0,7174.2,4.22,3.43,20992
202604,00027,BANCO SUPERVIELLE S.A.,Financiero,Total,5,Irrecuperable,34123,111329526.0,3262.6,6.86,2.54,34123
202604,00029,BANCO DE LA CIUDAD DE BUENOS AIRES,Financiero,Empresas,1,Situacion normal,3140,1535191205.0,488914.4,86.53,94.15,3140
202604,00029,BANCO DE LA CIUDAD DE BUENOS AIRES,Financiero,Empresas,11,Asistencias totalmente cubiertas con garantias preferidas A,172,16378203.0,95222.1,4.74,1.00,172
202604,00029,BANCO DE LA CIUDAD DE BUENOS AIRES,Financiero,Empresas,2,Con seguimiento especial / riesgo bajo,110,23312447.0,211931.3,3.03,1.43,110
202604,00029,BANCO DE LA CIUDAD DE BUENOS AIRES,Financiero,Empresas,3,Con problemas / riesgo medio,72,10826332.0,150365.7,1.98,0.66,72
202604,00029,BANCO DE LA CIUDAD DE BUENOS AIRES,Financiero,Empresas,4,Con alto riesgo de insolvencia / riesgo alto,73,27525193.0,377057.4,2.01,1.69,73
202604,00029,BANCO DE LA CIUDAD DE BUENOS AIRES,Financiero,Empresas,5,Irrecuperable,62,17332198.0,279551.6,1.71,1.06,62
202604,00029,BANCO DE LA CIUDAD DE BUENOS AIRES,Financiero,Familias,1,Situacion normal,347726,1793112534.0,5156.7,90.95,90.40,347726
202604,00029,BANCO DE LA CIUDAD DE BUENOS AIRES,Financiero,Familias,11,Asistencias totalmente cubiertas con garantias preferidas A,225,2690853.0,11959.3,0.06,0.14,225
202604,00029,BANCO DE LA CIUDAD DE BUENOS AIRES,Financiero,Familias,2,Con seguimiento especial / riesgo bajo,8631,57587638.0,6672.2,2.26,2.90,8631
202604,00029,BANCO DE LA CIUDAD DE BUENOS AIRES,Financiero,Familias,3,Con problemas / riesgo medio,8088,47504286.0,5873.4,2.12,2.39,8088
202604,00029,BANCO DE LA CIUDAD DE BUENOS AIRES,Financiero,Familias,4,Con alto riesgo de insolvencia / riesgo alto,10711,51684556.0,4825.4,2.80,2.61,10711
202604,00029,BANCO DE LA CIUDAD DE BUENOS AIRES,Financiero,Familias,5,Irrecuperable,6966,30941950.0,4441.9,1.82,1.56,6966
202604,00029,BANCO DE LA CIUDAD DE BUENOS AIRES,Financiero,Total,1,Situacion normal,350866,3328303739.0,9486.0,90.90,92.09,350866
202604,00029,BANCO DE LA CIUDAD DE BUENOS AIRES,Financiero,Total,11,Asistencias totalmente cubiertas con garantias preferidas A,397,19069056.0,48032.9,0.10,0.53,397
202604,00029,BANCO DE LA CIUDAD DE BUENOS AIRES,Financiero,Total,2,Con seguimiento especial / riesgo bajo,8741,80900085.0,9255.2,2.26,2.24,8741
202604,00029,BANCO DE LA CIUDAD DE BUENOS AIRES,Financiero,Total,3,Con problemas / riesgo medio,8160,58330618.0,7148.4,2.11,1.61,8160
202604,00029,BANCO DE LA CIUDAD DE BUENOS AIRES,Financiero,Total,4,Con alto riesgo de insolvencia / riesgo alto,10784,79209749.0,7345.1,2.79,2.19,10784
202604,00029,BANCO DE LA CIUDAD DE BUENOS AIRES,Financiero,Total,5,Irrecuperable,7028,48274148.0,6868.8,1.82,1.34,7028
202604,00034,BANCO PATAGONIA S.A.,Financiero,Empresas,1,Situacion normal,9293,3037109903.0,326816.9,85.28,99.50,9293
202604,00034,BANCO PATAGONIA S.A.,Financiero,Empresas,2,Con seguimiento especial / riesgo bajo,319,5816852.0,18234.6,2.93,0.19,319
202604,00034,BANCO PATAGONIA S.A.,Financiero,Empresas,3,Con problemas / riesgo medio,303,3797818.0,12534.1,2.78,0.12,303
202604,00034,BANCO PATAGONIA S.A.,Financiero,Empresas,4,Con alto riesgo de insolvencia / riesgo alto,340,2930269.0,8618.4,3.12,0.10,340
202604,00034,BANCO PATAGONIA S.A.,Financiero,Empresas,5,Irrecuperable,642,2683258.0,4179.5,5.89,0.09,642
202604,00034,BANCO PATAGONIA S.A.,Financiero,Familias,1,Situacion normal,456753,1021067725.0,2235.5,86.87,84.67,456753
202604,00034,BANCO PATAGONIA S.A.,Financiero,Familias,2,Con seguimiento especial / riesgo bajo,14380,40627302.0,2825.3,2.73,3.37,14380
202604,00034,BANCO PATAGONIA S.A.,Financiero,Familias,3,Con problemas / riesgo medio,14631,43378136.0,2964.8,2.78,3.60,14631
202604,00034,BANCO PATAGONIA S.A.,Financiero,Familias,4,Con alto riesgo de insolvencia / riesgo alto,26248,72480251.0,2761.4,4.99,6.01,26248
202604,00034,BANCO PATAGONIA S.A.,Financiero,Familias,5,Irrecuperable,13777,28319060.0,2055.5,2.62,2.35,13777
202604,00034,BANCO PATAGONIA S.A.,Financiero,Total,1,Situacion normal,466046,4058177628.0,8707.7,86.84,95.30,466046
202604,00034,BANCO PATAGONIA S.A.,Financiero,Total,2,Con seguimiento especial / riesgo bajo,14699,46444154.0,3159.7,2.74,1.09,14699
202604,00034,BANCO PATAGONIA S.A.,Financiero,Total,3,Con problemas / riesgo medio,14934,47175954.0,3159.0,2.78,1.11,14934
202604,00034,BANCO PATAGONIA S.A.,Financiero,Total,4,Con alto riesgo de insolvencia / riesgo alto,26588,75410520.0,2836.3,4.95,1.77,26588
202604,00034,BANCO PATAGONIA S.A.,Financiero,Total,5,Irrecuperable,14419,31002318.0,2150.1,2.69,0.73,14419
202604,00044,BANCO HIPOTECARIO S.A.,Financiero,Empresas,1,Situacion normal,1246,598129601.0,480039.8,73.04,96.31,1246
202604,00044,BANCO HIPOTECARIO S.A.,Financiero,Empresas,11,Asistencias totalmente cubiertas con garantias preferidas A,38,2441600.0,64252.6,2.23,0.39,38
202604,00044,BANCO HIPOTECARIO S.A.,Financiero,Empresas,2,Con seguimiento especial / riesgo bajo,182,4574256.0,25133.3,10.67,0.74,182
202604,00044,BANCO HIPOTECARIO S.A.,Financiero,Empresas,3,Con problemas / riesgo medio,116,3138188.0,27053.3,6.80,0.51,116
202604,00044,BANCO HIPOTECARIO S.A.,Financiero,Empresas,4,Con alto riesgo de insolvencia / riesgo alto,94,10998564.0,117006.0,5.51,1.77,94
202604,00044,BANCO HIPOTECARIO S.A.,Financiero,Empresas,5,Irrecuperable,30,1742595.0,58086.5,1.76,0.28,30
202604,00044,BANCO HIPOTECARIO S.A.,Financiero,Familias,1,Situacion normal,204228,570721979.0,2794.5,83.65,77.46,204228
202604,00044,BANCO HIPOTECARIO S.A.,Financiero,Familias,11,Asistencias totalmente cubiertas con garantias preferidas A,17,575046.0,33826.2,0.01,0.08,17
202604,00044,BANCO HIPOTECARIO S.A.,Financiero,Familias,2,Con seguimiento especial / riesgo bajo,7253,33062251.0,4558.4,2.97,4.49,7253
202604,00044,BANCO HIPOTECARIO S.A.,Financiero,Familias,3,Con problemas / riesgo medio,8038,41942017.0,5218.0,3.29,5.69,8038
202604,00044,BANCO HIPOTECARIO S.A.,Financiero,Familias,4,Con alto riesgo de insolvencia / riesgo alto,12891,63535795.0,4928.7,5.28,8.62,12891
202604,00044,BANCO HIPOTECARIO S.A.,Financiero,Familias,5,Irrecuperable,11705,26915325.0,2299.5,4.79,3.65,11705
202604,00044,BANCO HIPOTECARIO S.A.,Financiero,Total,1,Situacion normal,205474,1168851580.0,5688.6,83.58,86.09,205474
202604,00044,BANCO HIPOTECARIO S.A.,Financiero,Total,11,Asistencias totalmente cubiertas con garantias preferidas A,55,3016646.0,54848.1,0.02,0.22,55
202604,00044,BANCO HIPOTECARIO S.A.,Financiero,Total,2,Con seguimiento especial / riesgo bajo,7435,37636507.0,5062.1,3.02,2.77,7435
202604,00044,BANCO HIPOTECARIO S.A.,Financiero,Total,3,Con problemas / riesgo medio,8154,45080205.0,5528.6,3.32,3.32,8154
202604,00044,BANCO HIPOTECARIO S.A.,Financiero,Total,4,Con alto riesgo de insolvencia / riesgo alto,12985,74534359.0,5740.0,5.28,5.49,12985
202604,00044,BANCO HIPOTECARIO S.A.,Financiero,Total,5,Irrecuperable,11735,28657920.0,2442.1,4.77,2.11,11735
202604,00045,BANCO DE SAN JUAN S.A.,Financiero,Empresas,1,Situacion normal,953,358004044.0,375660.1,85.86,97.64,953
202604,00045,BANCO DE SAN JUAN S.A.,Financiero,Empresas,11,Asistencias totalmente cubiertas con garantias preferidas A,3,66367.0,22122.3,0.27,0.02,3
202604,00045,BANCO DE SAN JUAN S.A.,Financiero,Empresas,2,Con seguimiento especial / riesgo bajo,64,968346.0,15130.4,5.77,0.26,64
202604,00045,BANCO DE SAN JUAN S.A.,Financiero,Empresas,3,Con problemas / riesgo medio,39,1303523.0,33423.7,3.51,0.36,39
202604,00045,BANCO DE SAN JUAN S.A.,Financiero,Empresas,4,Con alto riesgo de insolvencia / riesgo alto,23,5671533.0,246588.4,2.07,1.55,23
202604,00045,BANCO DE SAN JUAN S.A.,Financiero,Empresas,5,Irrecuperable,28,634786.0,22670.9,2.52,0.17,28
202604,00045,BANCO DE SAN JUAN S.A.,Financiero,Familias,1,Situacion normal,67774,184750561.0,2726.0,89.20,85.49,67774
202604,00045,BANCO DE SAN JUAN S.A.,Financiero,Familias,11,Asistencias totalmente cubiertas con garantias preferidas A,14,44880.0,3205.7,0.02,0.02,14
202604,00045,BANCO DE SAN JUAN S.A.,Financiero,Familias,2,Con seguimiento especial / riesgo bajo,2711,12449734.0,4592.3,3.57,5.76,2711
202604,00045,BANCO DE SAN JUAN S.A.,Financiero,Familias,3,Con problemas / riesgo medio,2312,10158046.0,4393.6,3.04,4.70,2312
202604,00045,BANCO DE SAN JUAN S.A.,Financiero,Familias,4,Con alto riesgo de insolvencia / riesgo alto,2453,7462796.0,3042.3,3.23,3.45,2453
202604,00045,BANCO DE SAN JUAN S.A.,Financiero,Familias,5,Irrecuperable,712,1250253.0,1756.0,0.94,0.58,712
202604,00045,BANCO DE SAN JUAN S.A.,Financiero,Total,1,Situacion normal,68727,542754605.0,7897.3,89.16,93.13,68727
202604,00045,BANCO DE SAN JUAN S.A.,Financiero,Total,11,Asistencias totalmente cubiertas con garantias preferidas A,17,111247.0,6543.9,0.02,0.02,17
202604,00045,BANCO DE SAN JUAN S.A.,Financiero,Total,2,Con seguimiento especial / riesgo bajo,2775,13418080.0,4835.3,3.60,2.30,2775
202604,00045,BANCO DE SAN JUAN S.A.,Financiero,Total,3,Con problemas / riesgo medio,2351,11461569.0,4875.2,3.05,1.97,2351
202604,00045,BANCO DE SAN JUAN S.A.,Financiero,Total,4,Con alto riesgo de insolvencia / riesgo alto,2476,13134329.0,5304.7,3.21,2.25,2476
202604,00045,BANCO DE SAN JUAN S.A.,Financiero,Total,5,Irrecuperable,740,1885039.0,2547.4,0.96,0.32,740
202604,00065,BANCO MUNICIPAL DE ROSARIO,Financiero,Empresas,1,Situacion normal,701,54514086.0,77766.2,92.60,95.92,701
202604,00065,BANCO MUNICIPAL DE ROSARIO,Financiero,Empresas,2,Con seguimiento especial / riesgo bajo,15,451494.0,30099.6,1.98,0.79,15
202604,00065,BANCO MUNICIPAL DE ROSARIO,Financiero,Empresas,3,Con problemas / riesgo medio,11,455979.0,41452.6,1.45,0.80,11
202604,00065,BANCO MUNICIPAL DE ROSARIO,Financiero,Empresas,4,Con alto riesgo de insolvencia / riesgo alto,14,1322890.0,94492.1,1.85,2.33,14
202604,00065,BANCO MUNICIPAL DE ROSARIO,Financiero,Empresas,5,Irrecuperable,16,90229.0,5639.3,2.11,0.16,16
202604,00065,BANCO MUNICIPAL DE ROSARIO,Financiero,Familias,1,Situacion normal,77135,196667225.0,2549.6,88.63,90.20,77135
202604,00065,BANCO MUNICIPAL DE ROSARIO,Financiero,Familias,11,Asistencias totalmente cubiertas con garantias preferidas A,1120,884006.0,789.3,1.29,0.41,1120
202604,00065,BANCO MUNICIPAL DE ROSARIO,Financiero,Familias,2,Con seguimiento especial / riesgo bajo,2975,8661076.0,2911.3,3.42,3.97,2975
202604,00065,BANCO MUNICIPAL DE ROSARIO,Financiero,Familias,3,Con problemas / riesgo medio,1857,4777824.0,2572.9,2.13,2.19,1857
202604,00065,BANCO MUNICIPAL DE ROSARIO,Financiero,Familias,4,Con alto riesgo de insolvencia / riesgo alto,1358,3626802.0,2670.7,1.56,1.66,1358
202604,00065,BANCO MUNICIPAL DE ROSARIO,Financiero,Familias,5,Irrecuperable,2587,3428544.0,1325.3,2.97,1.57,2587
202604,00065,BANCO MUNICIPAL DE ROSARIO,Financiero,Total,1,Situacion normal,77836,251181311.0,3227.1,88.66,91.38,77836
202604,00065,BANCO MUNICIPAL DE ROSARIO,Financiero,Total,11,Asistencias totalmente cubiertas con garantias preferidas A,1120,884006.0,789.3,1.28,0.32,1120
202604,00065,BANCO MUNICIPAL DE ROSARIO,Financiero,Total,2,Con seguimiento especial / riesgo bajo,2990,9112570.0,3047.7,3.41,3.32,2990
202604,00065,BANCO MUNICIPAL DE ROSARIO,Financiero,Total,3,Con problemas / riesgo medio,1868,5233803.0,2801.8,2.13,1.90,1868
202604,00065,BANCO MUNICIPAL DE ROSARIO,Financiero,Total,4,Con alto riesgo de insolvencia / riesgo alto,1372,4949692.0,3607.6,1.56,1.80,1372
202604,00065,BANCO MUNICIPAL DE ROSARIO,Financiero,Total,5,Irrecuperable,2603,3518773.0,1351.8,2.97,1.28,2603
202604,00072,BANCO SANTANDER ARGENTINA S.A.,Financiero,Empresas,1,Situacion normal,41554,6436765752.0,154901.2,85.78,96.09,41554
202604,00072,BANCO SANTANDER ARGENTINA S.A.,Financiero,Empresas,11,Asistencias totalmente cubiertas con garantias preferidas A,236,26978186.0,114314.3,0.49,0.40,236
202604,00072,BANCO SANTANDER ARGENTINA S.A.,Financiero,Empresas,2,Con seguimiento especial / riesgo bajo,1373,59621329.0,43424.1,2.83,0.89,1373
202604,00072,BANCO SANTANDER ARGENTINA S.A.,Financiero,Empresas,3,Con problemas / riesgo medio,1715,42324816.0,24679.2,3.54,0.63,1715
202604,00072,BANCO SANTANDER ARGENTINA S.A.,Financiero,Empresas,4,Con alto riesgo de insolvencia / riesgo alto,2087,109507602.0,52471.3,4.31,1.63,2087
202604,00072,BANCO SANTANDER ARGENTINA S.A.,Financiero,Empresas,5,Irrecuperable,1480,23741648.0,16041.7,3.06,0.35,1480
202604,00072,BANCO SANTANDER ARGENTINA S.A.,Financiero,Familias,1,Situacion normal,1564535,6382498381.0,4079.5,85.04,77.34,1564535
202604,00072,BANCO SANTANDER ARGENTINA S.A.,Financiero,Familias,11,Asistencias totalmente cubiertas con garantias preferidas A,223,1610918.0,7223.8,0.01,0.02,223
202604,00072,BANCO SANTANDER ARGENTINA S.A.,Financiero,Familias,2,Con seguimiento especial / riesgo bajo,41288,377378406.0,9140.1,2.24,4.57,41288
202604,00072,BANCO SANTANDER ARGENTINA S.A.,Financiero,Familias,3,Con problemas / riesgo medio,49517,398866404.0,8055.1,2.69,4.83,49517
202604,00072,BANCO SANTANDER ARGENTINA S.A.,Financiero,Familias,4,Con alto riesgo de insolvencia / riesgo alto,109515,821297786.0,7499.4,5.95,9.95,109515
202604,00072,BANCO SANTANDER ARGENTINA S.A.,Financiero,Familias,5,Irrecuperable,74611,270960853.0,3631.6,4.06,3.28,74611
202604,00072,BANCO SANTANDER ARGENTINA S.A.,Financiero,Total,1,Situacion normal,1606089,12819264133.0,7981.7,85.06,85.74,1606089
202604,00072,BANCO SANTANDER ARGENTINA S.A.,Financiero,Total,11,Asistencias totalmente cubiertas con garantias preferidas A,459,28589104.0,62285.6,0.02,0.19,459
202604,00072,BANCO SANTANDER ARGENTINA S.A.,Financiero,Total,2,Con seguimiento especial / riesgo bajo,42661,436999735.0,10243.5,2.26,2.92,42661
202604,00072,BANCO SANTANDER ARGENTINA S.A.,Financiero,Total,3,Con problemas / riesgo medio,51232,441191220.0,8611.6,2.71,2.95,51232
202604,00072,BANCO SANTANDER ARGENTINA S.A.,Financiero,Total,4,Con alto riesgo de insolvencia / riesgo alto,111602,930805388.0,8340.4,5.91,6.23,111602
202604,00072,BANCO SANTANDER ARGENTINA S.A.,Financiero,Total,5,Irrecuperable,76091,294702501.0,3873.0,4.03,1.97,76091
202604,00083,BANCO DEL CHUBUT S.A.,Financiero,Empresas,1,Situacion normal,1064,124541124.0,117049.9,86.22,75.10,1064
202604,00083,BANCO DEL CHUBUT S.A.,Financiero,Empresas,2,Con seguimiento especial / riesgo bajo,53,10813214.0,204022.9,4.29,6.52,53
202604,00083,BANCO DEL CHUBUT S.A.,Financiero,Empresas,3,Con problemas / riesgo medio,32,5297182.0,165536.9,2.59,3.19,32
202604,00083,BANCO DEL CHUBUT S.A.,Financiero,Empresas,4,Con alto riesgo de insolvencia / riesgo alto,36,12288090.0,341335.8,2.92,7.41,36
202604,00083,BANCO DEL CHUBUT S.A.,Financiero,Empresas,5,Irrecuperable,49,12900402.0,263273.5,3.97,7.78,49
202604,00083,BANCO DEL CHUBUT S.A.,Financiero,Familias,1,Situacion normal,82663,377424205.0,4565.8,89.08,87.24,82663
202604,00083,BANCO DEL CHUBUT S.A.,Financiero,Familias,2,Con seguimiento especial / riesgo bajo,2944,21142985.0,7181.7,3.17,4.89,2944
202604,00083,BANCO DEL CHUBUT S.A.,Financiero,Familias,3,Con problemas / riesgo medio,2267,12967980.0,5720.3,2.44,3.00,2267
202604,00083,BANCO DEL CHUBUT S.A.,Financiero,Familias,4,Con alto riesgo de insolvencia / riesgo alto,2285,12581913.0,5506.3,2.46,2.91,2285
202604,00083,BANCO DEL CHUBUT S.A.,Financiero,Familias,5,Irrecuperable,2635,8505748.0,3228.0,2.84,1.97,2635
202604,00083,BANCO DEL CHUBUT S.A.,Financiero,Total,1,Situacion normal,83727,501965329.0,5995.3,89.04,83.88,83727
202604,00083,BANCO DEL CHUBUT S.A.,Financiero,Total,2,Con seguimiento especial / riesgo bajo,2997,31956199.0,10662.7,3.19,5.34,2997
202604,00083,BANCO DEL CHUBUT S.A.,Financiero,Total,3,Con problemas / riesgo medio,2299,18265162.0,7944.8,2.45,3.05,2299
202604,00083,BANCO DEL CHUBUT S.A.,Financiero,Total,4,Con alto riesgo de insolvencia / riesgo alto,2321,24870003.0,10715.2,2.47,4.16,2321
202604,00083,BANCO DEL CHUBUT S.A.,Financiero,Total,5,Irrecuperable,2684,21406150.0,7975.5,2.85,3.58,2684
202604,00086,BANCO DE SANTA CRUZ S.A.,Financiero,Empresas,1,Situacion normal,352,68048938.0,193320.8,82.82,98.10,352
202604,00086,BANCO DE SANTA CRUZ S.A.,Financiero,Empresas,2,Con seguimiento especial / riesgo bajo,14,744441.0,53174.4,3.29,1.07,14
202604,00086,BANCO DE SANTA CRUZ S.A.,Financiero,Empresas,3,Con problemas / riesgo medio,14,175206.0,12514.7,3.29,0.25,14
202604,00086,BANCO DE SANTA CRUZ S.A.,Financiero,Empresas,4,Con alto riesgo de insolvencia / riesgo alto,12,206219.0,17184.9,2.82,0.30,12
202604,00086,BANCO DE SANTA CRUZ S.A.,Financiero,Empresas,5,Irrecuperable,33,189489.0,5742.1,7.76,0.27,33
202604,00086,BANCO DE SANTA CRUZ S.A.,Financiero,Familias,1,Situacion normal,48123,267011234.0,5548.5,89.30,85.64,48123
202604,00086,BANCO DE SANTA CRUZ S.A.,Financiero,Familias,2,Con seguimiento especial / riesgo bajo,2271,19525347.0,8597.7,4.21,6.26,2271
202604,00086,BANCO DE SANTA CRUZ S.A.,Financiero,Familias,3,Con problemas / riesgo medio,1736,15720792.0,9055.8,3.22,5.04,1736
202604,00086,BANCO DE SANTA CRUZ S.A.,Financiero,Familias,4,Con alto riesgo de insolvencia / riesgo alto,1375,8446717.0,6143.1,2.55,2.71,1375
202604,00086,BANCO DE SANTA CRUZ S.A.,Financiero,Familias,5,Irrecuperable,386,1068419.0,2767.9,0.72,0.34,386
202604,00086,BANCO DE SANTA CRUZ S.A.,Financiero,Total,1,Situacion normal,48475,335060172.0,6912.0,89.25,87.91,48475
202604,00086,BANCO DE SANTA CRUZ S.A.,Financiero,Total,2,Con seguimiento especial / riesgo bajo,2285,20269788.0,8870.8,4.21,5.32,2285
202604,00086,BANCO DE SANTA CRUZ S.A.,Financiero,Total,3,Con problemas / riesgo medio,1750,15895998.0,9083.4,3.22,4.17,1750
202604,00086,BANCO DE SANTA CRUZ S.A.,Financiero,Total,4,Con alto riesgo de insolvencia / riesgo alto,1387,8652936.0,6238.6,2.55,2.27,1387
202604,00086,BANCO DE SANTA CRUZ S.A.,Financiero,Total,5,Irrecuperable,419,1257908.0,3002.2,0.77,0.33,419
202604,00093,BANCO DE LA PAMPA SA,Financiero,Empresas,1,Situacion normal,2548,228134306.0,89534.7,91.52,91.56,2548
202604,00093,BANCO DE LA PAMPA SA,Financiero,Empresas,11,Asistencias totalmente cubiertas con garantias preferidas A,48,3141960.0,65457.5,1.72,1.26,48
202604,00093,BANCO DE LA PAMPA SA,Financiero,Empresas,2,Con seguimiento especial / riesgo bajo,35,770464.0,22013.3,1.26,0.31,35
202604,00093,BANCO DE LA PAMPA SA,Financiero,Empresas,3,Con problemas / riesgo medio,49,769815.0,15710.5,1.76,0.31,49
202604,00093,BANCO DE LA PAMPA SA,Financiero,Empresas,4,Con alto riesgo de insolvencia / riesgo alto,61,12385136.0,203035.0,2.19,4.97,61
202604,00093,BANCO DE LA PAMPA SA,Financiero,Empresas,5,Irrecuperable,43,3957813.0,92042.2,1.54,1.59,43
202604,00093,BANCO DE LA PAMPA SA,Financiero,Familias,1,Situacion normal,125047,411508394.0,3290.8,88.06,89.05,125047
202604,00093,BANCO DE LA PAMPA SA,Financiero,Familias,11,Asistencias totalmente cubiertas con garantias preferidas A,18,281651.0,15647.3,0.01,0.06,18
202604,00093,BANCO DE LA PAMPA SA,Financiero,Familias,2,Con seguimiento especial / riesgo bajo,3509,13755981.0,3920.2,2.47,2.98,3509
202604,00093,BANCO DE LA PAMPA SA,Financiero,Familias,3,Con problemas / riesgo medio,3538,14707118.0,4156.9,2.49,3.18,3538
202604,00093,BANCO DE LA PAMPA SA,Financiero,Familias,4,Con alto riesgo de insolvencia / riesgo alto,4417,16652854.0,3770.2,3.11,3.60,4417
202604,00093,BANCO DE LA PAMPA SA,Financiero,Familias,5,Irrecuperable,5469,5225392.0,955.5,3.85,1.13,5469
202604,00093,BANCO DE LA PAMPA SA,Financiero,Total,1,Situacion normal,127595,639642700.0,5013.1,88.13,89.93,127595
202604,00093,BANCO DE LA PAMPA SA,Financiero,Total,11,Asistencias totalmente cubiertas con garantias preferidas A,66,3423611.0,51872.9,0.05,0.48,66
202604,00093,BANCO DE LA PAMPA SA,Financiero,Total,2,Con seguimiento especial / riesgo bajo,3544,14526445.0,4098.9,2.45,2.04,3544
202604,00093,BANCO DE LA PAMPA SA,Financiero,Total,3,Con problemas / riesgo medio,3587,15476933.0,4314.7,2.48,2.18,3587
202604,00093,BANCO DE LA PAMPA SA,Financiero,Total,4,Con alto riesgo de insolvencia / riesgo alto,4478,29037990.0,6484.6,3.09,4.08,4478
202604,00093,BANCO DE LA PAMPA SA,Financiero,Total,5,Irrecuperable,5512,9183205.0,1666.0,3.81,1.29,5512
202604,00094,BANCO DE CORRIENTES S.A.,Financiero,Empresas,1,Situacion normal,1528,142685256.0,93380.4,82.91,80.12,1528
202604,00094,BANCO DE CORRIENTES S.A.,Financiero,Empresas,2,Con seguimiento especial / riesgo bajo,88,10328144.0,117365.3,4.77,5.80,88
202604,00094,BANCO DE CORRIENTES S.A.,Financiero,Empresas,3,Con problemas / riesgo medio,54,5106312.0,94561.3,2.93,2.87,54
202604,00094,BANCO DE CORRIENTES S.A.,Financiero,Empresas,4,Con alto riesgo de insolvencia / riesgo alto,70,19039111.0,271987.3,3.80,10.69,70
202604,00094,BANCO DE CORRIENTES S.A.,Financiero,Empresas,5,Irrecuperable,103,924233.0,8973.1,5.59,0.52,103
202604,00094,BANCO DE CORRIENTES S.A.,Financiero,Familias,1,Situacion normal,116737,276020835.0,2364.5,87.91,84.56,116737
202604,00094,BANCO DE CORRIENTES S.A.,Financiero,Familias,2,Con seguimiento especial / riesgo bajo,3023,12618095.0,4174.0,2.28,3.87,3023
202604,00094,BANCO DE CORRIENTES S.A.,Financiero,Familias,3,Con problemas / riesgo medio,3298,13759922.0,4172.2,2.48,4.22,3298
202604,00094,BANCO DE CORRIENTES S.A.,Financiero,Familias,4,Con alto riesgo de insolvencia / riesgo alto,4159,15032778.0,3614.5,3.13,4.61,4159
202604,00094,BANCO DE CORRIENTES S.A.,Financiero,Familias,5,Irrecuperable,5569,8989116.0,1614.1,4.19,2.75,5569
202604,00094,BANCO DE CORRIENTES S.A.,Financiero,Total,1,Situacion normal,118265,418706091.0,3540.4,87.85,82.99,118265
202604,00094,BANCO DE CORRIENTES S.A.,Financiero,Total,2,Con seguimiento especial / riesgo bajo,3111,22946239.0,7375.8,2.31,4.55,3111
202604,00094,BANCO DE CORRIENTES S.A.,Financiero,Total,3,Con problemas / riesgo medio,3352,18866234.0,5628.4,2.49,3.74,3352
202604,00094,BANCO DE CORRIENTES S.A.,Financiero,Total,4,Con alto riesgo de insolvencia / riesgo alto,4229,34071889.0,8056.7,3.14,6.75,4229
202604,00094,BANCO DE CORRIENTES S.A.,Financiero,Total,5,Irrecuperable,5672,9913349.0,1747.8,4.21,1.96,5672
202604,00097,BANCO PROVINCIA DEL NEUQUÉN SOCIEDAD ANÓNIMA,Financiero,Empresas,1,Situacion normal,1306,271774227.0,208096.7,77.83,94.47,1306
202604,00097,BANCO PROVINCIA DEL NEUQUÉN SOCIEDAD ANÓNIMA,Financiero,Empresas,11,Asistencias totalmente cubiertas con garantias preferidas A,27,4021969.0,148961.8,1.61,1.40,27
202604,00097,BANCO PROVINCIA DEL NEUQUÉN SOCIEDAD ANÓNIMA,Financiero,Empresas,2,Con seguimiento especial / riesgo bajo,78,5953333.0,76324.8,4.65,2.07,78
202604,00097,BANCO PROVINCIA DEL NEUQUÉN SOCIEDAD ANÓNIMA,Financiero,Empresas,3,Con problemas / riesgo medio,63,2589073.0,41096.4,3.75,0.90,63
202604,00097,BANCO PROVINCIA DEL NEUQUÉN SOCIEDAD ANÓNIMA,Financiero,Empresas,4,Con alto riesgo de insolvencia / riesgo alto,70,2900417.0,41434.5,4.17,1.01,70
202604,00097,BANCO PROVINCIA DEL NEUQUÉN SOCIEDAD ANÓNIMA,Financiero,Empresas,5,Irrecuperable,134,436267.0,3255.7,7.99,0.15,134
202604,00097,BANCO PROVINCIA DEL NEUQUÉN SOCIEDAD ANÓNIMA,Financiero,Familias,1,Situacion normal,107121,470720905.0,4394.3,81.25,82.51,107121
202604,00097,BANCO PROVINCIA DEL NEUQUÉN SOCIEDAD ANÓNIMA,Financiero,Familias,11,Asistencias totalmente cubiertas con garantias preferidas A,11,473091.0,43008.3,0.01,0.08,11
202604,00097,BANCO PROVINCIA DEL NEUQUÉN SOCIEDAD ANÓNIMA,Financiero,Familias,2,Con seguimiento especial / riesgo bajo,6877,40834786.0,5937.9,5.22,7.16,6877
202604,00097,BANCO PROVINCIA DEL NEUQUÉN SOCIEDAD ANÓNIMA,Financiero,Familias,3,Con problemas / riesgo medio,4245,24730495.0,5825.8,3.22,4.33,4245
202604,00097,BANCO PROVINCIA DEL NEUQUÉN SOCIEDAD ANÓNIMA,Financiero,Familias,4,Con alto riesgo de insolvencia / riesgo alto,5000,20332287.0,4066.5,3.79,3.56,5000
202604,00097,BANCO PROVINCIA DEL NEUQUÉN SOCIEDAD ANÓNIMA,Financiero,Familias,5,Irrecuperable,8592,13395116.0,1559.0,6.52,2.35,8592
202604,00097,BANCO PROVINCIA DEL NEUQUÉN SOCIEDAD ANÓNIMA,Financiero,Total,1,Situacion normal,108427,742495132.0,6847.9,81.20,86.52,108427
202604,00097,BANCO PROVINCIA DEL NEUQUÉN SOCIEDAD ANÓNIMA,Financiero,Total,11,Asistencias totalmente cubiertas con garantias preferidas A,38,4495060.0,118291.1,0.03,0.52,38
202604,00097,BANCO PROVINCIA DEL NEUQUÉN SOCIEDAD ANÓNIMA,Financiero,Total,2,Con seguimiento especial / riesgo bajo,6955,46788119.0,6727.3,5.21,5.45,6955
202604,00097,BANCO PROVINCIA DEL NEUQUÉN SOCIEDAD ANÓNIMA,Financiero,Total,3,Con problemas / riesgo medio,4308,27319568.0,6341.6,3.23,3.18,4308
202604,00097,BANCO PROVINCIA DEL NEUQUÉN SOCIEDAD ANÓNIMA,Financiero,Total,4,Con alto riesgo de insolvencia / riesgo alto,5070,23232704.0,4582.4,3.80,2.71,5070
202604,00097,BANCO PROVINCIA DEL NEUQUÉN SOCIEDAD ANÓNIMA,Financiero,Total,5,Irrecuperable,8726,13831383.0,1585.1,6.54,1.61,8726
202604,00131,BANK OF CHINA LIMITED SUCURSAL BUENOS AIRES,Financiero,Familias,1,Situacion normal,1,90871012.0,90871012.0,100.00,100.00,1
202604,00131,BANK OF CHINA LIMITED SUCURSAL BUENOS AIRES,Financiero,Total,1,Situacion normal,1,90871012.0,90871012.0,100.00,100.00,1
202604,00143,BRUBANK S.A.U.,Financiero,Empresas,1,Situacion normal,492,16305575.0,33141.4,89.62,97.94,492
202604,00143,BRUBANK S.A.U.,Financiero,Empresas,2,Con seguimiento especial / riesgo bajo,18,92793.0,5155.2,3.28,0.56,18
202604,00143,BRUBANK S.A.U.,Financiero,Empresas,3,Con problemas / riesgo medio,19,51299.0,2699.9,3.46,0.31,19
202604,00143,BRUBANK S.A.U.,Financiero,Empresas,4,Con alto riesgo de insolvencia / riesgo alto,16,162893.0,10180.8,2.91,0.98,16
202604,00143,BRUBANK S.A.U.,Financiero,Empresas,5,Irrecuperable,4,36677.0,9169.2,0.73,0.22,4
202604,00143,BRUBANK S.A.U.,Financiero,Familias,1,Situacion normal,58914,58581827.0,994.4,75.49,69.30,58914
202604,00143,BRUBANK S.A.U.,Financiero,Familias,2,Con seguimiento especial / riesgo bajo,4610,4949279.0,1073.6,5.91,5.85,4610
202604,00143,BRUBANK S.A.U.,Financiero,Familias,3,Con problemas / riesgo medio,4375,5163347.0,1180.2,5.61,6.11,4375
202604,00143,BRUBANK S.A.U.,Financiero,Familias,4,Con alto riesgo de insolvencia / riesgo alto,5754,8786251.0,1527.0,7.37,10.39,5754
202604,00143,BRUBANK S.A.U.,Financiero,Familias,5,Irrecuperable,4393,7057332.0,1606.5,5.63,8.35,4393
202604,00143,BRUBANK S.A.U.,Financiero,Total,1,Situacion normal,59406,74887402.0,1260.6,75.58,74.01,59406
202604,00143,BRUBANK S.A.U.,Financiero,Total,2,Con seguimiento especial / riesgo bajo,4628,5042072.0,1089.5,5.89,4.98,4628
202604,00143,BRUBANK S.A.U.,Financiero,Total,3,Con problemas / riesgo medio,4394,5214646.0,1186.8,5.59,5.15,4394
202604,00143,BRUBANK S.A.U.,Financiero,Total,4,Con alto riesgo de insolvencia / riesgo alto,5770,8949144.0,1551.0,7.34,8.84,5770
202604,00143,BRUBANK S.A.U.,Financiero,Total,5,Irrecuperable,4397,7094009.0,1613.4,5.59,7.01,4397
202604,00147,BIBANK S.A.,Financiero,Empresas,1,Situacion normal,122,54093500.0,443389.3,87.77,95.94,122
202604,00147,BIBANK S.A.,Financiero,Empresas,2,Con seguimiento especial / riesgo bajo,6,215212.0,35868.7,4.32,0.38,6
202604,00147,BIBANK S.A.,Financiero,Empresas,3,Con problemas / riesgo medio,5,1170680.0,234136.0,3.60,2.08,5
202604,00147,BIBANK S.A.,Financiero,Empresas,4,Con alto riesgo de insolvencia / riesgo alto,3,843694.0,281231.3,2.16,1.50,3
202604,00147,BIBANK S.A.,Financiero,Empresas,5,Irrecuperable,3,60685.0,20228.3,2.16,0.11,3
202604,00147,BIBANK S.A.,Financiero,Familias,1,Situacion normal,3,120717.0,40239.0,75.00,94.31,3
202604,00147,BIBANK S.A.,Financiero,Familias,3,Con problemas / riesgo medio,1,7282.0,7282.0,25.00,5.69,1
202604,00147,BIBANK S.A.,Financiero,Total,1,Situacion normal,125,54214217.0,433713.7,87.41,95.93,125
202604,00147,BIBANK S.A.,Financiero,Total,2,Con seguimiento especial / riesgo bajo,6,215212.0,35868.7,4.20,0.38,6
202604,00147,BIBANK S.A.,Financiero,Total,3,Con problemas / riesgo medio,6,1177962.0,196327.0,4.20,2.08,6
202604,00147,BIBANK S.A.,Financiero,Total,4,Con alto riesgo de insolvencia / riesgo alto,3,843694.0,281231.3,2.10,1.49,3
202604,00147,BIBANK S.A.,Financiero,Total,5,Irrecuperable,3,60685.0,20228.3,2.10,0.11,3
202604,00165,"JPMORGAN CHASE BANK, NATIONAL ASSOCIATION (SUCURSAL BUENOS AIRES)",Financiero,Empresas,1,Situacion normal,4,39286176.0,9821544.0,100.00,100.00,4
202604,00165,"JPMORGAN CHASE BANK, NATIONAL ASSOCIATION (SUCURSAL BUENOS AIRES)",Financiero,Total,1,Situacion normal,4,39286176.0,9821544.0,100.00,100.00,4
202604,00191,BANCO CREDICOOP COOPERATIVO LIMITADO,Financiero,Empresas,1,Situacion normal,21172,1611321858.0,76106.3,81.84,97.00,21172
202604,00191,BANCO CREDICOOP COOPERATIVO LIMITADO,Financiero,Empresas,11,Asistencias totalmente cubiertas con garantias preferidas A,128,5787195.0,45212.5,0.49,0.35,128
202604,00191,BANCO CREDICOOP COOPERATIVO LIMITADO,Financiero,Empresas,2,Con seguimiento especial / riesgo bajo,1150,12588493.0,10946.5,4.45,0.76,1150
202604,00191,BANCO CREDICOOP COOPERATIVO LIMITADO,Financiero,Empresas,3,Con problemas / riesgo medio,845,6843165.0,8098.4,3.27,0.41,845
202604,00191,BANCO CREDICOOP COOPERATIVO LIMITADO,Financiero,Empresas,4,Con alto riesgo de insolvencia / riesgo alto,1111,22793929.0,20516.6,4.29,1.37,1111
202604,00191,BANCO CREDICOOP COOPERATIVO LIMITADO,Financiero,Empresas,5,Irrecuperable,1465,1786923.0,1219.7,5.66,0.11,1465
202604,00191,BANCO CREDICOOP COOPERATIVO LIMITADO,Financiero,Familias,1,Situacion normal,271147,798895540.0,2946.4,84.55,88.20,271147
202604,00191,BANCO CREDICOOP COOPERATIVO LIMITADO,Financiero,Familias,11,Asistencias totalmente cubiertas con garantias preferidas A,193,1685224.0,8731.7,0.06,0.19,193
202604,00191,BANCO CREDICOOP COOPERATIVO LIMITADO,Financiero,Familias,2,Con seguimiento especial / riesgo bajo,10298,26143354.0,2538.7,3.21,2.89,10298
202604,00191,BANCO CREDICOOP COOPERATIVO LIMITADO,Financiero,Familias,3,Con problemas / riesgo medio,10025,26846098.0,2677.9,3.13,2.96,10025
202604,00191,BANCO CREDICOOP COOPERATIVO LIMITADO,Financiero,Familias,4,Con alto riesgo de insolvencia / riesgo alto,14317,38872074.0,2715.1,4.46,4.29,14317
202604,00191,BANCO CREDICOOP COOPERATIVO LIMITADO,Financiero,Familias,5,Irrecuperable,14731,13287803.0,902.0,4.59,1.47,14731
202604,00191,BANCO CREDICOOP COOPERATIVO LIMITADO,Financiero,Total,1,Situacion normal,292319,2410217398.0,8245.2,84.34,93.90,292319
202604,00191,BANCO CREDICOOP COOPERATIVO LIMITADO,Financiero,Total,11,Asistencias totalmente cubiertas con garantias preferidas A,321,7472419.0,23278.6,0.09,0.29,321
202604,00191,BANCO CREDICOOP COOPERATIVO LIMITADO,Financiero,Total,2,Con seguimiento especial / riesgo bajo,11448,38731847.0,3383.3,3.30,1.51,11448
202604,00191,BANCO CREDICOOP COOPERATIVO LIMITADO,Financiero,Total,3,Con problemas / riesgo medio,10870,33689263.0,3099.3,3.14,1.31,10870
202604,00191,BANCO CREDICOOP COOPERATIVO LIMITADO,Financiero,Total,4,Con alto riesgo de insolvencia / riesgo alto,15428,61666003.0,3997.0,4.45,2.40,15428
202604,00191,BANCO CREDICOOP COOPERATIVO LIMITADO,Financiero,Total,5,Irrecuperable,16196,15074726.0,930.8,4.67,0.59,16196
202604,00198,BANCO DE VALORES S.A.,Financiero,Empresas,1,Situacion normal,212,1215650312.0,5734199.6,94.64,99.97,212
202604,00198,BANCO DE VALORES S.A.,Financiero,Empresas,2,Con seguimiento especial / riesgo bajo,2,24915.0,12457.5,0.89,0.00,2
202604,00198,BANCO DE VALORES S.A.,Financiero,Empresas,3,Con problemas / riesgo medio,1,195.0,195.0,0.45,0.00,1
202604,00198,BANCO DE VALORES S.A.,Financiero,Empresas,4,Con alto riesgo de insolvencia / riesgo alto,4,307827.0,76956.8,1.79,0.03,4
202604,00198,BANCO DE VALORES S.A.,Financiero,Empresas,5,Irrecuperable,5,7589.0,1517.8,2.23,0.00,5
202604,00198,BANCO DE VALORES S.A.,Financiero,Familias,1,Situacion normal,1,39.0,39.0,100.00,100.00,1
202604,00198,BANCO DE VALORES S.A.,Financiero,Total,1,Situacion normal,213,1215650351.0,5707278.6,94.67,99.97,213
202604,00198,BANCO DE VALORES S.A.,Financiero,Total,2,Con seguimiento especial / riesgo bajo,2,24915.0,12457.5,0.89,0.00,2
202604,00198,BANCO DE VALORES S.A.,Financiero,Total,3,Con problemas / riesgo medio,1,195.0,195.0,0.44,0.00,1
202604,00198,BANCO DE VALORES S.A.,Financiero,Total,4,Con alto riesgo de insolvencia / riesgo alto,4,307827.0,76956.8,1.78,0.03,4
202604,00198,BANCO DE VALORES S.A.,Financiero,Total,5,Irrecuperable,5,7589.0,1517.8,2.22,0.00,5
202604,00247,BANCO ROELA S.A.,Financiero,Empresas,1,Situacion normal,527,51250483.0,97249.5,93.11,98.63,527
202604,00247,BANCO ROELA S.A.,Financiero,Empresas,11,Asistencias totalmente cubiertas con garantias preferidas A,2,26968.0,13484.0,0.35,0.05,2
202604,00247,BANCO ROELA S.A.,Financiero,Empresas,2,Con seguimiento especial / riesgo bajo,7,100171.0,14310.1,1.24,0.19,7
202604,00247,BANCO ROELA S.A.,Financiero,Empresas,3,Con problemas / riesgo medio,9,430078.0,47786.4,1.59,0.83,9
202604,00247,BANCO ROELA S.A.,Financiero,Empresas,4,Con alto riesgo de insolvencia / riesgo alto,14,138877.0,9919.8,2.47,0.27,14
202604,00247,BANCO ROELA S.A.,Financiero,Empresas,5,Irrecuperable,7,16919.0,2417.0,1.24,0.03,7
202604,00247,BANCO ROELA S.A.,Financiero,Familias,1,Situacion normal,387,4257971.0,11002.5,89.58,87.06,387
202604,00247,BANCO ROELA S.A.,Financiero,Familias,11,Asistencias totalmente cubiertas con garantias preferidas A,8,16343.0,2042.9,1.85,0.33,8
202604,00247,BANCO ROELA S.A.,Financiero,Familias,2,Con seguimiento especial / riesgo bajo,14,446409.0,31886.4,3.24,9.13,14
202604,00247,BANCO ROELA S.A.,Financiero,Familias,3,Con problemas / riesgo medio,7,106993.0,15284.7,1.62,2.19,7
202604,00247,BANCO ROELA S.A.,Financiero,Familias,4,Con alto riesgo de insolvencia / riesgo alto,6,55122.0,9187.0,1.39,1.13,6
202604,00247,BANCO ROELA S.A.,Financiero,Familias,5,Irrecuperable,10,7827.0,782.7,2.31,0.16,10
202604,00247,BANCO ROELA S.A.,Financiero,Total,1,Situacion normal,914,55508454.0,60731.4,91.58,97.63,914
202604,00247,BANCO ROELA S.A.,Financiero,Total,11,Asistencias totalmente cubiertas con garantias preferidas A,10,43311.0,4331.1,1.00,0.08,10
202604,00247,BANCO ROELA S.A.,Financiero,Total,2,Con seguimiento especial / riesgo bajo,21,546580.0,26027.6,2.10,0.96,21
202604,00247,BANCO ROELA S.A.,Financiero,Total,3,Con problemas / riesgo medio,16,537071.0,33566.9,1.60,0.94,16
202604,00247,BANCO ROELA S.A.,Financiero,Total,4,Con alto riesgo de insolvencia / riesgo alto,20,193999.0,9700.0,2.00,0.34,20
202604,00247,BANCO ROELA S.A.,Financiero,Total,5,Irrecuperable,17,24746.0,1455.6,1.70,0.04,17
202604,00254,BANCO MARIVA S.A.,Financiero,Empresas,1,Situacion normal,262,305470095.0,1165916.4,95.27,98.82,262
202604,00254,BANCO MARIVA S.A.,Financiero,Empresas,2,Con seguimiento especial / riesgo bajo,3,2321616.0,773872.0,1.09,0.75,3
202604,00254,BANCO MARIVA S.A.,Financiero,Empresas,3,Con problemas / riesgo medio,1,57.0,57.0,0.36,0.00,1
202604,00254,BANCO MARIVA S.A.,Financiero,Empresas,4,Con alto riesgo de insolvencia / riesgo alto,4,856562.0,214140.5,1.45,0.28,4
202604,00254,BANCO MARIVA S.A.,Financiero,Empresas,5,Irrecuperable,5,457987.0,91597.4,1.82,0.15,5
202604,00254,BANCO MARIVA S.A.,Financiero,Familias,1,Situacion normal,26,5051586.0,194291.8,89.66,98.34,26
202604,00254,BANCO MARIVA S.A.,Financiero,Familias,11,Asistencias totalmente cubiertas con garantias preferidas A,1,84783.0,84783.0,3.45,1.65,1
202604,00254,BANCO MARIVA S.A.,Financiero,Familias,5,Irrecuperable,2,523.0,261.5,6.90,0.01,2
202604,00254,BANCO MARIVA S.A.,Financiero,Total,1,Situacion normal,288,310521681.0,1078200.3,94.74,98.82,288
202604,00254,BANCO MARIVA S.A.,Financiero,Total,11,Asistencias totalmente cubiertas con garantias preferidas A,1,84783.0,84783.0,0.33,0.03,1
202604,00254,BANCO MARIVA S.A.,Financiero,Total,2,Con seguimiento especial / riesgo bajo,3,2321616.0,773872.0,0.99,0.74,3
202604,00254,BANCO MARIVA S.A.,Financiero,Total,3,Con problemas / riesgo medio,1,57.0,57.0,0.33,0.00,1
202604,00254,BANCO MARIVA S.A.,Financiero,Total,4,Con alto riesgo de insolvencia / riesgo alto,4,856562.0,214140.5,1.32,0.27,4
202604,00254,BANCO MARIVA S.A.,Financiero,Total,5,Irrecuperable,7,458510.0,65501.4,2.30,0.15,7
202604,00266,BNP PARIBAS,Financiero,Empresas,1,Situacion normal,4,17094653.0,4273663.2,100.00,100.00,4
202604,00266,BNP PARIBAS,Financiero,Familias,1,Situacion normal,6,12412087.0,2068681.2,100.00,100.00,6
202604,00266,BNP PARIBAS,Financiero,Total,1,Situacion normal,10,29506740.0,2950674.0,100.00,100.00,10
202604,00268,BANCO PROVINCIA DE TIERRA DEL FUEGO,Financiero,Empresas,1,Situacion normal,299,9661640.0,32313.2,83.52,82.29,299
202604,00268,BANCO PROVINCIA DE TIERRA DEL FUEGO,Financiero,Empresas,2,Con seguimiento especial / riesgo bajo,20,339057.0,16952.8,5.59,2.89,20
202604,00268,BANCO PROVINCIA DE TIERRA DEL FUEGO,Financiero,Empresas,3,Con problemas / riesgo medio,14,245349.0,17524.9,3.91,2.09,14
202604,00268,BANCO PROVINCIA DE TIERRA DEL FUEGO,Financiero,Empresas,4,Con alto riesgo de insolvencia / riesgo alto,9,1481600.0,164622.2,2.51,12.62,9
202604,00268,BANCO PROVINCIA DE TIERRA DEL FUEGO,Financiero,Empresas,5,Irrecuperable,16,13546.0,846.6,4.47,0.12,16
202604,00268,BANCO PROVINCIA DE TIERRA DEL FUEGO,Financiero,Familias,1,Situacion normal,29560,167134406.0,5654.1,87.45,87.42,29560
202604,00268,BANCO PROVINCIA DE TIERRA DEL FUEGO,Financiero,Familias,2,Con seguimiento especial / riesgo bajo,853,6551710.0,7680.8,2.52,3.43,853
202604,00268,BANCO PROVINCIA DE TIERRA DEL FUEGO,Financiero,Familias,3,Con problemas / riesgo medio,785,5987462.0,7627.3,2.32,3.13,785
202604,00268,BANCO PROVINCIA DE TIERRA DEL FUEGO,Financiero,Familias,4,Con alto riesgo de insolvencia / riesgo alto,1112,7363390.0,6621.8,3.29,3.85,1112
202604,00268,BANCO PROVINCIA DE TIERRA DEL FUEGO,Financiero,Familias,5,Irrecuperable,1493,4140910.0,2773.5,4.42,2.17,1493
202604,00268,BANCO PROVINCIA DE TIERRA DEL FUEGO,Financiero,Total,1,Situacion normal,29859,176796046.0,5921.0,87.41,87.13,29859
202604,00268,BANCO PROVINCIA DE TIERRA DEL FUEGO,Financiero,Total,2,Con seguimiento especial / riesgo bajo,873,6890767.0,7893.2,2.56,3.40,873
202604,00268,BANCO PROVINCIA DE TIERRA DEL FUEGO,Financiero,Total,3,Con problemas / riesgo medio,799,6232811.0,7800.8,2.34,3.07,799
202604,00268,BANCO PROVINCIA DE TIERRA DEL FUEGO,Financiero,Total,4,Con alto riesgo de insolvencia / riesgo alto,1121,8844990.0,7890.3,3.28,4.36,1121
202604,00268,BANCO PROVINCIA DE TIERRA DEL FUEGO,Financiero,Total,5,Irrecuperable,1509,4154456.0,2753.1,4.42,2.05,1509
202604,00269,BANCO DE LA REPUBLICA ORIENTAL DEL URUGUAY,Financiero,Empresas,1,Situacion normal,9,934967.0,103885.2,69.23,98.19,9
202604,00269,BANCO DE LA REPUBLICA ORIENTAL DEL URUGUAY,Financiero,Empresas,5,Irrecuperable,4,17201.0,4300.2,30.77,1.81,4
202604,00269,BANCO DE LA REPUBLICA ORIENTAL DEL URUGUAY,Financiero,Familias,1,Situacion normal,87,72839.0,837.2,83.65,95.66,87
202604,00269,BANCO DE LA REPUBLICA ORIENTAL DEL URUGUAY,Financiero,Familias,4,Con alto riesgo de insolvencia / riesgo alto,3,1804.0,601.3,2.88,2.37,3
202604,00269,BANCO DE LA REPUBLICA ORIENTAL DEL URUGUAY,Financiero,Familias,5,Irrecuperable,14,1498.0,107.0,13.46,1.97,14
202604,00269,BANCO DE LA REPUBLICA ORIENTAL DEL URUGUAY,Financiero,Total,1,Situacion normal,96,1007806.0,10498.0,82.05,98.01,96
202604,00269,BANCO DE LA REPUBLICA ORIENTAL DEL URUGUAY,Financiero,Total,4,Con alto riesgo de insolvencia / riesgo alto,3,1804.0,601.3,2.56,0.18,3
202604,00269,BANCO DE LA REPUBLICA ORIENTAL DEL URUGUAY,Financiero,Total,5,Irrecuperable,18,18699.0,1038.8,15.38,1.82,18
202604,00277,BANCO SAENZ S.A.,Financiero,Empresas,1,Situacion normal,55,10356355.0,188297.4,84.62,96.86,55
202604,00277,BANCO SAENZ S.A.,Financiero,Empresas,4,Con alto riesgo de insolvencia / riesgo alto,1,34936.0,34936.0,1.54,0.33,1
202604,00277,BANCO SAENZ S.A.,Financiero,Empresas,5,Irrecuperable,9,300908.0,33434.2,13.85,2.81,9
202604,00277,BANCO SAENZ S.A.,Financiero,Familias,1,Situacion normal,22986,14496177.0,630.7,52.99,41.80,22986
202604,00277,BANCO SAENZ S.A.,Financiero,Familias,2,Con seguimiento especial / riesgo bajo,3429,2702191.0,788.0,7.91,7.79,3429
202604,00277,BANCO SAENZ S.A.,Financiero,Familias,3,Con problemas / riesgo medio,4584,4619045.0,1007.6,10.57,13.32,4584
202604,00277,BANCO SAENZ S.A.,Financiero,Familias,4,Con alto riesgo de insolvencia / riesgo alto,6947,7764969.0,1117.7,16.02,22.39,6947
202604,00277,BANCO SAENZ S.A.,Financiero,Familias,5,Irrecuperable,5430,5098017.0,938.9,12.52,14.70,5430
202604,00277,BANCO SAENZ S.A.,Financiero,Total,1,Situacion normal,23041,24852532.0,1078.6,53.04,54.77,23041
202604,00277,BANCO SAENZ S.A.,Financiero,Total,2,Con seguimiento especial / riesgo bajo,3429,2702191.0,788.0,7.89,5.96,3429
202604,00277,BANCO SAENZ S.A.,Financiero,Total,3,Con problemas / riesgo medio,4584,4619045.0,1007.6,10.55,10.18,4584
202604,00277,BANCO SAENZ S.A.,Financiero,Total,4,Con alto riesgo de insolvencia / riesgo alto,6948,7799905.0,1122.6,15.99,17.19,6948
202604,00277,BANCO SAENZ S.A.,Financiero,Total,5,Irrecuperable,5439,5398925.0,992.6,12.52,11.90,5439
202604,00281,BANCO MERIDIAN S.A.,Financiero,Empresas,1,Situacion normal,124,16997825.0,137079.2,81.05,89.47,124
202604,00281,BANCO MERIDIAN S.A.,Financiero,Empresas,11,Asistencias totalmente cubiertas con garantias preferidas A,2,110515.0,55257.5,1.31,0.58,2
202604,00281,BANCO MERIDIAN S.A.,Financiero,Empresas,2,Con seguimiento especial / riesgo bajo,4,80936.0,20234.0,2.61,0.43,4
202604,00281,BANCO MERIDIAN S.A.,Financiero,Empresas,3,Con problemas / riesgo medio,3,308296.0,102765.3,1.96,1.62,3
202604,00281,BANCO MERIDIAN S.A.,Financiero,Empresas,4,Con alto riesgo de insolvencia / riesgo alto,1,118802.0,118802.0,0.65,0.63,1
202604,00281,BANCO MERIDIAN S.A.,Financiero,Empresas,5,Irrecuperable,19,1381133.0,72691.2,12.42,7.27,19
202604,00281,BANCO MERIDIAN S.A.,Financiero,Familias,1,Situacion normal,2331,1922432.0,824.7,97.12,93.89,2331
202604,00281,BANCO MERIDIAN S.A.,Financiero,Familias,2,Con seguimiento especial / riesgo bajo,35,91246.0,2607.0,1.46,4.46,35
202604,00281,BANCO MERIDIAN S.A.,Financiero,Familias,3,Con problemas / riesgo medio,19,10135.0,533.4,0.79,0.49,19
202604,00281,BANCO MERIDIAN S.A.,Financiero,Familias,4,Con alto riesgo de insolvencia / riesgo alto,8,8934.0,1116.8,0.33,0.44,8
202604,00281,BANCO MERIDIAN S.A.,Financiero,Familias,5,Irrecuperable,7,14745.0,2106.4,0.29,0.72,7
202604,00281,BANCO MERIDIAN S.A.,Financiero,Total,1,Situacion normal,2455,18920257.0,7706.8,96.16,89.90,2455
202604,00281,BANCO MERIDIAN S.A.,Financiero,Total,11,Asistencias totalmente cubiertas con garantias preferidas A,2,110515.0,55257.5,0.08,0.53,2
202604,00281,BANCO MERIDIAN S.A.,Financiero,Total,2,Con seguimiento especial / riesgo bajo,39,172182.0,4414.9,1.53,0.82,39
202604,00281,BANCO MERIDIAN S.A.,Financiero,Total,3,Con problemas / riesgo medio,22,318431.0,14474.1,0.86,1.51,22
202604,00281,BANCO MERIDIAN S.A.,Financiero,Total,4,Con alto riesgo de insolvencia / riesgo alto,9,127736.0,14192.9,0.35,0.61,9
202604,00281,BANCO MERIDIAN S.A.,Financiero,Total,5,Irrecuperable,26,1395878.0,53687.6,1.02,6.63,26
202604,00285,BANCO MACRO S.A.,Financiero,Empresas,1,Situacion normal,37371,5209376723.0,139396.2,85.89,93.81,37371
202604,00285,BANCO MACRO S.A.,Financiero,Empresas,11,Asistencias totalmente cubiertas con garantias preferidas A,409,31570673.0,77189.9,0.94,0.57,409
202604,00285,BANCO MACRO S.A.,Financiero,Empresas,2,Con seguimiento especial / riesgo bajo,1579,95707690.0,60612.8,3.63,1.72,1579
202604,00285,BANCO MACRO S.A.,Financiero,Empresas,3,Con problemas / riesgo medio,1502,80793588.0,53790.7,3.45,1.45,1502
202604,00285,BANCO MACRO S.A.,Financiero,Empresas,4,Con alto riesgo de insolvencia / riesgo alto,945,76634676.0,81094.9,2.17,1.38,945
202604,00285,BANCO MACRO S.A.,Financiero,Empresas,5,Irrecuperable,1704,59270447.0,34783.1,3.92,1.07,1704
202604,00285,BANCO MACRO S.A.,Financiero,Familias,1,Situacion normal,1656888,5468261024.0,3300.3,85.53,85.56,1656888
202604,00285,BANCO MACRO S.A.,Financiero,Familias,11,Asistencias totalmente cubiertas con garantias preferidas A,317,2966264.0,9357.3,0.02,0.05,317
202604,00285,BANCO MACRO S.A.,Financiero,Familias,2,Con seguimiento especial / riesgo bajo,49448,240081422.0,4855.2,2.55,3.76,49448
202604,00285,BANCO MACRO S.A.,Financiero,Familias,3,Con problemas / riesgo medio,58705,238314016.0,4059.5,3.03,3.73,58705
202604,00285,BANCO MACRO S.A.,Financiero,Familias,4,Con alto riesgo de insolvencia / riesgo alto,51730,166159262.0,3212.0,2.67,2.60,51730
202604,00285,BANCO MACRO S.A.,Financiero,Familias,5,Irrecuperable,120154,275554876.0,2293.3,6.20,4.31,120154
202604,00285,BANCO MACRO S.A.,Financiero,Total,1,Situacion normal,1694259,10677637747.0,6302.2,85.54,89.39,1694259
202604,00285,BANCO MACRO S.A.,Financiero,Total,11,Asistencias totalmente cubiertas con garantias preferidas A,726,34536937.0,47571.5,0.04,0.29,726
202604,00285,BANCO MACRO S.A.,Financiero,Total,2,Con seguimiento especial / riesgo bajo,51027,335789112.0,6580.6,2.58,2.81,51027
202604,00285,BANCO MACRO S.A.,Financiero,Total,3,Con problemas / riesgo medio,60207,319107604.0,5300.2,3.04,2.67,60207
202604,00285,BANCO MACRO S.A.,Financiero,Total,4,Con alto riesgo de insolvencia / riesgo alto,52675,242793938.0,4609.3,2.66,2.03,52675
202604,00285,BANCO MACRO S.A.,Financiero,Total,5,Irrecuperable,121858,334825323.0,2747.7,6.15,2.80,121858
202604,00299,BANCO COMAFI SOCIEDAD ANONIMA,Financiero,Empresas,1,Situacion normal,4584,1709197693.0,372861.6,83.18,96.95,4584
202604,00299,BANCO COMAFI SOCIEDAD ANONIMA,Financiero,Empresas,11,Asistencias totalmente cubiertas con garantias preferidas A,34,9062135.0,266533.4,0.62,0.51,34
202604,00299,BANCO COMAFI SOCIEDAD ANONIMA,Financiero,Empresas,2,Con seguimiento especial / riesgo bajo,224,12341811.0,55097.4,4.06,0.70,224
202604,00299,BANCO COMAFI SOCIEDAD ANONIMA,Financiero,Empresas,3,Con problemas / riesgo medio,184,7281075.0,39571.1,3.34,0.41,184
202604,00299,BANCO COMAFI SOCIEDAD ANONIMA,Financiero,Empresas,4,Con alto riesgo de insolvencia / riesgo alto,214,21778875.0,101770.4,3.88,1.24,214
202604,00299,BANCO COMAFI SOCIEDAD ANONIMA,Financiero,Empresas,5,Irrecuperable,271,3332832.0,12298.3,4.92,0.19,271
202604,00299,BANCO COMAFI SOCIEDAD ANONIMA,Financiero,Familias,1,Situacion normal,75284,207162152.0,2751.7,87.71,82.88,75284
202604,00299,BANCO COMAFI SOCIEDAD ANONIMA,Financiero,Familias,11,Asistencias totalmente cubiertas con garantias preferidas A,72,598206.0,8308.4,0.08,0.24,72
202604,00299,BANCO COMAFI SOCIEDAD ANONIMA,Financiero,Familias,2,Con seguimiento especial / riesgo bajo,3004,12842355.0,4275.1,3.50,5.14,3004
202604,00299,BANCO COMAFI SOCIEDAD ANONIMA,Financiero,Familias,3,Con problemas / riesgo medio,3659,13160678.0,3596.8,4.26,5.26,3659
202604,00299,BANCO COMAFI SOCIEDAD ANONIMA,Financiero,Familias,4,Con alto riesgo de insolvencia / riesgo alto,2460,11960016.0,4861.8,2.87,4.78,2460
202604,00299,BANCO COMAFI SOCIEDAD ANONIMA,Financiero,Familias,5,Irrecuperable,1352,4242934.0,3138.3,1.58,1.70,1352
202604,00299,BANCO COMAFI SOCIEDAD ANONIMA,Financiero,Total,1,Situacion normal,79868,1916359845.0,23994.1,87.44,95.20,79868
202604,00299,BANCO COMAFI SOCIEDAD ANONIMA,Financiero,Total,11,Asistencias totalmente cubiertas con garantias preferidas A,106,9660341.0,91135.3,0.12,0.48,106
202604,00299,BANCO COMAFI SOCIEDAD ANONIMA,Financiero,Total,2,Con seguimiento especial / riesgo bajo,3228,25184166.0,7801.8,3.53,1.25,3228
202604,00299,BANCO COMAFI SOCIEDAD ANONIMA,Financiero,Total,3,Con problemas / riesgo medio,3843,20441753.0,5319.2,4.21,1.02,3843
202604,00299,BANCO COMAFI SOCIEDAD ANONIMA,Financiero,Total,4,Con alto riesgo de insolvencia / riesgo alto,2674,33738891.0,12617.4,2.93,1.68,2674
202604,00299,BANCO COMAFI SOCIEDAD ANONIMA,Financiero,Total,5,Irrecuperable,1623,7575766.0,4667.8,1.78,0.38,1623
202604,00300,BANCO DE INVERSION Y COMERCIO EXTERIOR S.A.,Financiero,Empresas,1,Situacion normal,966,622203371.0,644102.9,56.76,83.84,966
202604,00300,BANCO DE INVERSION Y COMERCIO EXTERIOR S.A.,Financiero,Empresas,11,Asistencias totalmente cubiertas con garantias preferidas A,642,61987232.0,96553.3,37.72,8.35,642
202604,00300,BANCO DE INVERSION Y COMERCIO EXTERIOR S.A.,Financiero,Empresas,2,Con seguimiento especial / riesgo bajo,10,3922586.0,392258.6,0.59,0.53,10
202604,00300,BANCO DE INVERSION Y COMERCIO EXTERIOR S.A.,Financiero,Empresas,3,Con problemas / riesgo medio,8,5777344.0,722168.0,0.47,0.78,8
202604,00300,BANCO DE INVERSION Y COMERCIO EXTERIOR S.A.,Financiero,Empresas,4,Con alto riesgo de insolvencia / riesgo alto,9,3862762.0,429195.8,0.53,0.52,9
202604,00300,BANCO DE INVERSION Y COMERCIO EXTERIOR S.A.,Financiero,Empresas,5,Irrecuperable,67,44414054.0,662896.3,3.94,5.98,67
202604,00300,BANCO DE INVERSION Y COMERCIO EXTERIOR S.A.,Financiero,Familias,1,Situacion normal,70,20712399.0,295891.4,39.77,82.72,70
202604,00300,BANCO DE INVERSION Y COMERCIO EXTERIOR S.A.,Financiero,Familias,11,Asistencias totalmente cubiertas con garantias preferidas A,102,4325442.0,42406.3,57.95,17.27,102
202604,00300,BANCO DE INVERSION Y COMERCIO EXTERIOR S.A.,Financiero,Familias,5,Irrecuperable,4,1960.0,490.0,2.27,0.01,4
202604,00300,BANCO DE INVERSION Y COMERCIO EXTERIOR S.A.,Financiero,Total,1,Situacion normal,1036,642915770.0,620575.1,55.17,83.80,1036
202604,00300,BANCO DE INVERSION Y COMERCIO EXTERIOR S.A.,Financiero,Total,11,Asistencias totalmente cubiertas con garantias preferidas A,744,66312674.0,89129.9,39.62,8.64,744
202604,00300,BANCO DE INVERSION Y COMERCIO EXTERIOR S.A.,Financiero,Total,2,Con seguimiento especial / riesgo bajo,10,3922586.0,392258.6,0.53,0.51,10
202604,00300,BANCO DE INVERSION Y COMERCIO EXTERIOR S.A.,Financiero,Total,3,Con problemas / riesgo medio,8,5777344.0,722168.0,0.43,0.75,8
202604,00300,BANCO DE INVERSION Y COMERCIO EXTERIOR S.A.,Financiero,Total,4,Con alto riesgo de insolvencia / riesgo alto,9,3862762.0,429195.8,0.48,0.50,9
202604,00300,BANCO DE INVERSION Y COMERCIO EXTERIOR S.A.,Financiero,Total,5,Irrecuperable,71,44416014.0,625577.7,3.78,5.79,71
202604,00301,BANCO PIANO S.A.,Financiero,Empresas,1,Situacion normal,26,67090103.0,2580388.6,96.30,100.00,26
202604,00301,BANCO PIANO S.A.,Financiero,Empresas,2,Con seguimiento especial / riesgo bajo,1,65.0,65.0,3.70,0.00,1
202604,00301,BANCO PIANO S.A.,Financiero,Familias,1,Situacion normal,69187,102029617.0,1474.7,81.38,83.68,69187
202604,00301,BANCO PIANO S.A.,Financiero,Familias,2,Con seguimiento especial / riesgo bajo,2718,6044656.0,2223.9,3.20,4.96,2718
202604,00301,BANCO PIANO S.A.,Financiero,Familias,3,Con problemas / riesgo medio,2918,5316872.0,1822.1,3.43,4.36,2918
202604,00301,BANCO PIANO S.A.,Financiero,Familias,4,Con alto riesgo de insolvencia / riesgo alto,3670,4615101.0,1257.5,4.32,3.79,3670
202604,00301,BANCO PIANO S.A.,Financiero,Familias,5,Irrecuperable,6529,3924351.0,601.1,7.68,3.22,6529
202604,00301,BANCO PIANO S.A.,Financiero,Total,1,Situacion normal,69213,169119720.0,2443.5,81.38,89.47,69213
202604,00301,BANCO PIANO S.A.,Financiero,Total,2,Con seguimiento especial / riesgo bajo,2719,6044721.0,2223.1,3.20,3.20,2719
202604,00301,BANCO PIANO S.A.,Financiero,Total,3,Con problemas / riesgo medio,2918,5316872.0,1822.1,3.43,2.81,2918
202604,00301,BANCO PIANO S.A.,Financiero,Total,4,Con alto riesgo de insolvencia / riesgo alto,3670,4615101.0,1257.5,4.32,2.44,3670
202604,00301,BANCO PIANO S.A.,Financiero,Total,5,Irrecuperable,6529,3924351.0,601.1,7.68,2.08,6529
202604,00305,BANCO JULIO SOCIEDAD ANONIMA,Financiero,Empresas,1,Situacion normal,233,20930836.0,89831.9,89.62,82.70,233
202604,00305,BANCO JULIO SOCIEDAD ANONIMA,Financiero,Empresas,2,Con seguimiento especial / riesgo bajo,6,718335.0,119722.5,2.31,2.84,6
202604,00305,BANCO JULIO SOCIEDAD ANONIMA,Financiero,Empresas,3,Con problemas / riesgo medio,9,1412012.0,156890.2,3.46,5.58,9
202604,00305,BANCO JULIO SOCIEDAD ANONIMA,Financiero,Empresas,4,Con alto riesgo de insolvencia / riesgo alto,6,1911808.0,318634.7,2.31,7.55,6
202604,00305,BANCO JULIO SOCIEDAD ANONIMA,Financiero,Empresas,5,Irrecuperable,6,337409.0,56234.8,2.31,1.33,6
202604,00305,BANCO JULIO SOCIEDAD ANONIMA,Financiero,Familias,1,Situacion normal,66,1835846.0,27815.8,95.65,99.11,66
202604,00305,BANCO JULIO SOCIEDAD ANONIMA,Financiero,Familias,2,Con seguimiento especial / riesgo bajo,1,13949.0,13949.0,1.45,0.75,1
202604,00305,BANCO JULIO SOCIEDAD ANONIMA,Financiero,Familias,3,Con problemas / riesgo medio,1,474.0,474.0,1.45,0.03,1
202604,00305,BANCO JULIO SOCIEDAD ANONIMA,Financiero,Familias,5,Irrecuperable,1,2126.0,2126.0,1.45,0.11,1
202604,00305,BANCO JULIO SOCIEDAD ANONIMA,Financiero,Total,1,Situacion normal,299,22766682.0,76142.7,90.88,83.82,299
202604,00305,BANCO JULIO SOCIEDAD ANONIMA,Financiero,Total,2,Con seguimiento especial / riesgo bajo,7,732284.0,104612.0,2.13,2.70,7
202604,00305,BANCO JULIO SOCIEDAD ANONIMA,Financiero,Total,3,Con problemas / riesgo medio,10,1412486.0,141248.6,3.04,5.20,10
202604,00305,BANCO JULIO SOCIEDAD ANONIMA,Financiero,Total,4,Con alto riesgo de insolvencia / riesgo alto,6,1911808.0,318634.7,1.82,7.04,6
202604,00305,BANCO JULIO SOCIEDAD ANONIMA,Financiero,Total,5,Irrecuperable,7,339535.0,48505.0,2.13,1.25,7
202604,00309,BANCO RIOJA SOCIEDAD ANONIMA UNIPERSONAL,Financiero,Empresas,1,Situacion normal,104,14730912.0,141643.4,53.61,40.14,104
202604,00309,BANCO RIOJA SOCIEDAD ANONIMA UNIPERSONAL,Financiero,Empresas,11,Asistencias totalmente cubiertas con garantias preferidas A,25,185193.0,7407.7,12.89,0.50,25
202604,00309,BANCO RIOJA SOCIEDAD ANONIMA UNIPERSONAL,Financiero,Empresas,2,Con seguimiento especial / riesgo bajo,11,6458045.0,587095.0,5.67,17.60,11
202604,00309,BANCO RIOJA SOCIEDAD ANONIMA UNIPERSONAL,Financiero,Empresas,3,Con problemas / riesgo medio,6,509847.0,84974.5,3.09,1.39,6
202604,00309,BANCO RIOJA SOCIEDAD ANONIMA UNIPERSONAL,Financiero,Empresas,4,Con alto riesgo de insolvencia / riesgo alto,15,9289974.0,619331.6,7.73,25.31,15
202604,00309,BANCO RIOJA SOCIEDAD ANONIMA UNIPERSONAL,Financiero,Empresas,5,Irrecuperable,33,5526125.0,167458.3,17.01,15.06,33
202604,00309,BANCO RIOJA SOCIEDAD ANONIMA UNIPERSONAL,Financiero,Familias,1,Situacion normal,45650,85485754.0,1872.6,81.59,75.67,45650
202604,00309,BANCO RIOJA SOCIEDAD ANONIMA UNIPERSONAL,Financiero,Familias,11,Asistencias totalmente cubiertas con garantias preferidas A,57,117090.0,2054.2,0.10,0.10,57
202604,00309,BANCO RIOJA SOCIEDAD ANONIMA UNIPERSONAL,Financiero,Familias,2,Con seguimiento especial / riesgo bajo,3000,8345293.0,2781.8,5.36,7.39,3000
202604,00309,BANCO RIOJA SOCIEDAD ANONIMA UNIPERSONAL,Financiero,Familias,3,Con problemas / riesgo medio,3129,8758735.0,2799.2,5.59,7.75,3129
202604,00309,BANCO RIOJA SOCIEDAD ANONIMA UNIPERSONAL,Financiero,Familias,4,Con alto riesgo de insolvencia / riesgo alto,2906,7285614.0,2507.1,5.19,6.45,2906
202604,00309,BANCO RIOJA SOCIEDAD ANONIMA UNIPERSONAL,Financiero,Familias,5,Irrecuperable,1209,2986736.0,2470.4,2.16,2.64,1209
202604,00309,BANCO RIOJA SOCIEDAD ANONIMA UNIPERSONAL,Financiero,Total,1,Situacion normal,45754,100216666.0,2190.3,81.49,66.95,45754
202604,00309,BANCO RIOJA SOCIEDAD ANONIMA UNIPERSONAL,Financiero,Total,11,Asistencias totalmente cubiertas con garantias preferidas A,82,302283.0,3686.4,0.15,0.20,82
202604,00309,BANCO RIOJA SOCIEDAD ANONIMA UNIPERSONAL,Financiero,Total,2,Con seguimiento especial / riesgo bajo,3011,14803338.0,4916.4,5.36,9.89,3011
202604,00309,BANCO RIOJA SOCIEDAD ANONIMA UNIPERSONAL,Financiero,Total,3,Con problemas / riesgo medio,3135,9268582.0,2956.5,5.58,6.19,3135
202604,00309,BANCO RIOJA SOCIEDAD ANONIMA UNIPERSONAL,Financiero,Total,4,Con alto riesgo de insolvencia / riesgo alto,2921,16575588.0,5674.6,5.20,11.07,2921
202604,00309,BANCO RIOJA SOCIEDAD ANONIMA UNIPERSONAL,Financiero,Total,5,Irrecuperable,1242,8512861.0,6854.2,2.21,5.69,1242
202604,00310,BANCO DEL SOL S.A.,Financiero,Empresas,1,Situacion normal,333,64631630.0,194089.0,77.62,83.54,333
202604,00310,BANCO DEL SOL S.A.,Financiero,Empresas,2,Con seguimiento especial / riesgo bajo,21,1828007.0,87048.0,4.90,2.36,21
202604,00310,BANCO DEL SOL S.A.,Financiero,Empresas,3,Con problemas / riesgo medio,35,4440173.0,126862.1,8.16,5.74,35
202604,00310,BANCO DEL SOL S.A.,Financiero,Empresas,4,Con alto riesgo de insolvencia / riesgo alto,34,5336773.0,156963.9,7.93,6.90,34
202604,00310,BANCO DEL SOL S.A.,Financiero,Empresas,5,Irrecuperable,6,1130511.0,188418.5,1.40,1.46,6
202604,00310,BANCO DEL SOL S.A.,Financiero,Familias,1,Situacion normal,91876,296348625.0,3225.5,75.92,81.82,91876
202604,00310,BANCO DEL SOL S.A.,Financiero,Familias,2,Con seguimiento especial / riesgo bajo,7406,26527820.0,3581.9,6.12,7.32,7406
202604,00310,BANCO DEL SOL S.A.,Financiero,Familias,3,Con problemas / riesgo medio,6395,15347507.0,2399.9,5.28,4.24,6395
202604,00310,BANCO DEL SOL S.A.,Financiero,Familias,4,Con alto riesgo de insolvencia / riesgo alto,8798,16551414.0,1881.3,7.27,4.57,8798
202604,00310,BANCO DEL SOL S.A.,Financiero,Familias,5,Irrecuperable,6543,7436766.0,1136.6,5.41,2.05,6543
202604,00310,BANCO DEL SOL S.A.,Financiero,Total,1,Situacion normal,92209,360980255.0,3914.8,75.93,82.12,92209
202604,00310,BANCO DEL SOL S.A.,Financiero,Total,2,Con seguimiento especial / riesgo bajo,7427,28355827.0,3817.9,6.12,6.45,7427
202604,00310,BANCO DEL SOL S.A.,Financiero,Total,3,Con problemas / riesgo medio,6430,19787680.0,3077.4,5.29,4.50,6430
202604,00310,BANCO DEL SOL S.A.,Financiero,Total,4,Con alto riesgo de insolvencia / riesgo alto,8832,21888187.0,2478.3,7.27,4.98,8832
202604,00310,BANCO DEL SOL S.A.,Financiero,Total,5,Irrecuperable,6549,8567277.0,1308.2,5.39,1.95,6549
202604,00311,NUEVO BANCO DEL CHACO S. A.,Financiero,Empresas,1,Situacion normal,599,142572936.0,238018.3,85.33,86.38,599
202604,00311,NUEVO BANCO DEL CHACO S. A.,Financiero,Empresas,11,Asistencias totalmente cubiertas con garantias preferidas A,6,2635593.0,439265.5,0.85,1.60,6
202604,00311,NUEVO BANCO DEL CHACO S. A.,Financiero,Empresas,2,Con seguimiento especial / riesgo bajo,10,704166.0,70416.6,1.42,0.43,10
202604,00311,NUEVO BANCO DEL CHACO S. A.,Financiero,Empresas,3,Con problemas / riesgo medio,11,1393306.0,126664.2,1.57,0.84,11
202604,00311,NUEVO BANCO DEL CHACO S. A.,Financiero,Empresas,4,Con alto riesgo de insolvencia / riesgo alto,22,16443070.0,747412.3,3.13,9.96,22
202604,00311,NUEVO BANCO DEL CHACO S. A.,Financiero,Empresas,5,Irrecuperable,54,1307608.0,24215.0,7.69,0.79,54
202604,00311,NUEVO BANCO DEL CHACO S. A.,Financiero,Familias,1,Situacion normal,183334,425588637.0,2321.4,84.72,86.31,183334
202604,00311,NUEVO BANCO DEL CHACO S. A.,Financiero,Familias,11,Asistencias totalmente cubiertas con garantias preferidas A,1,13456.0,13456.0,0.00,0.00,1
202604,00311,NUEVO BANCO DEL CHACO S. A.,Financiero,Familias,2,Con seguimiento especial / riesgo bajo,6666,16271200.0,2440.9,3.08,3.30,6666
202604,00311,NUEVO BANCO DEL CHACO S. A.,Financiero,Familias,3,Con problemas / riesgo medio,6109,14157748.0,2317.5,2.82,2.87,6109
202604,00311,NUEVO BANCO DEL CHACO S. A.,Financiero,Familias,4,Con alto riesgo de insolvencia / riesgo alto,10692,28294376.0,2646.3,4.94,5.74,10692
202604,00311,NUEVO BANCO DEL CHACO S. A.,Financiero,Familias,5,Irrecuperable,9607,8740692.0,909.8,4.44,1.77,9607
202604,00311,NUEVO BANCO DEL CHACO S. A.,Financiero,Total,1,Situacion normal,183933,568161573.0,3089.0,84.72,86.33,183933
202604,00311,NUEVO BANCO DEL CHACO S. A.,Financiero,Total,11,Asistencias totalmente cubiertas con garantias preferidas A,7,2649049.0,378435.6,0.00,0.40,7
202604,00311,NUEVO BANCO DEL CHACO S. A.,Financiero,Total,2,Con seguimiento especial / riesgo bajo,6676,16975366.0,2542.7,3.07,2.58,6676
202604,00311,NUEVO BANCO DEL CHACO S. A.,Financiero,Total,3,Con problemas / riesgo medio,6120,15551054.0,2541.0,2.82,2.36,6120
202604,00311,NUEVO BANCO DEL CHACO S. A.,Financiero,Total,4,Con alto riesgo de insolvencia / riesgo alto,10714,44737446.0,4175.6,4.93,6.80,10714
202604,00311,NUEVO BANCO DEL CHACO S. A.,Financiero,Total,5,Irrecuperable,9661,10048300.0,1040.1,4.45,1.53,9661
202604,00312,BANCO VOII S.A.,Financiero,Empresas,1,Situacion normal,10,1609081.0,160908.1,83.33,90.64,10
202604,00312,BANCO VOII S.A.,Financiero,Empresas,4,Con alto riesgo de insolvencia / riesgo alto,1,2454.0,2454.0,8.33,0.14,1
202604,00312,BANCO VOII S.A.,Financiero,Empresas,5,Irrecuperable,1,163672.0,163672.0,8.33,9.22,1
202604,00312,BANCO VOII S.A.,Financiero,Familias,1,Situacion normal,36415,68068702.0,1869.2,86.63,89.54,36415
202604,00312,BANCO VOII S.A.,Financiero,Familias,2,Con seguimiento especial / riesgo bajo,2064,3360520.0,1628.2,4.91,4.42,2064
202604,00312,BANCO VOII S.A.,Financiero,Familias,3,Con problemas / riesgo medio,1675,2670695.0,1594.4,3.98,3.51,1675
202604,00312,BANCO VOII S.A.,Financiero,Familias,4,Con alto riesgo de insolvencia / riesgo alto,1190,1705704.0,1433.4,2.83,2.24,1190
202604,00312,BANCO VOII S.A.,Financiero,Familias,5,Irrecuperable,693,218954.0,316.0,1.65,0.29,693
202604,00312,BANCO VOII S.A.,Financiero,Total,1,Situacion normal,36425,69677783.0,1912.9,86.63,89.56,36425
202604,00312,BANCO VOII S.A.,Financiero,Total,2,Con seguimiento especial / riesgo bajo,2064,3360520.0,1628.2,4.91,4.32,2064
202604,00312,BANCO VOII S.A.,Financiero,Total,3,Con problemas / riesgo medio,1675,2670695.0,1594.4,3.98,3.43,1675
202604,00312,BANCO VOII S.A.,Financiero,Total,4,Con alto riesgo de insolvencia / riesgo alto,1191,1708158.0,1434.2,2.83,2.20,1191
202604,00312,BANCO VOII S.A.,Financiero,Total,5,Irrecuperable,694,382626.0,551.3,1.65,0.49,694
202604,00315,BANCO DE FORMOSA S.A.,Financiero,Empresas,1,Situacion normal,488,23912314.0,49000.6,79.22,83.52,488
202604,00315,BANCO DE FORMOSA S.A.,Financiero,Empresas,2,Con seguimiento especial / riesgo bajo,27,2343808.0,86807.7,4.38,8.19,27
202604,00315,BANCO DE FORMOSA S.A.,Financiero,Empresas,3,Con problemas / riesgo medio,24,346477.0,14436.5,3.90,1.21,24
202604,00315,BANCO DE FORMOSA S.A.,Financiero,Empresas,4,Con alto riesgo de insolvencia / riesgo alto,23,185864.0,8081.0,3.73,0.65,23
202604,00315,BANCO DE FORMOSA S.A.,Financiero,Empresas,5,Irrecuperable,54,1841052.0,34093.6,8.77,6.43,54
202604,00315,BANCO DE FORMOSA S.A.,Financiero,Familias,1,Situacion normal,96803,203476637.0,2102.0,91.27,90.84,96803
202604,00315,BANCO DE FORMOSA S.A.,Financiero,Familias,2,Con seguimiento especial / riesgo bajo,1936,6135945.0,3169.4,1.83,2.74,1936
202604,00315,BANCO DE FORMOSA S.A.,Financiero,Familias,3,Con problemas / riesgo medio,1653,5040300.0,3049.2,1.56,2.25,1653
202604,00315,BANCO DE FORMOSA S.A.,Financiero,Familias,4,Con alto riesgo de insolvencia / riesgo alto,2562,5460052.0,2131.2,2.42,2.44,2562
202604,00315,BANCO DE FORMOSA S.A.,Financiero,Familias,5,Irrecuperable,3104,3876236.0,1248.8,2.93,1.73,3104
202604,00315,BANCO DE FORMOSA S.A.,Financiero,Total,1,Situacion normal,97291,227388951.0,2337.2,91.20,90.01,97291
202604,00315,BANCO DE FORMOSA S.A.,Financiero,Total,2,Con seguimiento especial / riesgo bajo,1963,8479753.0,4319.8,1.84,3.36,1963
202604,00315,BANCO DE FORMOSA S.A.,Financiero,Total,3,Con problemas / riesgo medio,1677,5386777.0,3212.2,1.57,2.13,1677
202604,00315,BANCO DE FORMOSA S.A.,Financiero,Total,4,Con alto riesgo de insolvencia / riesgo alto,2585,5645916.0,2184.1,2.42,2.23,2585
202604,00315,BANCO DE FORMOSA S.A.,Financiero,Total,5,Irrecuperable,3158,5717288.0,1810.4,2.96,2.26,3158
202604,00319,BANCO CMF S.A.,Financiero,Empresas,1,Situacion normal,548,468304532.0,854570.3,95.80,97.44,548
202604,00319,BANCO CMF S.A.,Financiero,Empresas,11,Asistencias totalmente cubiertas con garantias preferidas A,2,113617.0,56808.5,0.35,0.02,2
202604,00319,BANCO CMF S.A.,Financiero,Empresas,2,Con seguimiento especial / riesgo bajo,3,498998.0,166332.7,0.52,0.10,3
202604,00319,BANCO CMF S.A.,Financiero,Empresas,3,Con problemas / riesgo medio,2,2608009.0,1304004.5,0.35,0.54,2
202604,00319,BANCO CMF S.A.,Financiero,Empresas,4,Con alto riesgo de insolvencia / riesgo alto,5,8320183.0,1664036.6,0.87,1.73,5
202604,00319,BANCO CMF S.A.,Financiero,Empresas,5,Irrecuperable,12,756287.0,63023.9,2.10,0.16,12
202604,00319,BANCO CMF S.A.,Financiero,Familias,1,Situacion normal,3,159365.0,53121.7,60.00,99.76,3
202604,00319,BANCO CMF S.A.,Financiero,Familias,5,Irrecuperable,2,383.0,191.5,40.00,0.24,2
202604,00319,BANCO CMF S.A.,Financiero,Total,1,Situacion normal,551,468463897.0,850206.7,95.49,97.44,551
202604,00319,BANCO CMF S.A.,Financiero,Total,11,Asistencias totalmente cubiertas con garantias preferidas A,2,113617.0,56808.5,0.35,0.02,2
202604,00319,BANCO CMF S.A.,Financiero,Total,2,Con seguimiento especial / riesgo bajo,3,498998.0,166332.7,0.52,0.10,3
202604,00319,BANCO CMF S.A.,Financiero,Total,3,Con problemas / riesgo medio,2,2608009.0,1304004.5,0.35,0.54,2
202604,00319,BANCO CMF S.A.,Financiero,Total,4,Con alto riesgo de insolvencia / riesgo alto,5,8320183.0,1664036.6,0.87,1.73,5
202604,00319,BANCO CMF S.A.,Financiero,Total,5,Irrecuperable,14,756670.0,54047.9,2.43,0.16,14
202604,00321,BANCO DE SANTIAGO DEL ESTERO S.A.,Financiero,Empresas,1,Situacion normal,75,172980024.0,2306400.3,52.08,94.80,75
202604,00321,BANCO DE SANTIAGO DEL ESTERO S.A.,Financiero,Empresas,2,Con seguimiento especial / riesgo bajo,19,2237121.0,117743.2,13.19,1.23,19
202604,00321,BANCO DE SANTIAGO DEL ESTERO S.A.,Financiero,Empresas,3,Con problemas / riesgo medio,21,920306.0,43824.1,14.58,0.50,21
202604,00321,BANCO DE SANTIAGO DEL ESTERO S.A.,Financiero,Empresas,4,Con alto riesgo de insolvencia / riesgo alto,17,5593832.0,329048.9,11.81,3.07,17
202604,00321,BANCO DE SANTIAGO DEL ESTERO S.A.,Financiero,Empresas,5,Irrecuperable,12,729406.0,60783.8,8.33,0.40,12
202604,00321,BANCO DE SANTIAGO DEL ESTERO S.A.,Financiero,Familias,1,Situacion normal,227095,311201278.0,1370.4,85.18,83.88,227095
202604,00321,BANCO DE SANTIAGO DEL ESTERO S.A.,Financiero,Familias,2,Con seguimiento especial / riesgo bajo,5178,10923773.0,2109.7,1.94,2.94,5178
202604,00321,BANCO DE SANTIAGO DEL ESTERO S.A.,Financiero,Familias,3,Con problemas / riesgo medio,6744,12403403.0,1839.2,2.53,3.34,6744
202604,00321,BANCO DE SANTIAGO DEL ESTERO S.A.,Financiero,Familias,4,Con alto riesgo de insolvencia / riesgo alto,12291,20274013.0,1649.5,4.61,5.46,12291
202604,00321,BANCO DE SANTIAGO DEL ESTERO S.A.,Financiero,Familias,5,Irrecuperable,15301,16211365.0,1059.5,5.74,4.37,15301
202604,00321,BANCO DE SANTIAGO DEL ESTERO S.A.,Financiero,Total,1,Situacion normal,227170,484181302.0,2131.4,85.16,87.48,227170
202604,00321,BANCO DE SANTIAGO DEL ESTERO S.A.,Financiero,Total,2,Con seguimiento especial / riesgo bajo,5197,13160894.0,2532.4,1.95,2.38,5197
202604,00321,BANCO DE SANTIAGO DEL ESTERO S.A.,Financiero,Total,3,Con problemas / riesgo medio,6765,13323709.0,1969.5,2.54,2.41,6765
202604,00321,BANCO DE SANTIAGO DEL ESTERO S.A.,Financiero,Total,4,Con alto riesgo de insolvencia / riesgo alto,12308,25867845.0,2101.7,4.61,4.67,12308
202604,00321,BANCO DE SANTIAGO DEL ESTERO S.A.,Financiero,Total,5,Irrecuperable,15313,16940771.0,1106.3,5.74,3.06,15313
202604,00322,BANCO INDUSTRIAL S.A.,Financiero,Empresas,1,Situacion normal,1024,1149450667.0,1122510.4,89.20,98.61,1024
202604,00322,BANCO INDUSTRIAL S.A.,Financiero,Empresas,2,Con seguimiento especial / riesgo bajo,33,1300920.0,39421.8,2.87,0.11,33
202604,00322,BANCO INDUSTRIAL S.A.,Financiero,Empresas,3,Con problemas / riesgo medio,38,1715282.0,45139.0,3.31,0.15,38
202604,00322,BANCO INDUSTRIAL S.A.,Financiero,Empresas,4,Con alto riesgo de insolvencia / riesgo alto,42,12195632.0,290372.2,3.66,1.05,42
202604,00322,BANCO INDUSTRIAL S.A.,Financiero,Empresas,5,Irrecuperable,11,1020732.0,92793.8,0.96,0.09,11
202604,00322,BANCO INDUSTRIAL S.A.,Financiero,Familias,1,Situacion normal,431719,155320733.0,359.8,91.27,90.42,431719
202604,00322,BANCO INDUSTRIAL S.A.,Financiero,Familias,2,Con seguimiento especial / riesgo bajo,18622,6128992.0,329.1,3.94,3.57,18622
202604,00322,BANCO INDUSTRIAL S.A.,Financiero,Familias,3,Con problemas / riesgo medio,11417,7219994.0,632.4,2.41,4.20,11417
202604,00322,BANCO INDUSTRIAL S.A.,Financiero,Familias,4,Con alto riesgo de insolvencia / riesgo alto,8481,1810588.0,213.5,1.79,1.05,8481
202604,00322,BANCO INDUSTRIAL S.A.,Financiero,Familias,5,Irrecuperable,2784,1298725.0,466.5,0.59,0.76,2784
202604,00322,BANCO INDUSTRIAL S.A.,Financiero,Total,1,Situacion normal,432743,1304771400.0,3015.1,91.26,97.56,432743
202604,00322,BANCO INDUSTRIAL S.A.,Financiero,Total,2,Con seguimiento especial / riesgo bajo,18655,7429912.0,398.3,3.93,0.56,18655
202604,00322,BANCO INDUSTRIAL S.A.,Financiero,Total,3,Con problemas / riesgo medio,11455,8935276.0,780.0,2.42,0.67,11455
202604,00322,BANCO INDUSTRIAL S.A.,Financiero,Total,4,Con alto riesgo de insolvencia / riesgo alto,8523,14006220.0,1643.3,1.80,1.05,8523
202604,00322,BANCO INDUSTRIAL S.A.,Financiero,Total,5,Irrecuperable,2795,2319457.0,829.9,0.59,0.17,2795
202604,00330,NUEVO BANCO DE SANTA FE SOCIEDAD ANONIMA,Financiero,Empresas,1,Situacion normal,4209,916838095.0,217828.0,92.40,96.87,4209
202604,00330,NUEVO BANCO DE SANTA FE SOCIEDAD ANONIMA,Financiero,Empresas,2,Con seguimiento especial / riesgo bajo,76,5962848.0,78458.5,1.67,0.63,76
202604,00330,NUEVO BANCO DE SANTA FE SOCIEDAD ANONIMA,Financiero,Empresas,3,Con problemas / riesgo medio,47,1699038.0,36149.7,1.03,0.18,47
202604,00330,NUEVO BANCO DE SANTA FE SOCIEDAD ANONIMA,Financiero,Empresas,4,Con alto riesgo de insolvencia / riesgo alto,100,18882586.0,188825.9,2.20,1.99,100
202604,00330,NUEVO BANCO DE SANTA FE SOCIEDAD ANONIMA,Financiero,Empresas,5,Irrecuperable,123,3128404.0,25434.2,2.70,0.33,123
202604,00330,NUEVO BANCO DE SANTA FE SOCIEDAD ANONIMA,Financiero,Familias,1,Situacion normal,393545,1036571070.0,2633.9,91.08,88.57,393545
202604,00330,NUEVO BANCO DE SANTA FE SOCIEDAD ANONIMA,Financiero,Familias,2,Con seguimiento especial / riesgo bajo,11683,53966470.0,4619.2,2.70,4.61,11683
202604,00330,NUEVO BANCO DE SANTA FE SOCIEDAD ANONIMA,Financiero,Familias,3,Con problemas / riesgo medio,8716,36523037.0,4190.3,2.02,3.12,8716
202604,00330,NUEVO BANCO DE SANTA FE SOCIEDAD ANONIMA,Financiero,Familias,4,Con alto riesgo de insolvencia / riesgo alto,10084,27047199.0,2682.2,2.33,2.31,10084
202604,00330,NUEVO BANCO DE SANTA FE SOCIEDAD ANONIMA,Financiero,Familias,5,Irrecuperable,8066,16261174.0,2016.0,1.87,1.39,8066
202604,00330,NUEVO BANCO DE SANTA FE SOCIEDAD ANONIMA,Financiero,Total,1,Situacion normal,397754,1953409165.0,4911.1,91.09,92.28,397754
202604,00330,NUEVO BANCO DE SANTA FE SOCIEDAD ANONIMA,Financiero,Total,2,Con seguimiento especial / riesgo bajo,11759,59929318.0,5096.5,2.69,2.83,11759
202604,00330,NUEVO BANCO DE SANTA FE SOCIEDAD ANONIMA,Financiero,Total,3,Con problemas / riesgo medio,8763,38222075.0,4361.8,2.01,1.81,8763
202604,00330,NUEVO BANCO DE SANTA FE SOCIEDAD ANONIMA,Financiero,Total,4,Con alto riesgo de insolvencia / riesgo alto,10184,45929785.0,4510.0,2.33,2.17,10184
202604,00330,NUEVO BANCO DE SANTA FE SOCIEDAD ANONIMA,Financiero,Total,5,Irrecuperable,8189,19389578.0,2367.8,1.88,0.92,8189
202604,00331,BANCO CETELEM ARGENTINA S.A.,Financiero,Empresas,1,Situacion normal,4,4581115.0,1145278.8,100.00,100.00,4
202604,00331,BANCO CETELEM ARGENTINA S.A.,Financiero,Total,1,Situacion normal,4,4581115.0,1145278.8,100.00,100.00,4
202604,00332,BANCO DE SERVICIOS FINANCIEROS CARREFOUR SAU,Financiero,Familias,1,Situacion normal,266040,186120200.0,699.6,51.68,41.65,266040
202604,00332,BANCO DE SERVICIOS FINANCIEROS CARREFOUR SAU,Financiero,Familias,2,Con seguimiento especial / riesgo bajo,28134,32896603.0,1169.3,5.47,7.36,28134
202604,00332,BANCO DE SERVICIOS FINANCIEROS CARREFOUR SAU,Financiero,Familias,3,Con problemas / riesgo medio,38222,48846226.0,1278.0,7.43,10.93,38222
202604,00332,BANCO DE SERVICIOS FINANCIEROS CARREFOUR SAU,Financiero,Familias,4,Con alto riesgo de insolvencia / riesgo alto,91403,113219073.0,1238.7,17.76,25.34,91403
202604,00332,BANCO DE SERVICIOS FINANCIEROS CARREFOUR SAU,Financiero,Familias,5,Irrecuperable,90955,65770275.0,723.1,17.67,14.72,90955
202604,00332,BANCO DE SERVICIOS FINANCIEROS CARREFOUR SAU,Financiero,Total,1,Situacion normal,266040,186120200.0,699.6,51.68,41.65,266040
202604,00332,BANCO DE SERVICIOS FINANCIEROS CARREFOUR SAU,Financiero,Total,2,Con seguimiento especial / riesgo bajo,28134,32896603.0,1169.3,5.47,7.36,28134
202604,00332,BANCO DE SERVICIOS FINANCIEROS CARREFOUR SAU,Financiero,Total,3,Con problemas / riesgo medio,38222,48846226.0,1278.0,7.43,10.93,38222
202604,00332,BANCO DE SERVICIOS FINANCIEROS CARREFOUR SAU,Financiero,Total,4,Con alto riesgo de insolvencia / riesgo alto,91403,113219073.0,1238.7,17.76,25.34,91403
202604,00332,BANCO DE SERVICIOS FINANCIEROS CARREFOUR SAU,Financiero,Total,5,Irrecuperable,90955,65770275.0,723.1,17.67,14.72,90955
202604,00338,BANCO DE SERVICIOS Y TRANSACCIONES SAU,Financiero,Empresas,1,Situacion normal,302,395741590.0,1310402.6,85.55,97.04,302
202604,00338,BANCO DE SERVICIOS Y TRANSACCIONES SAU,Financiero,Empresas,2,Con seguimiento especial / riesgo bajo,23,1343326.0,58405.5,6.52,0.33,23
202604,00338,BANCO DE SERVICIOS Y TRANSACCIONES SAU,Financiero,Empresas,3,Con problemas / riesgo medio,4,215043.0,53760.8,1.13,0.05,4
202604,00338,BANCO DE SERVICIOS Y TRANSACCIONES SAU,Financiero,Empresas,4,Con alto riesgo de insolvencia / riesgo alto,5,7093127.0,1418625.4,1.42,1.74,5
202604,00338,BANCO DE SERVICIOS Y TRANSACCIONES SAU,Financiero,Empresas,5,Irrecuperable,19,3410872.0,179519.6,5.38,0.84,19
202604,00338,BANCO DE SERVICIOS Y TRANSACCIONES SAU,Financiero,Familias,1,Situacion normal,14777,10061006.0,680.9,88.77,89.05,14777
202604,00338,BANCO DE SERVICIOS Y TRANSACCIONES SAU,Financiero,Familias,2,Con seguimiento especial / riesgo bajo,881,819413.0,930.1,5.29,7.25,881
202604,00338,BANCO DE SERVICIOS Y TRANSACCIONES SAU,Financiero,Familias,3,Con problemas / riesgo medio,615,241958.0,393.4,3.69,2.14,615
202604,00338,BANCO DE SERVICIOS Y TRANSACCIONES SAU,Financiero,Familias,4,Con alto riesgo de insolvencia / riesgo alto,367,170855.0,465.5,2.20,1.51,367
202604,00338,BANCO DE SERVICIOS Y TRANSACCIONES SAU,Financiero,Familias,5,Irrecuperable,7,4305.0,615.0,0.04,0.04,7
202604,00338,BANCO DE SERVICIOS Y TRANSACCIONES SAU,Financiero,Total,1,Situacion normal,15079,405802596.0,26911.8,88.70,96.83,15079
202604,00338,BANCO DE SERVICIOS Y TRANSACCIONES SAU,Financiero,Total,2,Con seguimiento especial / riesgo bajo,904,2162739.0,2392.4,5.32,0.52,904
202604,00338,BANCO DE SERVICIOS Y TRANSACCIONES SAU,Financiero,Total,3,Con problemas / riesgo medio,619,457001.0,738.3,3.64,0.11,619
202604,00338,BANCO DE SERVICIOS Y TRANSACCIONES SAU,Financiero,Total,4,Con alto riesgo de insolvencia / riesgo alto,372,7263982.0,19526.8,2.19,1.73,372
202604,00338,BANCO DE SERVICIOS Y TRANSACCIONES SAU,Financiero,Total,5,Irrecuperable,26,3415177.0,131353.0,0.15,0.81,26
202604,00339,RCI BANQUE S.A.,Financiero,Empresas,1,Situacion normal,74,121742847.0,1645173.6,100.00,100.00,74
202604,00339,RCI BANQUE S.A.,Financiero,Total,1,Situacion normal,74,121742847.0,1645173.6,100.00,100.00,74
202604,00340,BACS BANCO DE CREDITO Y SECURITIZACION S.A.,Financiero,Empresas,1,Situacion normal,65,128548374.0,1977667.3,94.20,96.37,65
202604,00340,BACS BANCO DE CREDITO Y SECURITIZACION S.A.,Financiero,Empresas,2,Con seguimiento especial / riesgo bajo,1,2743066.0,2743066.0,1.45,2.06,1
202604,00340,BACS BANCO DE CREDITO Y SECURITIZACION S.A.,Financiero,Empresas,4,Con alto riesgo de insolvencia / riesgo alto,1,2094697.0,2094697.0,1.45,1.57,1
202604,00340,BACS BANCO DE CREDITO Y SECURITIZACION S.A.,Financiero,Empresas,5,Irrecuperable,2,9502.0,4751.0,2.90,0.01,2
202604,00340,BACS BANCO DE CREDITO Y SECURITIZACION S.A.,Financiero,Familias,1,Situacion normal,28831,33253734.0,1153.4,92.34,92.98,28831
202604,00340,BACS BANCO DE CREDITO Y SECURITIZACION S.A.,Financiero,Familias,2,Con seguimiento especial / riesgo bajo,846,1050767.0,1242.0,2.71,2.94,846
202604,00340,BACS BANCO DE CREDITO Y SECURITIZACION S.A.,Financiero,Familias,3,Con problemas / riesgo medio,721,670783.0,930.4,2.31,1.88,721
202604,00340,BACS BANCO DE CREDITO Y SECURITIZACION S.A.,Financiero,Familias,4,Con alto riesgo de insolvencia / riesgo alto,821,789457.0,961.6,2.63,2.21,821
202604,00340,BACS BANCO DE CREDITO Y SECURITIZACION S.A.,Financiero,Familias,5,Irrecuperable,4,326.0,81.5,0.01,0.00,4
202604,00340,BACS BANCO DE CREDITO Y SECURITIZACION S.A.,Financiero,Total,1,Situacion normal,28896,161802108.0,5599.5,92.34,95.65,28896
202604,00340,BACS BANCO DE CREDITO Y SECURITIZACION S.A.,Financiero,Total,2,Con seguimiento especial / riesgo bajo,847,3793833.0,4479.1,2.71,2.24,847
202604,00340,BACS BANCO DE CREDITO Y SECURITIZACION S.A.,Financiero,Total,3,Con problemas / riesgo medio,721,670783.0,930.4,2.30,0.40,721
202604,00340,BACS BANCO DE CREDITO Y SECURITIZACION S.A.,Financiero,Total,4,Con alto riesgo de insolvencia / riesgo alto,822,2884154.0,3508.7,2.63,1.70,822
202604,00340,BACS BANCO DE CREDITO Y SECURITIZACION S.A.,Financiero,Total,5,Irrecuperable,6,9828.0,1638.0,0.02,0.01,6
202604,00341,BANCO MASVENTAS S.A.,Financiero,Empresas,1,Situacion normal,108,5219241.0,48326.3,76.60,85.45,108
202604,00341,BANCO MASVENTAS S.A.,Financiero,Empresas,11,Asistencias totalmente cubiertas con garantias preferidas A,1,7733.0,7733.0,0.71,0.13,1
202604,00341,BANCO MASVENTAS S.A.,Financiero,Empresas,2,Con seguimiento especial / riesgo bajo,5,668142.0,133628.4,3.55,10.94,5
202604,00341,BANCO MASVENTAS S.A.,Financiero,Empresas,3,Con problemas / riesgo medio,12,21831.0,1819.2,8.51,0.36,12
202604,00341,BANCO MASVENTAS S.A.,Financiero,Empresas,4,Con alto riesgo de insolvencia / riesgo alto,3,105432.0,35144.0,2.13,1.73,3
202604,00341,BANCO MASVENTAS S.A.,Financiero,Empresas,5,Irrecuperable,12,85815.0,7151.2,8.51,1.40,12
202604,00341,BANCO MASVENTAS S.A.,Financiero,Familias,1,Situacion normal,11477,12628327.0,1100.3,74.93,81.78,11477
202604,00341,BANCO MASVENTAS S.A.,Financiero,Familias,11,Asistencias totalmente cubiertas con garantias preferidas A,6,1905.0,317.5,0.04,0.01,6
202604,00341,BANCO MASVENTAS S.A.,Financiero,Familias,2,Con seguimiento especial / riesgo bajo,462,749750.0,1622.8,3.02,4.86,462
202604,00341,BANCO MASVENTAS S.A.,Financiero,Familias,3,Con problemas / riesgo medio,559,549903.0,983.7,3.65,3.56,559
202604,00341,BANCO MASVENTAS S.A.,Financiero,Familias,4,Con alto riesgo de insolvencia / riesgo alto,1346,1148360.0,853.2,8.79,7.44,1346
202604,00341,BANCO MASVENTAS S.A.,Financiero,Familias,5,Irrecuperable,1466,362714.0,247.4,9.57,2.35,1466
202604,00341,BANCO MASVENTAS S.A.,Financiero,Total,1,Situacion normal,11585,17847568.0,1540.6,74.95,82.82,11585
202604,00341,BANCO MASVENTAS S.A.,Financiero,Total,11,Asistencias totalmente cubiertas con garantias preferidas A,7,9638.0,1376.9,0.05,0.04,7
202604,00341,BANCO MASVENTAS S.A.,Financiero,Total,2,Con seguimiento especial / riesgo bajo,467,1417892.0,3036.2,3.02,6.58,467
202604,00341,BANCO MASVENTAS S.A.,Financiero,Total,3,Con problemas / riesgo medio,571,571734.0,1001.3,3.69,2.65,571
202604,00341,BANCO MASVENTAS S.A.,Financiero,Total,4,Con alto riesgo de insolvencia / riesgo alto,1349,1253792.0,929.4,8.73,5.82,1349
202604,00341,BANCO MASVENTAS S.A.,Financiero,Total,5,Irrecuperable,1478,448529.0,303.5,9.56,2.08,1478
202604,00384,UALA BANK S.A.U.,Financiero,Empresas,1,Situacion normal,8,30312206.0,3789025.8,100.00,100.00,8
202604,00384,UALA BANK S.A.U.,Financiero,Familias,1,Situacion normal,196514,150309753.0,764.9,67.55,47.88,196514
202604,00384,UALA BANK S.A.U.,Financiero,Familias,2,Con seguimiento especial / riesgo bajo,14273,20163560.0,1412.7,4.91,6.42,14273
202604,00384,UALA BANK S.A.U.,Financiero,Familias,3,Con problemas / riesgo medio,21056,36119060.0,1715.4,7.24,11.50,21056
202604,00384,UALA BANK S.A.U.,Financiero,Familias,4,Con alto riesgo de insolvencia / riesgo alto,56559,103121017.0,1823.2,19.44,32.85,56559
202604,00384,UALA BANK S.A.U.,Financiero,Familias,5,Irrecuperable,2534,4231750.0,1670.0,0.87,1.35,2534
202604,00384,UALA BANK S.A.U.,Financiero,Total,1,Situacion normal,196522,180621959.0,919.1,67.55,52.47,196522
202604,00384,UALA BANK S.A.U.,Financiero,Total,2,Con seguimiento especial / riesgo bajo,14273,20163560.0,1412.7,4.91,5.86,14273
202604,00384,UALA BANK S.A.U.,Financiero,Total,3,Con problemas / riesgo medio,21056,36119060.0,1715.4,7.24,10.49,21056
202604,00384,UALA BANK S.A.U.,Financiero,Total,4,Con alto riesgo de insolvencia / riesgo alto,56559,103121017.0,1823.2,19.44,29.95,56559
202604,00384,UALA BANK S.A.U.,Financiero,Total,5,Irrecuperable,2534,4231750.0,1670.0,0.87,1.23,2534
202604,00386,NUEVO BANCO DE ENTRE RÍOS S.A.,Financiero,Empresas,1,Situacion normal,1220,356983883.0,292609.7,92.35,97.82,1220
202604,00386,NUEVO BANCO DE ENTRE RÍOS S.A.,Financiero,Empresas,2,Con seguimiento especial / riesgo bajo,30,2347050.0,78235.0,2.27,0.64,30
202604,00386,NUEVO BANCO DE ENTRE RÍOS S.A.,Financiero,Empresas,3,Con problemas / riesgo medio,24,700025.0,29167.7,1.82,0.19,24
202604,00386,NUEVO BANCO DE ENTRE RÍOS S.A.,Financiero,Empresas,4,Con alto riesgo de insolvencia / riesgo alto,22,4389742.0,199533.7,1.67,1.20,22
202604,00386,NUEVO BANCO DE ENTRE RÍOS S.A.,Financiero,Empresas,5,Irrecuperable,25,527842.0,21113.7,1.89,0.14,25
202604,00386,NUEVO BANCO DE ENTRE RÍOS S.A.,Financiero,Familias,1,Situacion normal,187038,461276158.0,2466.2,92.71,88.33,187038
202604,00386,NUEVO BANCO DE ENTRE RÍOS S.A.,Financiero,Familias,2,Con seguimiento especial / riesgo bajo,5552,27162179.0,4892.3,2.75,5.20,5552
202604,00386,NUEVO BANCO DE ENTRE RÍOS S.A.,Financiero,Familias,3,Con problemas / riesgo medio,4557,19581918.0,4297.1,2.26,3.75,4557
202604,00386,NUEVO BANCO DE ENTRE RÍOS S.A.,Financiero,Familias,4,Con alto riesgo de insolvencia / riesgo alto,3101,12119195.0,3908.2,1.54,2.32,3101
202604,00386,NUEVO BANCO DE ENTRE RÍOS S.A.,Financiero,Familias,5,Irrecuperable,1495,2063213.0,1380.1,0.74,0.40,1495
202604,00386,NUEVO BANCO DE ENTRE RÍOS S.A.,Financiero,Total,1,Situacion normal,188258,818260041.0,4346.5,92.71,92.23,188258
202604,00386,NUEVO BANCO DE ENTRE RÍOS S.A.,Financiero,Total,2,Con seguimiento especial / riesgo bajo,5582,29509229.0,5286.5,2.75,3.33,5582
202604,00386,NUEVO BANCO DE ENTRE RÍOS S.A.,Financiero,Total,3,Con problemas / riesgo medio,4581,20281943.0,4427.4,2.26,2.29,4581
202604,00386,NUEVO BANCO DE ENTRE RÍOS S.A.,Financiero,Total,4,Con alto riesgo de insolvencia / riesgo alto,3123,16508937.0,5286.2,1.54,1.86,3123
202604,00386,NUEVO BANCO DE ENTRE RÍOS S.A.,Financiero,Total,5,Irrecuperable,1520,2591055.0,1704.6,0.75,0.29,1520
202604,00389,BANCO COLUMBIA S.A.,Financiero,Empresas,1,Situacion normal,205,20841891.0,101667.8,74.82,94.95,205
202604,00389,BANCO COLUMBIA S.A.,Financiero,Empresas,2,Con seguimiento especial / riesgo bajo,16,639927.0,39995.4,5.84,2.92,16
202604,00389,BANCO COLUMBIA S.A.,Financiero,Empresas,3,Con problemas / riesgo medio,21,427010.0,20333.8,7.66,1.95,21
202604,00389,BANCO COLUMBIA S.A.,Financiero,Empresas,4,Con alto riesgo de insolvencia / riesgo alto,16,31606.0,1975.4,5.84,0.14,16
202604,00389,BANCO COLUMBIA S.A.,Financiero,Empresas,5,Irrecuperable,16,9253.0,578.3,5.84,0.04,16
202604,00389,BANCO COLUMBIA S.A.,Financiero,Familias,1,Situacion normal,115191,158186335.0,1373.3,73.92,68.58,115191
202604,00389,BANCO COLUMBIA S.A.,Financiero,Familias,2,Con seguimiento especial / riesgo bajo,8469,16880306.0,1993.2,5.43,7.32,8469
202604,00389,BANCO COLUMBIA S.A.,Financiero,Familias,3,Con problemas / riesgo medio,9671,19025423.0,1967.3,6.21,8.25,9671
202604,00389,BANCO COLUMBIA S.A.,Financiero,Familias,4,Con alto riesgo de insolvencia / riesgo alto,15468,29009711.0,1875.5,9.93,12.58,15468
202604,00389,BANCO COLUMBIA S.A.,Financiero,Familias,5,Irrecuperable,7033,7542401.0,1072.4,4.51,3.27,7033
202604,00389,BANCO COLUMBIA S.A.,Financiero,Total,1,Situacion normal,115396,179028226.0,1551.4,73.92,70.88,115396
202604,00389,BANCO COLUMBIA S.A.,Financiero,Total,2,Con seguimiento especial / riesgo bajo,8485,17520233.0,2064.8,5.44,6.94,8485
202604,00389,BANCO COLUMBIA S.A.,Financiero,Total,3,Con problemas / riesgo medio,9692,19452433.0,2007.1,6.21,7.70,9692
202604,00389,BANCO COLUMBIA S.A.,Financiero,Total,4,Con alto riesgo de insolvencia / riesgo alto,15484,29041317.0,1875.6,9.92,11.50,15484
202604,00389,BANCO COLUMBIA S.A.,Financiero,Total,5,Irrecuperable,7049,7551654.0,1071.3,4.52,2.99,7049
202604,00426,BANCO BICA S.A.,Financiero,Empresas,1,Situacion normal,667,88085017.0,132061.5,82.75,95.56,667
202604,00426,BANCO BICA S.A.,Financiero,Empresas,11,Asistencias totalmente cubiertas con garantias preferidas A,15,820270.0,54684.7,1.86,0.89,15
202604,00426,BANCO BICA S.A.,Financiero,Empresas,2,Con seguimiento especial / riesgo bajo,18,1477021.0,82056.7,2.23,1.60,18
202604,00426,BANCO BICA S.A.,Financiero,Empresas,3,Con problemas / riesgo medio,11,27642.0,2512.9,1.36,0.03,11
202604,00426,BANCO BICA S.A.,Financiero,Empresas,4,Con alto riesgo de insolvencia / riesgo alto,23,1723971.0,74955.3,2.85,1.87,23
202604,00426,BANCO BICA S.A.,Financiero,Empresas,5,Irrecuperable,72,47395.0,658.3,8.93,0.05,72
202604,00426,BANCO BICA S.A.,Financiero,Familias,1,Situacion normal,67418,79638655.0,1181.3,88.21,88.95,67418
202604,00426,BANCO BICA S.A.,Financiero,Familias,11,Asistencias totalmente cubiertas con garantias preferidas A,6,64472.0,10745.3,0.01,0.07,6
202604,00426,BANCO BICA S.A.,Financiero,Familias,2,Con seguimiento especial / riesgo bajo,2224,2913080.0,1309.8,2.91,3.25,2224
202604,00426,BANCO BICA S.A.,Financiero,Familias,3,Con problemas / riesgo medio,2614,2830174.0,1082.7,3.42,3.16,2614
202604,00426,BANCO BICA S.A.,Financiero,Familias,4,Con alto riesgo de insolvencia / riesgo alto,2705,3049412.0,1127.3,3.54,3.41,2705
202604,00426,BANCO BICA S.A.,Financiero,Familias,5,Irrecuperable,1464,1032570.0,705.3,1.92,1.15,1464
202604,00426,BANCO BICA S.A.,Financiero,Total,1,Situacion normal,68085,167723672.0,2463.4,88.15,92.30,68085
202604,00426,BANCO BICA S.A.,Financiero,Total,11,Asistencias totalmente cubiertas con garantias preferidas A,21,884742.0,42130.6,0.03,0.49,21
202604,00426,BANCO BICA S.A.,Financiero,Total,2,Con seguimiento especial / riesgo bajo,2242,4390101.0,1958.1,2.90,2.42,2242
202604,00426,BANCO BICA S.A.,Financiero,Total,3,Con problemas / riesgo medio,2625,2857816.0,1088.7,3.40,1.57,2625
202604,00426,BANCO BICA S.A.,Financiero,Total,4,Con alto riesgo de insolvencia / riesgo alto,2728,4773383.0,1749.8,3.53,2.63,2728
202604,00426,BANCO BICA S.A.,Financiero,Total,5,Irrecuperable,1536,1079965.0,703.1,1.99,0.59,1536
202604,00431,BANCO COINAG S.A.,Financiero,Empresas,1,Situacion normal,607,98172028.0,161733.2,83.15,89.38,607
202604,00431,BANCO COINAG S.A.,Financiero,Empresas,11,Asistencias totalmente cubiertas con garantias preferidas A,3,293055.0,97685.0,0.41,0.27,3
202604,00431,BANCO COINAG S.A.,Financiero,Empresas,2,Con seguimiento especial / riesgo bajo,17,5126357.0,301550.4,2.33,4.67,17
202604,00431,BANCO COINAG S.A.,Financiero,Empresas,3,Con problemas / riesgo medio,24,827215.0,34467.3,3.29,0.75,24
202604,00431,BANCO COINAG S.A.,Financiero,Empresas,4,Con alto riesgo de insolvencia / riesgo alto,36,4837358.0,134371.1,4.93,4.40,36
202604,00431,BANCO COINAG S.A.,Financiero,Empresas,5,Irrecuperable,43,581759.0,13529.3,5.89,0.53,43
202604,00431,BANCO COINAG S.A.,Financiero,Familias,1,Situacion normal,11021,42161003.0,3825.5,86.16,92.86,11021
202604,00431,BANCO COINAG S.A.,Financiero,Familias,2,Con seguimiento especial / riesgo bajo,396,950440.0,2400.1,3.10,2.09,396
202604,00431,BANCO COINAG S.A.,Financiero,Familias,3,Con problemas / riesgo medio,340,1079952.0,3176.3,2.66,2.38,340
202604,00431,BANCO COINAG S.A.,Financiero,Familias,4,Con alto riesgo de insolvencia / riesgo alto,371,675333.0,1820.3,2.90,1.49,371
202604,00431,BANCO COINAG S.A.,Financiero,Familias,5,Irrecuperable,663,535506.0,807.7,5.18,1.18,663
202604,00431,BANCO COINAG S.A.,Financiero,Total,1,Situacion normal,11628,140333031.0,12068.5,86.00,90.40,11628
202604,00431,BANCO COINAG S.A.,Financiero,Total,11,Asistencias totalmente cubiertas con garantias preferidas A,3,293055.0,97685.0,0.02,0.19,3
202604,00431,BANCO COINAG S.A.,Financiero,Total,2,Con seguimiento especial / riesgo bajo,413,6076797.0,14713.8,3.05,3.91,413
202604,00431,BANCO COINAG S.A.,Financiero,Total,3,Con problemas / riesgo medio,364,1907167.0,5239.5,2.69,1.23,364
202604,00431,BANCO COINAG S.A.,Financiero,Total,4,Con alto riesgo de insolvencia / riesgo alto,407,5512691.0,13544.7,3.01,3.55,407
202604,00431,BANCO COINAG S.A.,Financiero,Total,5,Irrecuperable,706,1117265.0,1582.5,5.22,0.72,706
202604,00432,BANCO DE COMERCIO S.A.,Financiero,Empresas,1,Situacion normal,300,61118106.0,203727.0,77.72,92.85,300
202604,00432,BANCO DE COMERCIO S.A.,Financiero,Empresas,11,Asistencias totalmente cubiertas con garantias preferidas A,3,45434.0,15144.7,0.78,0.07,3
202604,00432,BANCO DE COMERCIO S.A.,Financiero,Empresas,2,Con seguimiento especial / riesgo bajo,14,3200854.0,228632.4,3.63,4.86,14
202604,00432,BANCO DE COMERCIO S.A.,Financiero,Empresas,3,Con problemas / riesgo medio,14,628890.0,44920.7,3.63,0.96,14
202604,00432,BANCO DE COMERCIO S.A.,Financiero,Empresas,4,Con alto riesgo de insolvencia / riesgo alto,18,729308.0,40517.1,4.66,1.11,18
202604,00432,BANCO DE COMERCIO S.A.,Financiero,Empresas,5,Irrecuperable,37,102349.0,2766.2,9.59,0.16,37
202604,00432,BANCO DE COMERCIO S.A.,Financiero,Familias,1,Situacion normal,10686,8398474.0,785.9,89.22,88.68,10686
202604,00432,BANCO DE COMERCIO S.A.,Financiero,Familias,2,Con seguimiento especial / riesgo bajo,311,319596.0,1027.6,2.60,3.37,311
202604,00432,BANCO DE COMERCIO S.A.,Financiero,Familias,3,Con problemas / riesgo medio,339,359111.0,1059.3,2.83,3.79,339
202604,00432,BANCO DE COMERCIO S.A.,Financiero,Familias,4,Con alto riesgo de insolvencia / riesgo alto,332,326429.0,983.2,2.77,3.45,332
202604,00432,BANCO DE COMERCIO S.A.,Financiero,Familias,5,Irrecuperable,309,66399.0,214.9,2.58,0.70,309
202604,00432,BANCO DE COMERCIO S.A.,Financiero,Total,1,Situacion normal,10986,69516580.0,6327.7,88.86,92.33,10986
202604,00432,BANCO DE COMERCIO S.A.,Financiero,Total,11,Asistencias totalmente cubiertas con garantias preferidas A,3,45434.0,15144.7,0.02,0.06,3
202604,00432,BANCO DE COMERCIO S.A.,Financiero,Total,2,Con seguimiento especial / riesgo bajo,325,3520450.0,10832.2,2.63,4.68,325
202604,00432,BANCO DE COMERCIO S.A.,Financiero,Total,3,Con problemas / riesgo medio,353,988001.0,2798.9,2.86,1.31,353
202604,00432,BANCO DE COMERCIO S.A.,Financiero,Total,4,Con alto riesgo de insolvencia / riesgo alto,350,1055737.0,3016.4,2.83,1.40,350
202604,00432,BANCO DE COMERCIO S.A.,Financiero,Total,5,Irrecuperable,346,168748.0,487.7,2.80,0.22,346
202604,00435,BANCO SUCREDITO REGIONAL S.A.U.,Financiero,Empresas,1,Situacion normal,21,2257669.0,107508.0,48.84,43.27,21
202604,00435,BANCO SUCREDITO REGIONAL S.A.U.,Financiero,Empresas,2,Con seguimiento especial / riesgo bajo,13,745121.0,57317.0,30.23,14.28,13
202604,00435,BANCO SUCREDITO REGIONAL S.A.U.,Financiero,Empresas,3,Con problemas / riesgo medio,4,519629.0,129907.2,9.30,9.96,4
202604,00435,BANCO SUCREDITO REGIONAL S.A.U.,Financiero,Empresas,4,Con alto riesgo de insolvencia / riesgo alto,2,126433.0,63216.5,4.65,2.42,2
202604,00435,BANCO SUCREDITO REGIONAL S.A.U.,Financiero,Empresas,5,Irrecuperable,3,1568691.0,522897.0,6.98,30.07,3
202604,00435,BANCO SUCREDITO REGIONAL S.A.U.,Financiero,Familias,1,Situacion normal,506,817110.0,1614.8,63.09,72.00,506
202604,00435,BANCO SUCREDITO REGIONAL S.A.U.,Financiero,Familias,2,Con seguimiento especial / riesgo bajo,62,78890.0,1272.4,7.73,6.95,62
202604,00435,BANCO SUCREDITO REGIONAL S.A.U.,Financiero,Familias,3,Con problemas / riesgo medio,74,97675.0,1319.9,9.23,8.61,74
202604,00435,BANCO SUCREDITO REGIONAL S.A.U.,Financiero,Familias,4,Con alto riesgo de insolvencia / riesgo alto,96,97255.0,1013.1,11.97,8.57,96
202604,00435,BANCO SUCREDITO REGIONAL S.A.U.,Financiero,Familias,5,Irrecuperable,64,43948.0,686.7,7.98,3.87,64
202604,00435,BANCO SUCREDITO REGIONAL S.A.U.,Financiero,Total,1,Situacion normal,527,3074779.0,5834.5,62.37,48.40,527
202604,00435,BANCO SUCREDITO REGIONAL S.A.U.,Financiero,Total,2,Con seguimiento especial / riesgo bajo,75,824011.0,10986.8,8.88,12.97,75
202604,00435,BANCO SUCREDITO REGIONAL S.A.U.,Financiero,Total,3,Con problemas / riesgo medio,78,617304.0,7914.2,9.23,9.72,78
202604,00435,BANCO SUCREDITO REGIONAL S.A.U.,Financiero,Total,4,Con alto riesgo de insolvencia / riesgo alto,98,223688.0,2282.5,11.60,3.52,98
202604,00435,BANCO SUCREDITO REGIONAL S.A.U.,Financiero,Total,5,Irrecuperable,67,1612639.0,24069.2,7.93,25.39,67
202604,00448,BANCO DINO S.A.,Financiero,Empresas,1,Situacion normal,66,19216605.0,291160.7,83.54,89.71,66
202604,00448,BANCO DINO S.A.,Financiero,Empresas,2,Con seguimiento especial / riesgo bajo,6,1279353.0,213225.5,7.59,5.97,6
202604,00448,BANCO DINO S.A.,Financiero,Empresas,3,Con problemas / riesgo medio,3,33398.0,11132.7,3.80,0.16,3
202604,00448,BANCO DINO S.A.,Financiero,Empresas,4,Con alto riesgo de insolvencia / riesgo alto,1,389797.0,389797.0,1.27,1.82,1
202604,00448,BANCO DINO S.A.,Financiero,Empresas,5,Irrecuperable,3,500810.0,166936.7,3.80,2.34,3
202604,00448,BANCO DINO S.A.,Financiero,Familias,1,Situacion normal,4130,9303343.0,2252.6,77.18,90.57,4130
202604,00448,BANCO DINO S.A.,Financiero,Familias,2,Con seguimiento especial / riesgo bajo,265,237679.0,896.9,4.95,2.31,265
202604,00448,BANCO DINO S.A.,Financiero,Familias,3,Con problemas / riesgo medio,205,315106.0,1537.1,3.83,3.07,205
202604,00448,BANCO DINO S.A.,Financiero,Familias,4,Con alto riesgo de insolvencia / riesgo alto,282,284143.0,1007.6,5.27,2.77,282
202604,00448,BANCO DINO S.A.,Financiero,Familias,5,Irrecuperable,469,131823.0,281.1,8.76,1.28,469
202604,00448,BANCO DINO S.A.,Financiero,Total,1,Situacion normal,4196,28519948.0,6796.9,77.27,89.99,4196
202604,00448,BANCO DINO S.A.,Financiero,Total,2,Con seguimiento especial / riesgo bajo,271,1517032.0,5597.9,4.99,4.79,271
202604,00448,BANCO DINO S.A.,Financiero,Total,3,Con problemas / riesgo medio,208,348504.0,1675.5,3.83,1.10,208
202604,00448,BANCO DINO S.A.,Financiero,Total,4,Con alto riesgo de insolvencia / riesgo alto,283,673940.0,2381.4,5.21,2.13,283
202604,00448,BANCO DINO S.A.,Financiero,Total,5,Irrecuperable,472,632633.0,1340.3,8.69,2.00,472
202604,10303,F.F PRIVADO YATASTO,Financiero,Empresas,5,Irrecuperable,1675,4356921.0,2601.1,100.00,100.00,1675
202604,10303,F.F PRIVADO YATASTO,Financiero,Familias,4,Con alto riesgo de insolvencia / riesgo alto,6,7265.0,1210.8,0.01,0.01,6
202604,10303,F.F PRIVADO YATASTO,Financiero,Familias,5,Irrecuperable,71496,135816220.0,1899.6,99.99,99.99,71496
202604,10303,F.F PRIVADO YATASTO,Financiero,Total,4,Con alto riesgo de insolvencia / riesgo alto,6,7265.0,1210.8,0.01,0.01,6
202604,10303,F.F PRIVADO YATASTO,Financiero,Total,5,Irrecuperable,73171,140173141.0,1915.7,99.99,99.99,73171
202604,10494,F.F. Y DE ADM. CHACO-ACTIVOS FINANCIEROS,Financiero,Empresas,1,Situacion normal,42,22815.0,543.2,100.00,100.00,42
202604,10494,F.F. Y DE ADM. CHACO-ACTIVOS FINANCIEROS,Financiero,Familias,1,Situacion normal,474,39912.0,84.2,100.00,100.00,474
202604,10494,F.F. Y DE ADM. CHACO-ACTIVOS FINANCIEROS,Financiero,Total,1,Situacion normal,516,62727.0,121.6,100.00,100.00,516
202604,10500,F.F. Y DE ADM. LA RIOJA REFINANCIAMIENTO DEL SECTOR PROD.,Financiero,Empresas,1,Situacion normal,5,7963.0,1592.6,100.00,100.00,5
202604,10500,F.F. Y DE ADM. LA RIOJA REFINANCIAMIENTO DEL SECTOR PROD.,Financiero,Familias,1,Situacion normal,8,1901.0,237.6,100.00,100.00,8
202604,10500,F.F. Y DE ADM. LA RIOJA REFINANCIAMIENTO DEL SECTOR PROD.,Financiero,Total,1,Situacion normal,13,9864.0,758.8,100.00,100.00,13
202604,10556,FF PRIVADO CREVAL,Financiero,Familias,5,Irrecuperable,3187,396892.0,124.5,100.00,100.00,3187
202604,10556,FF PRIVADO CREVAL,Financiero,Total,5,Irrecuperable,3187,396892.0,124.5,100.00,100.00,3187
202604,10608,F.F. Y DE ADM FIDEICOMISO DEUDORES AGROP BNA ENTRE RIOS,Financiero,Empresas,1,Situacion normal,1,39.0,39.0,100.00,100.00,1
202604,10608,F.F. Y DE ADM FIDEICOMISO DEUDORES AGROP BNA ENTRE RIOS,Financiero,Familias,1,Situacion normal,8,714.0,89.2,100.00,100.00,8
202604,10608,F.F. Y DE ADM FIDEICOMISO DEUDORES AGROP BNA ENTRE RIOS,Financiero,Total,1,Situacion normal,9,753.0,83.7,100.00,100.00,9
202604,10628,F.F. PRIVADO ASSET RECOVERY 5,Financiero,Familias,1,Situacion normal,23,7890.0,343.0,0.81,2.03,23
202604,10628,F.F. PRIVADO ASSET RECOVERY 5,Financiero,Familias,2,Con seguimiento especial / riesgo bajo,4,1399.0,349.8,0.14,0.36,4
202604,10628,F.F. PRIVADO ASSET RECOVERY 5,Financiero,Familias,3,Con problemas / riesgo medio,5,1342.0,268.4,0.18,0.35,5
202604,10628,F.F. PRIVADO ASSET RECOVERY 5,Financiero,Familias,4,Con alto riesgo de insolvencia / riesgo alto,24,4117.0,171.5,0.85,1.06,24
202604,10628,F.F. PRIVADO ASSET RECOVERY 5,Financiero,Familias,5,Irrecuperable,2779,373888.0,134.5,98.02,96.21,2779
202604,10628,F.F. PRIVADO ASSET RECOVERY 5,Financiero,Total,1,Situacion normal,23,7890.0,343.0,0.81,2.03,23
202604,10628,F.F. PRIVADO ASSET RECOVERY 5,Financiero,Total,2,Con seguimiento especial / riesgo bajo,4,1399.0,349.8,0.14,0.36,4
202604,10628,F.F. PRIVADO ASSET RECOVERY 5,Financiero,Total,3,Con problemas / riesgo medio,5,1342.0,268.4,0.18,0.35,5
202604,10628,F.F. PRIVADO ASSET RECOVERY 5,Financiero,Total,4,Con alto riesgo de insolvencia / riesgo alto,24,4117.0,171.5,0.85,1.06,24
202604,10628,F.F. PRIVADO ASSET RECOVERY 5,Financiero,Total,5,Irrecuperable,2779,373888.0,134.5,98.02,96.21,2779
202604,10692,F.F. PRIVADO FRANKEL,Financiero,Empresas,5,Irrecuperable,241,1267153.0,5257.9,100.00,100.00,241
202604,10692,F.F. PRIVADO FRANKEL,Financiero,Familias,5,Irrecuperable,116192,114976556.0,989.5,100.00,100.00,116192
202604,10692,F.F. PRIVADO FRANKEL,Financiero,Total,5,Irrecuperable,116433,116243709.0,998.4,100.00,100.00,116433
202604,10812,F.F. Y DE ADM REFINANCIAMIENTO DEUDORES AGROP PCIA DE RIO NEGRO,Financiero,Empresas,1,Situacion normal,7,3478.0,496.9,100.00,100.00,7
202604,10812,F.F. Y DE ADM REFINANCIAMIENTO DEUDORES AGROP PCIA DE RIO NEGRO,Financiero,Familias,1,Situacion normal,57,15237.0,267.3,98.28,99.24,57
202604,10812,F.F. Y DE ADM REFINANCIAMIENTO DEUDORES AGROP PCIA DE RIO NEGRO,Financiero,Familias,5,Irrecuperable,1,117.0,117.0,1.72,0.76,1
202604,10812,F.F. Y DE ADM REFINANCIAMIENTO DEUDORES AGROP PCIA DE RIO NEGRO,Financiero,Total,1,Situacion normal,64,18715.0,292.4,98.46,99.38,64
202604,10812,F.F. Y DE ADM REFINANCIAMIENTO DEUDORES AGROP PCIA DE RIO NEGRO,Financiero,Total,5,Irrecuperable,1,117.0,117.0,1.54,0.62,1
202604,10914,RECUPERO DE ACTIVOS FIDEICOMISO FINANCIERO,Financiero,Empresas,5,Irrecuperable,267,797319.0,2986.2,100.00,100.00,267
202604,10914,RECUPERO DE ACTIVOS FIDEICOMISO FINANCIERO,Financiero,Familias,5,Irrecuperable,285097,122290244.0,428.9,100.00,100.00,285097
202604,10914,RECUPERO DE ACTIVOS FIDEICOMISO FINANCIERO,Financiero,Total,5,Irrecuperable,285364,123087563.0,431.3,100.00,100.00,285364
202604,10915,F.F. CENTURIA,Financiero,Empresas,5,Irrecuperable,43,4599.0,107.0,100.00,100.00,43
202604,10915,F.F. CENTURIA,Financiero,Familias,1,Situacion normal,7,1763.0,251.9,0.19,0.46,7
202604,10915,F.F. CENTURIA,Financiero,Familias,4,Con alto riesgo de insolvencia / riesgo alto,4,1285.0,321.2,0.11,0.33,4
202604,10915,F.F. CENTURIA,Financiero,Familias,5,Irrecuperable,3659,383506.0,104.8,99.70,99.21,3659
202604,10915,F.F. CENTURIA,Financiero,Total,1,Situacion normal,7,1763.0,251.9,0.19,0.45,7
202604,10915,F.F. CENTURIA,Financiero,Total,4,Con alto riesgo de insolvencia / riesgo alto,4,1285.0,321.2,0.11,0.33,4
202604,10915,F.F. CENTURIA,Financiero,Total,5,Irrecuperable,3702,388105.0,104.8,99.70,99.22,3702
202604,10922,Maipú Fideicomiso Financiero,Financiero,Familias,4,Con alto riesgo de insolvencia / riesgo alto,43,49787.0,1157.8,0.46,0.82,43
202604,10922,Maipú Fideicomiso Financiero,Financiero,Familias,5,Irrecuperable,9281,6033766.0,650.1,99.54,99.18,9281
202604,10922,Maipú Fideicomiso Financiero,Financiero,Total,4,Con alto riesgo de insolvencia / riesgo alto,43,49787.0,1157.8,0.46,0.82,43
202604,10922,Maipú Fideicomiso Financiero,Financiero,Total,5,Irrecuperable,9281,6033766.0,650.1,99.54,99.18,9281
202604,10923,F.F. PRIVADO GREEN LIGHT,Financiero,Familias,5,Irrecuperable,181219,31538660.0,174.0,100.00,100.00,181219
202604,10923,F.F. PRIVADO GREEN LIGHT,Financiero,Total,5,Irrecuperable,181219,31538660.0,174.0,100.00,100.00,181219
202604,10924,CREDITIA FIDEICOMISO FINANCIERO,Financiero,Empresas,5,Irrecuperable,245,745702.0,3043.7,100.00,100.00,245
202604,10924,CREDITIA FIDEICOMISO FINANCIERO,Financiero,Familias,5,Irrecuperable,111572,35733802.0,320.3,100.00,100.00,111572
202604,10924,CREDITIA FIDEICOMISO FINANCIERO,Financiero,Total,5,Irrecuperable,111817,36479504.0,326.2,100.00,100.00,111817
202604,40011,BELAT CROWDLENDING ARGENTINA,Financiero,Empresas,1,Situacion normal,8,1638426.0,204803.2,100.00,100.00,8
202604,40011,BELAT CROWDLENDING ARGENTINA,Financiero,Familias,1,Situacion normal,1,55397.0,55397.0,100.00,100.00,1
202604,40011,BELAT CROWDLENDING ARGENTINA,Financiero,Total,1,Situacion normal,9,1693823.0,188202.6,100.00,100.00,9
202604,44077,COMPAÑIA FINANCIERA ARGENTINA S.A.,Financiero,Familias,1,Situacion normal,44268,36321310.0,820.5,34.58,42.52,44268
202604,44077,COMPAÑIA FINANCIERA ARGENTINA S.A.,Financiero,Familias,2,Con seguimiento especial / riesgo bajo,4742,5464431.0,1152.3,3.70,6.40,4742
202604,44077,COMPAÑIA FINANCIERA ARGENTINA S.A.,Financiero,Familias,3,Con problemas / riesgo medio,6543,8014605.0,1224.9,5.11,9.38,6543
202604,44077,COMPAÑIA FINANCIERA ARGENTINA S.A.,Financiero,Familias,4,Con alto riesgo de insolvencia / riesgo alto,10759,14238459.0,1323.4,8.41,16.67,10759
202604,44077,COMPAÑIA FINANCIERA ARGENTINA S.A.,Financiero,Familias,5,Irrecuperable,61689,21379150.0,346.6,48.19,25.03,61689
202604,44077,COMPAÑIA FINANCIERA ARGENTINA S.A.,Financiero,Total,1,Situacion normal,44268,36321310.0,820.5,34.58,42.52,44268
202604,44077,COMPAÑIA FINANCIERA ARGENTINA S.A.,Financiero,Total,2,Con seguimiento especial / riesgo bajo,4742,5464431.0,1152.3,3.70,6.40,4742
202604,44077,COMPAÑIA FINANCIERA ARGENTINA S.A.,Financiero,Total,3,Con problemas / riesgo medio,6543,8014605.0,1224.9,5.11,9.38,6543
202604,44077,COMPAÑIA FINANCIERA ARGENTINA S.A.,Financiero,Total,4,Con alto riesgo de insolvencia / riesgo alto,10759,14238459.0,1323.4,8.41,16.67,10759
202604,44077,COMPAÑIA FINANCIERA ARGENTINA S.A.,Financiero,Total,5,Irrecuperable,61689,21379150.0,346.6,48.19,25.03,61689
202604,44088,VOLKSWAGEN FINANCIAL SERVICES COMPAÑIA FINANCIERA S.A.,Financiero,Empresas,1,Situacion normal,334,247032688.0,739618.8,97.38,99.56,334
202604,44088,VOLKSWAGEN FINANCIAL SERVICES COMPAÑIA FINANCIERA S.A.,Financiero,Empresas,2,Con seguimiento especial / riesgo bajo,5,984575.0,196915.0,1.46,0.40,5
202604,44088,VOLKSWAGEN FINANCIAL SERVICES COMPAÑIA FINANCIERA S.A.,Financiero,Empresas,3,Con problemas / riesgo medio,2,54816.0,27408.0,0.58,0.02,2
202604,44088,VOLKSWAGEN FINANCIAL SERVICES COMPAÑIA FINANCIERA S.A.,Financiero,Empresas,4,Con alto riesgo de insolvencia / riesgo alto,1,18692.0,18692.0,0.29,0.01,1
202604,44088,VOLKSWAGEN FINANCIAL SERVICES COMPAÑIA FINANCIERA S.A.,Financiero,Empresas,5,Irrecuperable,1,26819.0,26819.0,0.29,0.01,1
202604,44088,VOLKSWAGEN FINANCIAL SERVICES COMPAÑIA FINANCIERA S.A.,Financiero,Familias,1,Situacion normal,28548,311730977.0,10919.5,96.89,97.29,28548
202604,44088,VOLKSWAGEN FINANCIAL SERVICES COMPAÑIA FINANCIERA S.A.,Financiero,Familias,2,Con seguimiento especial / riesgo bajo,393,4466050.0,11364.0,1.33,1.39,393
202604,44088,VOLKSWAGEN FINANCIAL SERVICES COMPAÑIA FINANCIERA S.A.,Financiero,Familias,3,Con problemas / riesgo medio,146,1920381.0,13153.3,0.50,0.60,146
202604,44088,VOLKSWAGEN FINANCIAL SERVICES COMPAÑIA FINANCIERA S.A.,Financiero,Familias,4,Con alto riesgo de insolvencia / riesgo alto,132,1475521.0,11178.2,0.45,0.46,132
202604,44088,VOLKSWAGEN FINANCIAL SERVICES COMPAÑIA FINANCIERA S.A.,Financiero,Familias,5,Irrecuperable,246,811533.0,3298.9,0.83,0.25,246
202604,44088,VOLKSWAGEN FINANCIAL SERVICES COMPAÑIA FINANCIERA S.A.,Financiero,Total,1,Situacion normal,28882,558763665.0,19346.4,96.89,98.28,28882
202604,44088,VOLKSWAGEN FINANCIAL SERVICES COMPAÑIA FINANCIERA S.A.,Financiero,Total,2,Con seguimiento especial / riesgo bajo,398,5450625.0,13695.0,1.34,0.96,398
202604,44088,VOLKSWAGEN FINANCIAL SERVICES COMPAÑIA FINANCIERA S.A.,Financiero,Total,3,Con problemas / riesgo medio,148,1975197.0,13345.9,0.50,0.35,148
202604,44088,VOLKSWAGEN FINANCIAL SERVICES COMPAÑIA FINANCIERA S.A.,Financiero,Total,4,Con alto riesgo de insolvencia / riesgo alto,133,1494213.0,11234.7,0.45,0.26,133
202604,44088,VOLKSWAGEN FINANCIAL SERVICES COMPAÑIA FINANCIERA S.A.,Financiero,Total,5,Irrecuperable,247,838352.0,3394.1,0.83,0.15,247
202604,44092,FCA COMPAÑIA FINANCIERA S.A.,Financiero,Empresas,1,Situacion normal,602,131524791.0,218479.7,95.56,91.42,602
202604,44092,FCA COMPAÑIA FINANCIERA S.A.,Financiero,Empresas,2,Con seguimiento especial / riesgo bajo,14,12128214.0,866301.0,2.22,8.43,14
202604,44092,FCA COMPAÑIA FINANCIERA S.A.,Financiero,Empresas,3,Con problemas / riesgo medio,5,143150.0,28630.0,0.79,0.10,5
202604,44092,FCA COMPAÑIA FINANCIERA S.A.,Financiero,Empresas,4,Con alto riesgo de insolvencia / riesgo alto,3,29655.0,9885.0,0.48,0.02,3
202604,44092,FCA COMPAÑIA FINANCIERA S.A.,Financiero,Empresas,5,Irrecuperable,6,36660.0,6110.0,0.95,0.03,6
202604,44092,FCA COMPAÑIA FINANCIERA S.A.,Financiero,Familias,1,Situacion normal,30259,337805055.0,11163.8,93.38,93.73,30259
202604,44092,FCA COMPAÑIA FINANCIERA S.A.,Financiero,Familias,2,Con seguimiento especial / riesgo bajo,686,10147089.0,14791.7,2.12,2.82,686
202604,44092,FCA COMPAÑIA FINANCIERA S.A.,Financiero,Familias,3,Con problemas / riesgo medio,349,4874581.0,13967.3,1.08,1.35,349
202604,44092,FCA COMPAÑIA FINANCIERA S.A.,Financiero,Familias,4,Con alto riesgo de insolvencia / riesgo alto,360,5832402.0,16201.1,1.11,1.62,360
202604,44092,FCA COMPAÑIA FINANCIERA S.A.,Financiero,Familias,5,Irrecuperable,751,1751010.0,2331.6,2.32,0.49,751
202604,44092,FCA COMPAÑIA FINANCIERA S.A.,Financiero,Total,1,Situacion normal,30861,469329846.0,15207.9,93.42,93.07,30861
202604,44092,FCA COMPAÑIA FINANCIERA S.A.,Financiero,Total,2,Con seguimiento especial / riesgo bajo,700,22275303.0,31821.9,2.12,4.42,700
202604,44092,FCA COMPAÑIA FINANCIERA S.A.,Financiero,Total,3,Con problemas / riesgo medio,354,5017731.0,14174.4,1.07,1.00,354
202604,44092,FCA COMPAÑIA FINANCIERA S.A.,Financiero,Total,4,Con alto riesgo de insolvencia / riesgo alto,363,5862057.0,16148.9,1.10,1.16,363
202604,44092,FCA COMPAÑIA FINANCIERA S.A.,Financiero,Total,5,Irrecuperable,757,1787670.0,2361.5,2.29,0.35,757
202604,44093,GPAT COMPAÑIA FINANCIERA S.A.U.,Financiero,Empresas,1,Situacion normal,244,19180688.0,78609.4,98.79,99.86,244
202604,44093,GPAT COMPAÑIA FINANCIERA S.A.U.,Financiero,Empresas,2,Con seguimiento especial / riesgo bajo,2,17450.0,8725.0,0.81,0.09,2
202604,44093,GPAT COMPAÑIA FINANCIERA S.A.U.,Financiero,Empresas,4,Con alto riesgo de insolvencia / riesgo alto,1,10000.0,10000.0,0.40,0.05,1
202604,44093,GPAT COMPAÑIA FINANCIERA S.A.U.,Financiero,Familias,1,Situacion normal,34341,306823020.0,8934.6,86.40,90.26,34341
202604,44093,GPAT COMPAÑIA FINANCIERA S.A.U.,Financiero,Familias,2,Con seguimiento especial / riesgo bajo,1706,14072648.0,8248.9,4.29,4.14,1706
202604,44093,GPAT COMPAÑIA FINANCIERA S.A.U.,Financiero,Familias,3,Con problemas / riesgo medio,464,3402158.0,7332.2,1.17,1.00,464
202604,44093,GPAT COMPAÑIA FINANCIERA S.A.U.,Financiero,Familias,4,Con alto riesgo de insolvencia / riesgo alto,1538,8124722.0,5282.7,3.87,2.39,1538
202604,44093,GPAT COMPAÑIA FINANCIERA S.A.U.,Financiero,Familias,5,Irrecuperable,1699,7503197.0,4416.2,4.27,2.21,1699
202604,44093,GPAT COMPAÑIA FINANCIERA S.A.U.,Financiero,Total,1,Situacion normal,34585,326003708.0,9426.2,86.47,90.77,34585
202604,44093,GPAT COMPAÑIA FINANCIERA S.A.U.,Financiero,Total,2,Con seguimiento especial / riesgo bajo,1708,14090098.0,8249.5,4.27,3.92,1708
202604,44093,GPAT COMPAÑIA FINANCIERA S.A.U.,Financiero,Total,3,Con problemas / riesgo medio,464,3402158.0,7332.2,1.16,0.95,464
202604,44093,GPAT COMPAÑIA FINANCIERA S.A.U.,Financiero,Total,4,Con alto riesgo de insolvencia / riesgo alto,1539,8134722.0,5285.7,3.85,2.27,1539
202604,44093,GPAT COMPAÑIA FINANCIERA S.A.U.,Financiero,Total,5,Irrecuperable,1699,7503197.0,4416.2,4.25,2.09,1699
202604,44094,MERCEDES-BENZ COMPAÑÍA FINANCIERA ARGENTINA S.A.,Financiero,Empresas,1,Situacion normal,708,114110569.0,161173.1,88.94,89.01,708
202604,44094,MERCEDES-BENZ COMPAÑÍA FINANCIERA ARGENTINA S.A.,Financiero,Empresas,2,Con seguimiento especial / riesgo bajo,51,8869183.0,173905.5,6.41,6.92,51
202604,44094,MERCEDES-BENZ COMPAÑÍA FINANCIERA ARGENTINA S.A.,Financiero,Empresas,3,Con problemas / riesgo medio,16,2413304.0,150831.5,2.01,1.88,16
202604,44094,MERCEDES-BENZ COMPAÑÍA FINANCIERA ARGENTINA S.A.,Financiero,Empresas,4,Con alto riesgo de insolvencia / riesgo alto,6,1315216.0,219202.7,0.75,1.03,6
202604,44094,MERCEDES-BENZ COMPAÑÍA FINANCIERA ARGENTINA S.A.,Financiero,Empresas,5,Irrecuperable,15,1496399.0,99759.9,1.88,1.17,15
202604,44094,MERCEDES-BENZ COMPAÑÍA FINANCIERA ARGENTINA S.A.,Financiero,Familias,1,Situacion normal,458,39470125.0,86179.3,83.12,75.53,458
202604,44094,MERCEDES-BENZ COMPAÑÍA FINANCIERA ARGENTINA S.A.,Financiero,Familias,2,Con seguimiento especial / riesgo bajo,51,6264994.0,122843.0,9.26,11.99,51
202604,44094,MERCEDES-BENZ COMPAÑÍA FINANCIERA ARGENTINA S.A.,Financiero,Familias,3,Con problemas / riesgo medio,19,2921905.0,153784.5,3.45,5.59,19
202604,44094,MERCEDES-BENZ COMPAÑÍA FINANCIERA ARGENTINA S.A.,Financiero,Familias,4,Con alto riesgo de insolvencia / riesgo alto,13,1491663.0,114743.3,2.36,2.85,13
202604,44094,MERCEDES-BENZ COMPAÑÍA FINANCIERA ARGENTINA S.A.,Financiero,Familias,5,Irrecuperable,10,2108927.0,210892.7,1.81,4.04,10
202604,44094,MERCEDES-BENZ COMPAÑÍA FINANCIERA ARGENTINA S.A.,Financiero,Total,1,Situacion normal,1166,153580694.0,131715.9,86.56,85.10,1166
202604,44094,MERCEDES-BENZ COMPAÑÍA FINANCIERA ARGENTINA S.A.,Financiero,Total,2,Con seguimiento especial / riesgo bajo,102,15134177.0,148374.3,7.57,8.39,102
202604,44094,MERCEDES-BENZ COMPAÑÍA FINANCIERA ARGENTINA S.A.,Financiero,Total,3,Con problemas / riesgo medio,35,5335209.0,152434.5,2.60,2.96,35
202604,44094,MERCEDES-BENZ COMPAÑÍA FINANCIERA ARGENTINA S.A.,Financiero,Total,4,Con alto riesgo de insolvencia / riesgo alto,19,2806879.0,147730.5,1.41,1.56,19
202604,44094,MERCEDES-BENZ COMPAÑÍA FINANCIERA ARGENTINA S.A.,Financiero,Total,5,Irrecuperable,25,3605326.0,144213.0,1.86,2.00,25
202604,44095,ROMBO COMPAÑÍA FINANCIERA S.A.,Financiero,Empresas,1,Situacion normal,1718,31181939.0,18150.1,97.67,97.04,1718
202604,44095,ROMBO COMPAÑÍA FINANCIERA S.A.,Financiero,Empresas,2,Con seguimiento especial / riesgo bajo,22,305086.0,13867.5,1.25,0.95,22
202604,44095,ROMBO COMPAÑÍA FINANCIERA S.A.,Financiero,Empresas,3,Con problemas / riesgo medio,10,251506.0,25150.6,0.57,0.78,10
202604,44095,ROMBO COMPAÑÍA FINANCIERA S.A.,Financiero,Empresas,4,Con alto riesgo de insolvencia / riesgo alto,7,367488.0,52498.3,0.40,1.14,7
202604,44095,ROMBO COMPAÑÍA FINANCIERA S.A.,Financiero,Empresas,5,Irrecuperable,2,27544.0,13772.0,0.11,0.09,2
202604,44095,ROMBO COMPAÑÍA FINANCIERA S.A.,Financiero,Familias,1,Situacion normal,44788,348612129.0,7783.6,95.98,95.42,44788
202604,44095,ROMBO COMPAÑÍA FINANCIERA S.A.,Financiero,Familias,2,Con seguimiento especial / riesgo bajo,861,8237473.0,9567.3,1.85,2.25,861
202604,44095,ROMBO COMPAÑÍA FINANCIERA S.A.,Financiero,Familias,3,Con problemas / riesgo medio,357,4370964.0,12243.6,0.77,1.20,357
202604,44095,ROMBO COMPAÑÍA FINANCIERA S.A.,Financiero,Familias,4,Con alto riesgo de insolvencia / riesgo alto,349,3328451.0,9537.1,0.75,0.91,349
202604,44095,ROMBO COMPAÑÍA FINANCIERA S.A.,Financiero,Familias,5,Irrecuperable,307,796315.0,2593.9,0.66,0.22,307
202604,44095,ROMBO COMPAÑÍA FINANCIERA S.A.,Financiero,Total,1,Situacion normal,46506,379794068.0,8166.6,96.05,95.55,46506
202604,44095,ROMBO COMPAÑÍA FINANCIERA S.A.,Financiero,Total,2,Con seguimiento especial / riesgo bajo,883,8542559.0,9674.5,1.82,2.15,883
202604,44095,ROMBO COMPAÑÍA FINANCIERA S.A.,Financiero,Total,3,Con problemas / riesgo medio,367,4622470.0,12595.3,0.76,1.16,367
202604,44095,ROMBO COMPAÑÍA FINANCIERA S.A.,Financiero,Total,4,Con alto riesgo de insolvencia / riesgo alto,356,3695939.0,10381.9,0.74,0.93,356
202604,44095,ROMBO COMPAÑÍA FINANCIERA S.A.,Financiero,Total,5,Irrecuperable,309,823859.0,2666.2,0.64,0.21,309
202604,44096,JOHN DEERE CREDIT COMPAÑÍA FINANCIERA S.A.,Financiero,Empresas,1,Situacion normal,943,341894516.0,362560.5,93.55,92.52,943
202604,44096,JOHN DEERE CREDIT COMPAÑÍA FINANCIERA S.A.,Financiero,Empresas,2,Con seguimiento especial / riesgo bajo,12,5637671.0,469805.9,1.19,1.53,12
202604,44096,JOHN DEERE CREDIT COMPAÑÍA FINANCIERA S.A.,Financiero,Empresas,3,Con problemas / riesgo medio,12,3854201.0,321183.4,1.19,1.04,12
202604,44096,JOHN DEERE CREDIT COMPAÑÍA FINANCIERA S.A.,Financiero,Empresas,4,Con alto riesgo de insolvencia / riesgo alto,23,13115939.0,570258.2,2.28,3.55,23
202604,44096,JOHN DEERE CREDIT COMPAÑÍA FINANCIERA S.A.,Financiero,Empresas,5,Irrecuperable,18,5028136.0,279340.9,1.79,1.36,18
202604,44096,JOHN DEERE CREDIT COMPAÑÍA FINANCIERA S.A.,Financiero,Familias,1,Situacion normal,1199,301778117.0,251691.5,90.15,90.54,1199
202604,44096,JOHN DEERE CREDIT COMPAÑÍA FINANCIERA S.A.,Financiero,Familias,2,Con seguimiento especial / riesgo bajo,33,7030106.0,213033.5,2.48,2.11,33
202604,44096,JOHN DEERE CREDIT COMPAÑÍA FINANCIERA S.A.,Financiero,Familias,3,Con problemas / riesgo medio,24,8422474.0,350936.4,1.80,2.53,24
202604,44096,JOHN DEERE CREDIT COMPAÑÍA FINANCIERA S.A.,Financiero,Familias,4,Con alto riesgo de insolvencia / riesgo alto,32,9528722.0,297772.6,2.41,2.86,32
202604,44096,JOHN DEERE CREDIT COMPAÑÍA FINANCIERA S.A.,Financiero,Familias,5,Irrecuperable,42,6542927.0,155784.0,3.16,1.96,42
202604,44096,JOHN DEERE CREDIT COMPAÑÍA FINANCIERA S.A.,Financiero,Total,1,Situacion normal,2142,643672633.0,300500.8,91.62,91.58,2142
202604,44096,JOHN DEERE CREDIT COMPAÑÍA FINANCIERA S.A.,Financiero,Total,2,Con seguimiento especial / riesgo bajo,45,12667777.0,281506.2,1.92,1.80,45
202604,44096,JOHN DEERE CREDIT COMPAÑÍA FINANCIERA S.A.,Financiero,Total,3,Con problemas / riesgo medio,36,12276675.0,341018.8,1.54,1.75,36
202604,44096,JOHN DEERE CREDIT COMPAÑÍA FINANCIERA S.A.,Financiero,Total,4,Con alto riesgo de insolvencia / riesgo alto,55,22644661.0,411721.1,2.35,3.22,55
202604,44096,JOHN DEERE CREDIT COMPAÑÍA FINANCIERA S.A.,Financiero,Total,5,Irrecuperable,60,11571063.0,192851.0,2.57,1.65,60
202604,44098,PSA FINANCE ARGENTINA COMPAÑÍA FINANCIERA S.A.,Financiero,Empresas,1,Situacion normal,310,85252586.0,275008.3,96.88,99.51,310
202604,44098,PSA FINANCE ARGENTINA COMPAÑÍA FINANCIERA S.A.,Financiero,Empresas,2,Con seguimiento especial / riesgo bajo,5,80307.0,16061.4,1.56,0.09,5
202604,44098,PSA FINANCE ARGENTINA COMPAÑÍA FINANCIERA S.A.,Financiero,Empresas,3,Con problemas / riesgo medio,4,322640.0,80660.0,1.25,0.38,4
202604,44098,PSA FINANCE ARGENTINA COMPAÑÍA FINANCIERA S.A.,Financiero,Empresas,4,Con alto riesgo de insolvencia / riesgo alto,1,15243.0,15243.0,0.31,0.02,1
202604,44098,PSA FINANCE ARGENTINA COMPAÑÍA FINANCIERA S.A.,Financiero,Familias,1,Situacion normal,33581,323326357.0,9628.3,94.09,94.80,33581
202604,44098,PSA FINANCE ARGENTINA COMPAÑÍA FINANCIERA S.A.,Financiero,Familias,2,Con seguimiento especial / riesgo bajo,812,7871588.0,9694.1,2.28,2.31,812
202604,44098,PSA FINANCE ARGENTINA COMPAÑÍA FINANCIERA S.A.,Financiero,Familias,3,Con problemas / riesgo medio,482,4496404.0,9328.6,1.35,1.32,482
202604,44098,PSA FINANCE ARGENTINA COMPAÑÍA FINANCIERA S.A.,Financiero,Familias,4,Con alto riesgo de insolvencia / riesgo alto,499,4165073.0,8346.8,1.40,1.22,499
202604,44098,PSA FINANCE ARGENTINA COMPAÑÍA FINANCIERA S.A.,Financiero,Familias,5,Irrecuperable,316,1202563.0,3805.6,0.89,0.35,316
202604,44098,PSA FINANCE ARGENTINA COMPAÑÍA FINANCIERA S.A.,Financiero,Total,1,Situacion normal,33891,408578943.0,12055.7,94.12,95.75,33891
202604,44098,PSA FINANCE ARGENTINA COMPAÑÍA FINANCIERA S.A.,Financiero,Total,2,Con seguimiento especial / riesgo bajo,817,7951895.0,9733.0,2.27,1.86,817
202604,44098,PSA FINANCE ARGENTINA COMPAÑÍA FINANCIERA S.A.,Financiero,Total,3,Con problemas / riesgo medio,486,4819044.0,9915.7,1.35,1.13,486
202604,44098,PSA FINANCE ARGENTINA COMPAÑÍA FINANCIERA S.A.,Financiero,Total,4,Con alto riesgo de insolvencia / riesgo alto,500,4180316.0,8360.6,1.39,0.98,500
202604,44098,PSA FINANCE ARGENTINA COMPAÑÍA FINANCIERA S.A.,Financiero,Total,5,Irrecuperable,316,1202563.0,3805.6,0.88,0.28,316
202604,44099,TOYOTA COMPAÑÍA FINANCIERA DE ARGENTINA S.A.,Financiero,Empresas,1,Situacion normal,1000,90988241.0,90988.2,94.43,94.14,1000
202604,44099,TOYOTA COMPAÑÍA FINANCIERA DE ARGENTINA S.A.,Financiero,Empresas,2,Con seguimiento especial / riesgo bajo,22,2058832.0,93583.3,2.08,2.13,22
202604,44099,TOYOTA COMPAÑÍA FINANCIERA DE ARGENTINA S.A.,Financiero,Empresas,3,Con problemas / riesgo medio,8,413518.0,51689.8,0.76,0.43,8
202604,44099,TOYOTA COMPAÑÍA FINANCIERA DE ARGENTINA S.A.,Financiero,Empresas,4,Con alto riesgo de insolvencia / riesgo alto,28,3193197.0,114042.8,2.64,3.30,28
202604,44099,TOYOTA COMPAÑÍA FINANCIERA DE ARGENTINA S.A.,Financiero,Empresas,5,Irrecuperable,1,43.0,43.0,0.09,0.00,1
202604,44099,TOYOTA COMPAÑÍA FINANCIERA DE ARGENTINA S.A.,Financiero,Familias,1,Situacion normal,11345,138198807.0,12181.5,94.87,93.56,11345
202604,44099,TOYOTA COMPAÑÍA FINANCIERA DE ARGENTINA S.A.,Financiero,Familias,2,Con seguimiento especial / riesgo bajo,354,5942907.0,16787.9,2.96,4.02,354
202604,44099,TOYOTA COMPAÑÍA FINANCIERA DE ARGENTINA S.A.,Financiero,Familias,3,Con problemas / riesgo medio,98,1344844.0,13722.9,0.82,0.91,98
202604,44099,TOYOTA COMPAÑÍA FINANCIERA DE ARGENTINA S.A.,Financiero,Familias,4,Con alto riesgo de insolvencia / riesgo alto,137,2150355.0,15696.0,1.15,1.46,137
202604,44099,TOYOTA COMPAÑÍA FINANCIERA DE ARGENTINA S.A.,Financiero,Familias,5,Irrecuperable,25,82074.0,3283.0,0.21,0.06,25
202604,44099,TOYOTA COMPAÑÍA FINANCIERA DE ARGENTINA S.A.,Financiero,Total,1,Situacion normal,12345,229187048.0,18565.2,94.83,93.79,12345
202604,44099,TOYOTA COMPAÑÍA FINANCIERA DE ARGENTINA S.A.,Financiero,Total,2,Con seguimiento especial / riesgo bajo,376,8001739.0,21281.2,2.89,3.27,376
202604,44099,TOYOTA COMPAÑÍA FINANCIERA DE ARGENTINA S.A.,Financiero,Total,3,Con problemas / riesgo medio,106,1758362.0,16588.3,0.81,0.72,106
202604,44099,TOYOTA COMPAÑÍA FINANCIERA DE ARGENTINA S.A.,Financiero,Total,4,Con alto riesgo de insolvencia / riesgo alto,165,5343552.0,32385.2,1.27,2.19,165
202604,44099,TOYOTA COMPAÑÍA FINANCIERA DE ARGENTINA S.A.,Financiero,Total,5,Irrecuperable,26,82117.0,3158.3,0.20,0.03,26
202604,45030,NARANJA DIGITAL COMPAÑÍA FINANCIERA S.A.U.,Financiero,Empresas,1,Situacion normal,2,41926929.0,20963464.5,100.00,100.00,2
202604,45030,NARANJA DIGITAL COMPAÑÍA FINANCIERA S.A.U.,Financiero,Familias,1,Situacion normal,1094041,916052309.0,837.3,59.52,66.32,1094041
202604,45030,NARANJA DIGITAL COMPAÑÍA FINANCIERA S.A.U.,Financiero,Familias,2,Con seguimiento especial / riesgo bajo,77855,68752743.0,883.1,4.24,4.98,77855
202604,45030,NARANJA DIGITAL COMPAÑÍA FINANCIERA S.A.U.,Financiero,Familias,3,Con problemas / riesgo medio,82600,86759907.0,1050.4,4.49,6.28,82600
202604,45030,NARANJA DIGITAL COMPAÑÍA FINANCIERA S.A.U.,Financiero,Familias,4,Con alto riesgo de insolvencia / riesgo alto,118614,105473918.0,889.2,6.45,7.64,118614
202604,45030,NARANJA DIGITAL COMPAÑÍA FINANCIERA S.A.U.,Financiero,Familias,5,Irrecuperable,464867,204324298.0,439.5,25.29,14.79,464867
202604,45030,NARANJA DIGITAL COMPAÑÍA FINANCIERA S.A.U.,Financiero,Total,1,Situacion normal,1094043,957979238.0,875.6,59.52,67.31,1094043
202604,45030,NARANJA DIGITAL COMPAÑÍA FINANCIERA S.A.U.,Financiero,Total,2,Con seguimiento especial / riesgo bajo,77855,68752743.0,883.1,4.24,4.83,77855
202604,45030,NARANJA DIGITAL COMPAÑÍA FINANCIERA S.A.U.,Financiero,Total,3,Con problemas / riesgo medio,82600,86759907.0,1050.4,4.49,6.10,82600
202604,45030,NARANJA DIGITAL COMPAÑÍA FINANCIERA S.A.U.,Financiero,Total,4,Con alto riesgo de insolvencia / riesgo alto,118614,105473918.0,889.2,6.45,7.41,118614
202604,45030,NARANJA DIGITAL COMPAÑÍA FINANCIERA S.A.U.,Financiero,Total,5,Irrecuperable,464867,204324298.0,439.5,25.29,14.36,464867
202604,45056,MONTEMAR COMPAÑIA FINANCIERA S.A.,Financiero,Empresas,1,Situacion normal,37,3942289.0,106548.4,100.00,100.00,37
202604,45056,MONTEMAR COMPAÑIA FINANCIERA S.A.,Financiero,Familias,1,Situacion normal,12691,59943062.0,4723.3,50.95,63.82,12691
202604,45056,MONTEMAR COMPAÑIA FINANCIERA S.A.,Financiero,Familias,11,Asistencias totalmente cubiertas con garantias preferidas A,1,1267.0,1267.0,0.00,0.00,1
202604,45056,MONTEMAR COMPAÑIA FINANCIERA S.A.,Financiero,Familias,2,Con seguimiento especial / riesgo bajo,2127,9240469.0,4344.4,8.54,9.84,2127
202604,45056,MONTEMAR COMPAÑIA FINANCIERA S.A.,Financiero,Familias,3,Con problemas / riesgo medio,1937,8627138.0,4453.9,7.78,9.18,1937
202604,45056,MONTEMAR COMPAÑIA FINANCIERA S.A.,Financiero,Familias,4,Con alto riesgo de insolvencia / riesgo alto,3365,11323485.0,3365.1,13.51,12.06,3365
202604,45056,MONTEMAR COMPAÑIA FINANCIERA S.A.,Financiero,Familias,5,Irrecuperable,4789,4795078.0,1001.3,19.23,5.10,4789
202604,45056,MONTEMAR COMPAÑIA FINANCIERA S.A.,Financiero,Total,1,Situacion normal,12728,63885351.0,5019.3,51.02,65.27,12728
202604,45056,MONTEMAR COMPAÑIA FINANCIERA S.A.,Financiero,Total,11,Asistencias totalmente cubiertas con garantias preferidas A,1,1267.0,1267.0,0.00,0.00,1
202604,45056,MONTEMAR COMPAÑIA FINANCIERA S.A.,Financiero,Total,2,Con seguimiento especial / riesgo bajo,2127,9240469.0,4344.4,8.53,9.44,2127
202604,45056,MONTEMAR COMPAÑIA FINANCIERA S.A.,Financiero,Total,3,Con problemas / riesgo medio,1937,8627138.0,4453.9,7.76,8.81,1937
202604,45056,MONTEMAR COMPAÑIA FINANCIERA S.A.,Financiero,Total,4,Con alto riesgo de insolvencia / riesgo alto,3365,11323485.0,3365.1,13.49,11.57,3365
202604,45056,MONTEMAR COMPAÑIA FINANCIERA S.A.,Financiero,Total,5,Irrecuperable,4789,4795078.0,1001.3,19.20,4.90,4789
202604,45072,REBA COMPAÑIA FINANCIERA S.A.,Financiero,Empresas,1,Situacion normal,268,21681697.0,80901.9,89.93,91.09,268
202604,45072,REBA COMPAÑIA FINANCIERA S.A.,Financiero,Empresas,2,Con seguimiento especial / riesgo bajo,4,227940.0,56985.0,1.34,0.96,4
202604,45072,REBA COMPAÑIA FINANCIERA S.A.,Financiero,Empresas,3,Con problemas / riesgo medio,5,225001.0,45000.2,1.68,0.95,5
202604,45072,REBA COMPAÑIA FINANCIERA S.A.,Financiero,Empresas,4,Con alto riesgo de insolvencia / riesgo alto,15,1226292.0,81752.8,5.03,5.15,15
202604,45072,REBA COMPAÑIA FINANCIERA S.A.,Financiero,Empresas,5,Irrecuperable,6,441119.0,73519.8,2.01,1.85,6
202604,45072,REBA COMPAÑIA FINANCIERA S.A.,Financiero,Familias,1,Situacion normal,18904,19293997.0,1020.6,48.38,59.62,18904
202604,45072,REBA COMPAÑIA FINANCIERA S.A.,Financiero,Familias,2,Con seguimiento especial / riesgo bajo,1917,1975701.0,1030.6,4.91,6.11,1917
202604,45072,REBA COMPAÑIA FINANCIERA S.A.,Financiero,Familias,3,Con problemas / riesgo medio,3251,3120553.0,959.9,8.32,9.64,3251
202604,45072,REBA COMPAÑIA FINANCIERA S.A.,Financiero,Familias,4,Con alto riesgo de insolvencia / riesgo alto,11006,5856126.0,532.1,28.17,18.10,11006
202604,45072,REBA COMPAÑIA FINANCIERA S.A.,Financiero,Familias,5,Irrecuperable,3996,2115623.0,529.4,10.23,6.54,3996
202604,45072,REBA COMPAÑIA FINANCIERA S.A.,Financiero,Total,1,Situacion normal,19172,40975694.0,2137.3,48.69,72.96,19172
202604,45072,REBA COMPAÑIA FINANCIERA S.A.,Financiero,Total,2,Con seguimiento especial / riesgo bajo,1921,2203641.0,1147.1,4.88,3.92,1921
202604,45072,REBA COMPAÑIA FINANCIERA S.A.,Financiero,Total,3,Con problemas / riesgo medio,3256,3345554.0,1027.5,8.27,5.96,3256
202604,45072,REBA COMPAÑIA FINANCIERA S.A.,Financiero,Total,4,Con alto riesgo de insolvencia / riesgo alto,11021,7082418.0,642.6,27.99,12.61,11021
202604,45072,REBA COMPAÑIA FINANCIERA S.A.,Financiero,Total,5,Irrecuperable,4002,2556742.0,638.9,10.16,4.55,4002
202604,50001,ACINDAR PYMES SGR,No Financiero,Empresas,1,Situacion normal,140,2628150.0,18772.5,28.06,15.84,140
202604,50001,ACINDAR PYMES SGR,No Financiero,Empresas,2,Con seguimiento especial / riesgo bajo,89,2854814.0,32076.6,17.84,17.20,89
202604,50001,ACINDAR PYMES SGR,No Financiero,Empresas,3,Con problemas / riesgo medio,116,3783741.0,32618.5,23.25,22.80,116
202604,50001,ACINDAR PYMES SGR,No Financiero,Empresas,4,Con alto riesgo de insolvencia / riesgo alto,109,5962711.0,54703.8,21.84,35.93,109
202604,50001,ACINDAR PYMES SGR,No Financiero,Empresas,5,Irrecuperable,45,1367370.0,30386.0,9.02,8.24,45
202604,50001,ACINDAR PYMES SGR,No Financiero,Familias,1,Situacion normal,29,131113.0,4521.1,7.34,7.17,29
202604,50001,ACINDAR PYMES SGR,No Financiero,Familias,2,Con seguimiento especial / riesgo bajo,40,320648.0,8016.2,10.13,17.52,40
202604,50001,ACINDAR PYMES SGR,No Financiero,Familias,3,Con problemas / riesgo medio,44,273569.0,6217.5,11.14,14.95,44
202604,50001,ACINDAR PYMES SGR,No Financiero,Familias,4,Con alto riesgo de insolvencia / riesgo alto,152,747983.0,4920.9,38.48,40.88,152
202604,50001,ACINDAR PYMES SGR,No Financiero,Familias,5,Irrecuperable,130,356484.0,2742.2,32.91,19.48,130
202604,50001,ACINDAR PYMES SGR,No Financiero,Total,1,Situacion normal,169,2759263.0,16327.0,18.90,14.97,169
202604,50001,ACINDAR PYMES SGR,No Financiero,Total,2,Con seguimiento especial / riesgo bajo,129,3175462.0,24616.0,14.43,17.23,129
202604,50001,ACINDAR PYMES SGR,No Financiero,Total,3,Con problemas / riesgo medio,160,4057310.0,25358.2,17.90,22.02,160
202604,50001,ACINDAR PYMES SGR,No Financiero,Total,4,Con alto riesgo de insolvencia / riesgo alto,261,6710694.0,25711.5,29.19,36.42,261
202604,50001,ACINDAR PYMES SGR,No Financiero,Total,5,Irrecuperable,175,1723854.0,9850.6,19.57,9.36,175
202604,50002,AFFIDAVIT SGR,No Financiero,Empresas,1,Situacion normal,5,17668.0,3533.6,29.41,11.12,5
202604,50002,AFFIDAVIT SGR,No Financiero,Empresas,2,Con seguimiento especial / riesgo bajo,2,6088.0,3044.0,11.76,3.83,2
202604,50002,AFFIDAVIT SGR,No Financiero,Empresas,3,Con problemas / riesgo medio,7,99947.0,14278.1,41.18,62.90,7
202604,50002,AFFIDAVIT SGR,No Financiero,Empresas,4,Con alto riesgo de insolvencia / riesgo alto,2,22956.0,11478.0,11.76,14.45,2
202604,50002,AFFIDAVIT SGR,No Financiero,Empresas,5,Irrecuperable,1,12239.0,12239.0,5.88,7.70,1
202604,50002,AFFIDAVIT SGR,No Financiero,Familias,3,Con problemas / riesgo medio,1,10966.0,10966.0,100.00,100.00,1
202604,50002,AFFIDAVIT SGR,No Financiero,Total,1,Situacion normal,5,17668.0,3533.6,27.78,10.40,5
202604,50002,AFFIDAVIT SGR,No Financiero,Total,2,Con seguimiento especial / riesgo bajo,2,6088.0,3044.0,11.11,3.58,2
202604,50002,AFFIDAVIT SGR,No Financiero,Total,3,Con problemas / riesgo medio,8,110913.0,13864.1,44.44,65.30,8
202604,50002,AFFIDAVIT SGR,No Financiero,Total,4,Con alto riesgo de insolvencia / riesgo alto,2,22956.0,11478.0,11.11,13.51,2
202604,50002,AFFIDAVIT SGR,No Financiero,Total,5,Irrecuperable,1,12239.0,12239.0,5.56,7.21,1
202604,50003,AGROAVAL SGR,No Financiero,Empresas,5,Irrecuperable,1,2099.0,2099.0,100.00,100.00,1
202604,50003,AGROAVAL SGR,No Financiero,Total,5,Irrecuperable,1,2099.0,2099.0,100.00,100.00,1
202604,50004,ARGENPYMES SGR,No Financiero,Empresas,1,Situacion normal,58,597377.0,10299.6,11.67,6.56,58
202604,50004,ARGENPYMES SGR,No Financiero,Empresas,2,Con seguimiento especial / riesgo bajo,98,1953396.0,19932.6,19.72,21.46,98
202604,50004,ARGENPYMES SGR,No Financiero,Empresas,3,Con problemas / riesgo medio,110,2156877.0,19608.0,22.13,23.70,110
202604,50004,ARGENPYMES SGR,No Financiero,Empresas,4,Con alto riesgo de insolvencia / riesgo alto,136,3016354.0,22179.1,27.36,33.14,136
202604,50004,ARGENPYMES SGR,No Financiero,Empresas,5,Irrecuperable,95,1378268.0,14508.1,19.11,15.14,95
202604,50004,ARGENPYMES SGR,No Financiero,Familias,1,Situacion normal,26,121799.0,4684.6,10.28,7.17,26
202604,50004,ARGENPYMES SGR,No Financiero,Familias,2,Con seguimiento especial / riesgo bajo,61,174049.0,2853.3,24.11,10.25,61
202604,50004,ARGENPYMES SGR,No Financiero,Familias,3,Con problemas / riesgo medio,50,262825.0,5256.5,19.76,15.48,50
202604,50004,ARGENPYMES SGR,No Financiero,Familias,4,Con alto riesgo de insolvencia / riesgo alto,67,921187.0,13749.1,26.48,54.24,67
202604,50004,ARGENPYMES SGR,No Financiero,Familias,5,Irrecuperable,49,218449.0,4458.1,19.37,12.86,49
202604,50004,ARGENPYMES SGR,No Financiero,Total,1,Situacion normal,84,719176.0,8561.6,11.20,6.66,84
202604,50004,ARGENPYMES SGR,No Financiero,Total,2,Con seguimiento especial / riesgo bajo,159,2127445.0,13380.2,21.20,19.70,159
202604,50004,ARGENPYMES SGR,No Financiero,Total,3,Con problemas / riesgo medio,160,2419702.0,15123.1,21.33,22.40,160
202604,50004,ARGENPYMES SGR,No Financiero,Total,4,Con alto riesgo de insolvencia / riesgo alto,203,3937541.0,19396.8,27.07,36.46,203
202604,50004,ARGENPYMES SGR,No Financiero,Total,5,Irrecuperable,144,1596717.0,11088.3,19.20,14.78,144
202604,50005,AVAL FEDERAL SGR,No Financiero,Empresas,1,Situacion normal,3,22846.0,7615.3,11.54,2.69,3
202604,50005,AVAL FEDERAL SGR,No Financiero,Empresas,2,Con seguimiento especial / riesgo bajo,7,83436.0,11919.4,26.92,9.81,7
202604,50005,AVAL FEDERAL SGR,No Financiero,Empresas,3,Con problemas / riesgo medio,4,139202.0,34800.5,15.38,16.37,4
202604,50005,AVAL FEDERAL SGR,No Financiero,Empresas,4,Con alto riesgo de insolvencia / riesgo alto,6,208013.0,34668.8,23.08,24.46,6
202604,50005,AVAL FEDERAL SGR,No Financiero,Empresas,5,Irrecuperable,6,397059.0,66176.5,23.08,46.68,6
202604,50005,AVAL FEDERAL SGR,No Financiero,Familias,1,Situacion normal,2,15435.0,7717.5,50.00,12.22,2
202604,50005,AVAL FEDERAL SGR,No Financiero,Familias,3,Con problemas / riesgo medio,1,5631.0,5631.0,25.00,4.46,1
202604,50005,AVAL FEDERAL SGR,No Financiero,Familias,4,Con alto riesgo de insolvencia / riesgo alto,1,105256.0,105256.0,25.00,83.32,1
202604,50005,AVAL FEDERAL SGR,No Financiero,Total,1,Situacion normal,5,38281.0,7656.2,16.67,3.92,5
202604,50005,AVAL FEDERAL SGR,No Financiero,Total,2,Con seguimiento especial / riesgo bajo,7,83436.0,11919.4,23.33,8.54,7
202604,50005,AVAL FEDERAL SGR,No Financiero,Total,3,Con problemas / riesgo medio,5,144833.0,28966.6,16.67,14.83,5
202604,50005,AVAL FEDERAL SGR,No Financiero,Total,4,Con alto riesgo de insolvencia / riesgo alto,7,313269.0,44752.7,23.33,32.07,7
202604,50005,AVAL FEDERAL SGR,No Financiero,Total,5,Irrecuperable,6,397059.0,66176.5,20.00,40.65,6
202604,50011,CUYO AVAL SGR,No Financiero,Empresas,1,Situacion normal,4,7772.0,1943.0,50.00,15.78,4
202604,50011,CUYO AVAL SGR,No Financiero,Empresas,2,Con seguimiento especial / riesgo bajo,1,32324.0,32324.0,12.50,65.63,1
202604,50011,CUYO AVAL SGR,No Financiero,Empresas,5,Irrecuperable,3,9153.0,3051.0,37.50,18.59,3
202604,50011,CUYO AVAL SGR,No Financiero,Familias,3,Con problemas / riesgo medio,1,17612.0,17612.0,100.00,100.00,1
202604,50011,CUYO AVAL SGR,No Financiero,Total,1,Situacion normal,4,7772.0,1943.0,44.44,11.62,4
202604,50011,CUYO AVAL SGR,No Financiero,Total,2,Con seguimiento especial / riesgo bajo,1,32324.0,32324.0,11.11,48.35,1
202604,50011,CUYO AVAL SGR,No Financiero,Total,3,Con problemas / riesgo medio,1,17612.0,17612.0,11.11,26.34,1
202604,50011,CUYO AVAL SGR,No Financiero,Total,5,Irrecuperable,3,9153.0,3051.0,33.33,13.69,3
202604,50012,DON MARIO SGR,No Financiero,Empresas,1,Situacion normal,3,5542.0,1847.3,50.00,10.93,3
202604,50012,DON MARIO SGR,No Financiero,Empresas,3,Con problemas / riesgo medio,2,23718.0,11859.0,33.33,46.78,2
202604,50012,DON MARIO SGR,No Financiero,Empresas,5,Irrecuperable,1,21440.0,21440.0,16.67,42.29,1
202604,50012,DON MARIO SGR,No Financiero,Familias,1,Situacion normal,1,2324.0,2324.0,50.00,12.15,1
202604,50012,DON MARIO SGR,No Financiero,Familias,3,Con problemas / riesgo medio,1,16799.0,16799.0,50.00,87.85,1
202604,50012,DON MARIO SGR,No Financiero,Total,1,Situacion normal,4,7866.0,1966.5,50.00,11.27,4
202604,50012,DON MARIO SGR,No Financiero,Total,3,Con problemas / riesgo medio,3,40517.0,13505.7,37.50,58.03,3
202604,50012,DON MARIO SGR,No Financiero,Total,5,Irrecuperable,1,21440.0,21440.0,12.50,30.71,1
202604,50013,GARANTÍA DE VALORES SGR,No Financiero,Empresas,1,Situacion normal,23,96292.0,4186.6,10.04,2.78,23
202604,50013,GARANTÍA DE VALORES SGR,No Financiero,Empresas,2,Con seguimiento especial / riesgo bajo,38,304907.0,8023.9,16.59,8.79,38
202604,50013,GARANTÍA DE VALORES SGR,No Financiero,Empresas,3,Con problemas / riesgo medio,63,782004.0,12412.8,27.51,22.55,63
202604,50013,GARANTÍA DE VALORES SGR,No Financiero,Empresas,4,Con alto riesgo de insolvencia / riesgo alto,68,2019881.0,29704.1,29.69,58.24,68
202604,50013,GARANTÍA DE VALORES SGR,No Financiero,Empresas,5,Irrecuperable,37,264902.0,7159.5,16.16,7.64,37
202604,50013,GARANTÍA DE VALORES SGR,No Financiero,Familias,1,Situacion normal,6,17227.0,2871.2,4.88,1.80,6
202604,50013,GARANTÍA DE VALORES SGR,No Financiero,Familias,2,Con seguimiento especial / riesgo bajo,21,54553.0,2597.8,17.07,5.69,21
202604,50013,GARANTÍA DE VALORES SGR,No Financiero,Familias,3,Con problemas / riesgo medio,35,220742.0,6306.9,28.46,23.01,35
202604,50013,GARANTÍA DE VALORES SGR,No Financiero,Familias,4,Con alto riesgo de insolvencia / riesgo alto,37,469459.0,12688.1,30.08,48.94,37
202604,50013,GARANTÍA DE VALORES SGR,No Financiero,Familias,5,Irrecuperable,24,197180.0,8215.8,19.51,20.56,24
202604,50013,GARANTÍA DE VALORES SGR,No Financiero,Total,1,Situacion normal,29,113519.0,3914.4,8.24,2.56,29
202604,50013,GARANTÍA DE VALORES SGR,No Financiero,Total,2,Con seguimiento especial / riesgo bajo,59,359460.0,6092.5,16.76,8.12,59
202604,50013,GARANTÍA DE VALORES SGR,No Financiero,Total,3,Con problemas / riesgo medio,98,1002746.0,10232.1,27.84,22.65,98
202604,50013,GARANTÍA DE VALORES SGR,No Financiero,Total,4,Con alto riesgo de insolvencia / riesgo alto,105,2489340.0,23708.0,29.83,56.23,105
202604,50013,GARANTÍA DE VALORES SGR,No Financiero,Total,5,Irrecuperable,61,462082.0,7575.1,17.33,10.44,61
202604,50014,GARANTIZAR SGR,No Financiero,Empresas,1,Situacion normal,230,3477223.0,15118.4,17.28,11.87,230
202604,50014,GARANTIZAR SGR,No Financiero,Empresas,2,Con seguimiento especial / riesgo bajo,192,3497736.0,18217.4,14.43,11.94,192
202604,50014,GARANTIZAR SGR,No Financiero,Empresas,3,Con problemas / riesgo medio,201,5238951.0,26064.4,15.10,17.89,201
202604,50014,GARANTIZAR SGR,No Financiero,Empresas,4,Con alto riesgo de insolvencia / riesgo alto,228,10500989.0,46057.0,17.13,35.86,228
202604,50014,GARANTIZAR SGR,No Financiero,Empresas,5,Irrecuperable,480,6571578.0,13690.8,36.06,22.44,480
202604,50014,GARANTIZAR SGR,No Financiero,Familias,1,Situacion normal,265,1190434.0,4492.2,15.42,11.68,265
202604,50014,GARANTIZAR SGR,No Financiero,Familias,2,Con seguimiento especial / riesgo bajo,212,876684.0,4135.3,12.34,8.60,212
202604,50014,GARANTIZAR SGR,No Financiero,Familias,3,Con problemas / riesgo medio,260,1710356.0,6578.3,15.13,16.78,260
202604,50014,GARANTIZAR SGR,No Financiero,Familias,4,Con alto riesgo de insolvencia / riesgo alto,367,4125270.0,11240.5,21.36,40.46,367
202604,50014,GARANTIZAR SGR,No Financiero,Familias,5,Irrecuperable,614,2292550.0,3733.8,35.74,22.49,614
202604,50014,GARANTIZAR SGR,No Financiero,Total,1,Situacion normal,495,4667657.0,9429.6,16.23,11.82,495
202604,50014,GARANTIZAR SGR,No Financiero,Total,2,Con seguimiento especial / riesgo bajo,404,4374420.0,10827.8,13.25,11.08,404
202604,50014,GARANTIZAR SGR,No Financiero,Total,3,Con problemas / riesgo medio,461,6949307.0,15074.4,15.12,17.60,461
202604,50014,GARANTIZAR SGR,No Financiero,Total,4,Con alto riesgo de insolvencia / riesgo alto,595,14626259.0,24581.9,19.51,37.05,595
202604,50014,GARANTIZAR SGR,No Financiero,Total,5,Irrecuperable,1094,8864128.0,8102.5,35.88,22.45,1094
202604,50015,INTEGRA PYMES SGR,No Financiero,Empresas,1,Situacion normal,1,10020.0,10020.0,4.55,1.81,1
202604,50015,INTEGRA PYMES SGR,No Financiero,Empresas,2,Con seguimiento especial / riesgo bajo,4,18073.0,4518.2,18.18,3.26,4
202604,50015,INTEGRA PYMES SGR,No Financiero,Empresas,3,Con problemas / riesgo medio,8,169935.0,21241.9,36.36,30.67,8
202604,50015,INTEGRA PYMES SGR,No Financiero,Empresas,4,Con alto riesgo de insolvencia / riesgo alto,7,344185.0,49169.3,31.82,62.13,7
202604,50015,INTEGRA PYMES SGR,No Financiero,Empresas,5,Irrecuperable,2,11798.0,5899.0,9.09,2.13,2
202604,50015,INTEGRA PYMES SGR,No Financiero,Total,1,Situacion normal,1,10020.0,10020.0,4.55,1.81,1
202604,50015,INTEGRA PYMES SGR,No Financiero,Total,2,Con seguimiento especial / riesgo bajo,4,18073.0,4518.2,18.18,3.26,4
202604,50015,INTEGRA PYMES SGR,No Financiero,Total,3,Con problemas / riesgo medio,8,169935.0,21241.9,36.36,30.67,8
202604,50015,INTEGRA PYMES SGR,No Financiero,Total,4,Con alto riesgo de insolvencia / riesgo alto,7,344185.0,49169.3,31.82,62.13,7
202604,50015,INTEGRA PYMES SGR,No Financiero,Total,5,Irrecuperable,2,11798.0,5899.0,9.09,2.13,2
202604,50018,POTENCIAR SGR,No Financiero,Empresas,2,Con seguimiento especial / riesgo bajo,20,448355.0,22417.8,95.24,93.15,20
202604,50018,POTENCIAR SGR,No Financiero,Empresas,3,Con problemas / riesgo medio,1,32962.0,32962.0,4.76,6.85,1
202604,50018,POTENCIAR SGR,No Financiero,Familias,2,Con seguimiento especial / riesgo bajo,73,53614.0,734.4,82.95,94.22,73
202604,50018,POTENCIAR SGR,No Financiero,Familias,3,Con problemas / riesgo medio,6,1448.0,241.3,6.82,2.54,6
202604,50018,POTENCIAR SGR,No Financiero,Familias,4,Con alto riesgo de insolvencia / riesgo alto,9,1842.0,204.7,10.23,3.24,9
202604,50018,POTENCIAR SGR,No Financiero,Total,2,Con seguimiento especial / riesgo bajo,93,501969.0,5397.5,85.32,93.26,93
202604,50018,POTENCIAR SGR,No Financiero,Total,3,Con problemas / riesgo medio,7,34410.0,4915.7,6.42,6.39,7
202604,50018,POTENCIAR SGR,No Financiero,Total,4,Con alto riesgo de insolvencia / riesgo alto,9,1842.0,204.7,8.26,0.34,9
202604,50020,AFB AVALES S.G.R.,No Financiero,Empresas,1,Situacion normal,12,58087.0,4840.6,23.53,7.89,12
202604,50020,AFB AVALES S.G.R.,No Financiero,Empresas,2,Con seguimiento especial / riesgo bajo,12,132874.0,11072.8,23.53,18.04,12
202604,50020,AFB AVALES S.G.R.,No Financiero,Empresas,3,Con problemas / riesgo medio,22,464146.0,21097.5,43.14,63.02,22
202604,50020,AFB AVALES S.G.R.,No Financiero,Empresas,4,Con alto riesgo de insolvencia / riesgo alto,3,65165.0,21721.7,5.88,8.85,3
202604,50020,AFB AVALES S.G.R.,No Financiero,Empresas,5,Irrecuperable,2,16280.0,8140.0,3.92,2.21,2
202604,50020,AFB AVALES S.G.R.,No Financiero,Familias,2,Con seguimiento especial / riesgo bajo,1,1711.0,1711.0,10.00,2.95,1
202604,50020,AFB AVALES S.G.R.,No Financiero,Familias,3,Con problemas / riesgo medio,4,31262.0,7815.5,40.00,53.89,4
202604,50020,AFB AVALES S.G.R.,No Financiero,Familias,4,Con alto riesgo de insolvencia / riesgo alto,5,25043.0,5008.6,50.00,43.17,5
202604,50020,AFB AVALES S.G.R.,No Financiero,Total,1,Situacion normal,12,58087.0,4840.6,19.67,7.31,12
202604,50020,AFB AVALES S.G.R.,No Financiero,Total,2,Con seguimiento especial / riesgo bajo,13,134585.0,10352.7,21.31,16.94,13
202604,50020,AFB AVALES S.G.R.,No Financiero,Total,3,Con problemas / riesgo medio,26,495408.0,19054.2,42.62,62.35,26
202604,50020,AFB AVALES S.G.R.,No Financiero,Total,4,Con alto riesgo de insolvencia / riesgo alto,8,90208.0,11276.0,13.11,11.35,8
202604,50020,AFB AVALES S.G.R.,No Financiero,Total,5,Irrecuperable,2,16280.0,8140.0,3.28,2.05,2
202604,50021,AVAL AR SGR,No Financiero,Empresas,1,Situacion normal,3,10328.0,3442.7,25.00,2.49,3
202604,50021,AVAL AR SGR,No Financiero,Empresas,2,Con seguimiento especial / riesgo bajo,2,31636.0,15818.0,16.67,7.63,2
202604,50021,AVAL AR SGR,No Financiero,Empresas,3,Con problemas / riesgo medio,3,50017.0,16672.3,25.00,12.07,3
202604,50021,AVAL AR SGR,No Financiero,Empresas,4,Con alto riesgo de insolvencia / riesgo alto,3,102204.0,34068.0,25.00,24.66,3
202604,50021,AVAL AR SGR,No Financiero,Empresas,5,Irrecuperable,1,220216.0,220216.0,8.33,53.14,1
202604,50021,AVAL AR SGR,No Financiero,Familias,2,Con seguimiento especial / riesgo bajo,2,23681.0,11840.5,66.67,88.38,2
202604,50021,AVAL AR SGR,No Financiero,Familias,4,Con alto riesgo de insolvencia / riesgo alto,1,3115.0,3115.0,33.33,11.62,1
202604,50021,AVAL AR SGR,No Financiero,Total,1,Situacion normal,3,10328.0,3442.7,20.00,2.34,3
202604,50021,AVAL AR SGR,No Financiero,Total,2,Con seguimiento especial / riesgo bajo,4,55317.0,13829.2,26.67,12.54,4
202604,50021,AVAL AR SGR,No Financiero,Total,3,Con problemas / riesgo medio,3,50017.0,16672.3,20.00,11.34,3
202604,50021,AVAL AR SGR,No Financiero,Total,4,Con alto riesgo de insolvencia / riesgo alto,4,105319.0,26329.8,26.67,23.87,4
202604,50021,AVAL AR SGR,No Financiero,Total,5,Irrecuperable,1,220216.0,220216.0,6.67,49.91,1
202604,50023,UNION SGR,No Financiero,Empresas,1,Situacion normal,7,29252.0,4178.9,25.00,5.03,7
202604,50023,UNION SGR,No Financiero,Empresas,2,Con seguimiento especial / riesgo bajo,4,229929.0,57482.2,14.29,39.55,4
202604,50023,UNION SGR,No Financiero,Empresas,3,Con problemas / riesgo medio,8,78337.0,9792.1,28.57,13.47,8
202604,50023,UNION SGR,No Financiero,Empresas,4,Con alto riesgo de insolvencia / riesgo alto,5,117728.0,23545.6,17.86,20.25,5
202604,50023,UNION SGR,No Financiero,Empresas,5,Irrecuperable,4,126119.0,31529.8,14.29,21.69,4
202604,50023,UNION SGR,No Financiero,Familias,1,Situacion normal,2,541.0,270.5,12.50,0.86,2
202604,50023,UNION SGR,No Financiero,Familias,3,Con problemas / riesgo medio,3,8123.0,2707.7,18.75,12.96,3
202604,50023,UNION SGR,No Financiero,Familias,4,Con alto riesgo de insolvencia / riesgo alto,9,36583.0,4064.8,56.25,58.38,9
202604,50023,UNION SGR,No Financiero,Familias,5,Irrecuperable,2,17420.0,8710.0,12.50,27.80,2
202604,50023,UNION SGR,No Financiero,Total,1,Situacion normal,9,29793.0,3310.3,20.45,4.63,9
202604,50023,UNION SGR,No Financiero,Total,2,Con seguimiento especial / riesgo bajo,4,229929.0,57482.2,9.09,35.70,4
202604,50023,UNION SGR,No Financiero,Total,3,Con problemas / riesgo medio,11,86460.0,7860.0,25.00,13.42,11
202604,50023,UNION SGR,No Financiero,Total,4,Con alto riesgo de insolvencia / riesgo alto,14,154311.0,11022.2,31.82,23.96,14
202604,50023,UNION SGR,No Financiero,Total,5,Irrecuperable,6,143539.0,23923.2,13.64,22.29,6
202604,50024,AVAL FERTIL SGR,No Financiero,Empresas,5,Irrecuperable,1,2332.0,2332.0,100.00,100.00,1
202604,50024,AVAL FERTIL SGR,No Financiero,Total,5,Irrecuperable,1,2332.0,2332.0,100.00,100.00,1
202604,50025,AVALES DEL CENTRO SGR,No Financiero,Empresas,1,Situacion normal,1,331.0,331.0,6.25,0.35,1
202604,50025,AVALES DEL CENTRO SGR,No Financiero,Empresas,2,Con seguimiento especial / riesgo bajo,2,39583.0,19791.5,12.50,42.01,2
202604,50025,AVALES DEL CENTRO SGR,No Financiero,Empresas,3,Con problemas / riesgo medio,8,31318.0,3914.8,50.00,33.24,8
202604,50025,AVALES DEL CENTRO SGR,No Financiero,Empresas,4,Con alto riesgo de insolvencia / riesgo alto,2,17083.0,8541.5,12.50,18.13,2
202604,50025,AVALES DEL CENTRO SGR,No Financiero,Empresas,5,Irrecuperable,3,5907.0,1969.0,18.75,6.27,3
202604,50025,AVALES DEL CENTRO SGR,No Financiero,Familias,2,Con seguimiento especial / riesgo bajo,1,634.0,634.0,100.00,100.00,1
202604,50025,AVALES DEL CENTRO SGR,No Financiero,Total,1,Situacion normal,1,331.0,331.0,5.88,0.35,1
202604,50025,AVALES DEL CENTRO SGR,No Financiero,Total,2,Con seguimiento especial / riesgo bajo,3,40217.0,13405.7,17.65,42.40,3
202604,50025,AVALES DEL CENTRO SGR,No Financiero,Total,3,Con problemas / riesgo medio,8,31318.0,3914.8,47.06,33.02,8
202604,50025,AVALES DEL CENTRO SGR,No Financiero,Total,4,Con alto riesgo de insolvencia / riesgo alto,2,17083.0,8541.5,11.76,18.01,2
202604,50025,AVALES DEL CENTRO SGR,No Financiero,Total,5,Irrecuperable,3,5907.0,1969.0,17.65,6.23,3
202604,50026,CRECER SGR,No Financiero,Empresas,1,Situacion normal,8,39644.0,4955.5,21.05,7.49,8
202604,50026,CRECER SGR,No Financiero,Empresas,2,Con seguimiento especial / riesgo bajo,7,127984.0,18283.4,18.42,24.18,7
202604,50026,CRECER SGR,No Financiero,Empresas,3,Con problemas / riesgo medio,11,155135.0,14103.2,28.95,29.31,11
202604,50026,CRECER SGR,No Financiero,Empresas,4,Con alto riesgo de insolvencia / riesgo alto,9,97365.0,10818.3,23.68,18.40,9
202604,50026,CRECER SGR,No Financiero,Empresas,5,Irrecuperable,3,109143.0,36381.0,7.89,20.62,3
202604,50026,CRECER SGR,No Financiero,Familias,1,Situacion normal,8,4468.0,558.5,14.55,3.91,8
202604,50026,CRECER SGR,No Financiero,Familias,2,Con seguimiento especial / riesgo bajo,7,5519.0,788.4,12.73,4.84,7
202604,50026,CRECER SGR,No Financiero,Familias,3,Con problemas / riesgo medio,15,30780.0,2052.0,27.27,26.97,15
202604,50026,CRECER SGR,No Financiero,Familias,4,Con alto riesgo de insolvencia / riesgo alto,16,51361.0,3210.1,29.09,45.00,16
202604,50026,CRECER SGR,No Financiero,Familias,5,Irrecuperable,9,21998.0,2444.2,16.36,19.28,9
202604,50026,CRECER SGR,No Financiero,Total,1,Situacion normal,16,44112.0,2757.0,17.20,6.86,16
202604,50026,CRECER SGR,No Financiero,Total,2,Con seguimiento especial / riesgo bajo,14,133503.0,9535.9,15.05,20.75,14
202604,50026,CRECER SGR,No Financiero,Total,3,Con problemas / riesgo medio,26,185915.0,7150.6,27.96,28.90,26
202604,50026,CRECER SGR,No Financiero,Total,4,Con alto riesgo de insolvencia / riesgo alto,25,148726.0,5949.0,26.88,23.12,25
202604,50026,CRECER SGR,No Financiero,Total,5,Irrecuperable,12,131141.0,10928.4,12.90,20.38,12
202604,50032,RESILIENCIA SGR,No Financiero,Empresas,1,Situacion normal,5,9654.0,1930.8,17.24,2.81,5
202604,50032,RESILIENCIA SGR,No Financiero,Empresas,2,Con seguimiento especial / riesgo bajo,5,32246.0,6449.2,17.24,9.37,5
202604,50032,RESILIENCIA SGR,No Financiero,Empresas,3,Con problemas / riesgo medio,8,58518.0,7314.8,27.59,17.01,8
202604,50032,RESILIENCIA SGR,No Financiero,Empresas,4,Con alto riesgo de insolvencia / riesgo alto,7,121714.0,17387.7,24.14,35.38,7
202604,50032,RESILIENCIA SGR,No Financiero,Empresas,5,Irrecuperable,4,121883.0,30470.8,13.79,35.43,4
202604,50032,RESILIENCIA SGR,No Financiero,Familias,1,Situacion normal,3,2415.0,805.0,23.08,4.26,3
202604,50032,RESILIENCIA SGR,No Financiero,Familias,2,Con seguimiento especial / riesgo bajo,1,571.0,571.0,7.69,1.01,1
202604,50032,RESILIENCIA SGR,No Financiero,Familias,3,Con problemas / riesgo medio,5,12890.0,2578.0,38.46,22.73,5
202604,50032,RESILIENCIA SGR,No Financiero,Familias,4,Con alto riesgo de insolvencia / riesgo alto,3,40629.0,13543.0,23.08,71.65,3
202604,50032,RESILIENCIA SGR,No Financiero,Familias,5,Irrecuperable,1,198.0,198.0,7.69,0.35,1
202604,50032,RESILIENCIA SGR,No Financiero,Total,1,Situacion normal,8,12069.0,1508.6,19.05,3.01,8
202604,50032,RESILIENCIA SGR,No Financiero,Total,2,Con seguimiento especial / riesgo bajo,6,32817.0,5469.5,14.29,8.19,6
202604,50032,RESILIENCIA SGR,No Financiero,Total,3,Con problemas / riesgo medio,13,71408.0,5492.9,30.95,17.82,13
202604,50032,RESILIENCIA SGR,No Financiero,Total,4,Con alto riesgo de insolvencia / riesgo alto,10,162343.0,16234.3,23.81,40.51,10
202604,50032,RESILIENCIA SGR,No Financiero,Total,5,Irrecuperable,5,122081.0,24416.2,11.90,30.47,5
202604,50033,Crédito Argentino S.G.R.,No Financiero,Empresas,1,Situacion normal,1,11596.0,11596.0,12.50,5.79,1
202604,50033,Crédito Argentino S.G.R.,No Financiero,Empresas,3,Con problemas / riesgo medio,6,186236.0,31039.3,75.00,92.93,6
202604,50033,Crédito Argentino S.G.R.,No Financiero,Empresas,4,Con alto riesgo de insolvencia / riesgo alto,1,2579.0,2579.0,12.50,1.29,1
202604,50033,Crédito Argentino S.G.R.,No Financiero,Familias,2,Con seguimiento especial / riesgo bajo,1,25573.0,25573.0,50.00,47.89,1
202604,50033,Crédito Argentino S.G.R.,No Financiero,Familias,3,Con problemas / riesgo medio,1,27832.0,27832.0,50.00,52.11,1
202604,50033,Crédito Argentino S.G.R.,No Financiero,Total,1,Situacion normal,1,11596.0,11596.0,10.00,4.57,1
202604,50033,Crédito Argentino S.G.R.,No Financiero,Total,2,Con seguimiento especial / riesgo bajo,1,25573.0,25573.0,10.00,10.08,1
202604,50033,Crédito Argentino S.G.R.,No Financiero,Total,3,Con problemas / riesgo medio,7,214068.0,30581.1,70.00,84.34,7
202604,50033,Crédito Argentino S.G.R.,No Financiero,Total,4,Con alto riesgo de insolvencia / riesgo alto,1,2579.0,2579.0,10.00,1.02,1
202604,50034,Rig Avales S.G.R,No Financiero,Empresas,1,Situacion normal,8,55739.0,6967.4,66.67,59.26,8
202604,50034,Rig Avales S.G.R,No Financiero,Empresas,2,Con seguimiento especial / riesgo bajo,1,5145.0,5145.0,8.33,5.47,1
202604,50034,Rig Avales S.G.R,No Financiero,Empresas,3,Con problemas / riesgo medio,1,17947.0,17947.0,8.33,19.08,1
202604,50034,Rig Avales S.G.R,No Financiero,Empresas,4,Con alto riesgo de insolvencia / riesgo alto,2,15227.0,7613.5,16.67,16.19,2
202604,50034,Rig Avales S.G.R,No Financiero,Familias,3,Con problemas / riesgo medio,1,5503.0,5503.0,50.00,28.38,1
202604,50034,Rig Avales S.G.R,No Financiero,Familias,4,Con alto riesgo de insolvencia / riesgo alto,1,13886.0,13886.0,50.00,71.62,1
202604,50034,Rig Avales S.G.R,No Financiero,Total,1,Situacion normal,8,55739.0,6967.4,57.14,49.13,8
202604,50034,Rig Avales S.G.R,No Financiero,Total,2,Con seguimiento especial / riesgo bajo,1,5145.0,5145.0,7.14,4.54,1
202604,50034,Rig Avales S.G.R,No Financiero,Total,3,Con problemas / riesgo medio,2,23450.0,11725.0,14.29,20.67,2
202604,50034,Rig Avales S.G.R,No Financiero,Total,4,Con alto riesgo de insolvencia / riesgo alto,3,29113.0,9704.3,21.43,25.66,3
202604,50035,Conaval S.G.R.,No Financiero,Empresas,1,Situacion normal,1,5182.0,5182.0,20.00,1.34,1
202604,50035,Conaval S.G.R.,No Financiero,Empresas,2,Con seguimiento especial / riesgo bajo,1,11436.0,11436.0,20.00,2.95,1
202604,50035,Conaval S.G.R.,No Financiero,Empresas,3,Con problemas / riesgo medio,1,8606.0,8606.0,20.00,2.22,1
202604,50035,Conaval S.G.R.,No Financiero,Empresas,4,Con alto riesgo de insolvencia / riesgo alto,2,361892.0,180946.0,40.00,93.48,2
202604,50035,Conaval S.G.R.,No Financiero,Familias,2,Con seguimiento especial / riesgo bajo,1,89998.0,89998.0,25.00,32.91,1
202604,50035,Conaval S.G.R.,No Financiero,Familias,3,Con problemas / riesgo medio,1,57445.0,57445.0,25.00,21.00,1
202604,50035,Conaval S.G.R.,No Financiero,Familias,4,Con alto riesgo de insolvencia / riesgo alto,2,126054.0,63027.0,50.00,46.09,2
202604,50035,Conaval S.G.R.,No Financiero,Total,1,Situacion normal,1,5182.0,5182.0,11.11,0.78,1
202604,50035,Conaval S.G.R.,No Financiero,Total,2,Con seguimiento especial / riesgo bajo,2,101434.0,50717.0,22.22,15.35,2
202604,50035,Conaval S.G.R.,No Financiero,Total,3,Con problemas / riesgo medio,2,66051.0,33025.5,22.22,10.00,2
202604,50035,Conaval S.G.R.,No Financiero,Total,4,Con alto riesgo de insolvencia / riesgo alto,4,487946.0,121986.5,44.44,73.86,4
202604,50037,FIDEM SGR,No Financiero,Empresas,1,Situacion normal,3,6286.0,2095.3,15.00,1.73,3
202604,50037,FIDEM SGR,No Financiero,Empresas,2,Con seguimiento especial / riesgo bajo,5,46771.0,9354.2,25.00,12.90,5
202604,50037,FIDEM SGR,No Financiero,Empresas,3,Con problemas / riesgo medio,7,181596.0,25942.3,35.00,50.10,7
202604,50037,FIDEM SGR,No Financiero,Empresas,4,Con alto riesgo de insolvencia / riesgo alto,4,125334.0,31333.5,20.00,34.58,4
202604,50037,FIDEM SGR,No Financiero,Empresas,5,Irrecuperable,1,2475.0,2475.0,5.00,0.68,1
202604,50037,FIDEM SGR,No Financiero,Familias,4,Con alto riesgo de insolvencia / riesgo alto,1,14073.0,14073.0,50.00,92.70,1
202604,50037,FIDEM SGR,No Financiero,Familias,5,Irrecuperable,1,1108.0,1108.0,50.00,7.30,1
202604,50037,FIDEM SGR,No Financiero,Total,1,Situacion normal,3,6286.0,2095.3,13.64,1.66,3
202604,50037,FIDEM SGR,No Financiero,Total,2,Con seguimiento especial / riesgo bajo,5,46771.0,9354.2,22.73,12.38,5
202604,50037,FIDEM SGR,No Financiero,Total,3,Con problemas / riesgo medio,7,181596.0,25942.3,31.82,48.09,7
202604,50037,FIDEM SGR,No Financiero,Total,4,Con alto riesgo de insolvencia / riesgo alto,5,139407.0,27881.4,22.73,36.92,5
202604,50037,FIDEM SGR,No Financiero,Total,5,Irrecuperable,2,3583.0,1791.5,9.09,0.95,2
202604,50038,INNOVA SGR,No Financiero,Empresas,1,Situacion normal,3,6286.0,2095.3,13.04,1.28,3
202604,50038,INNOVA SGR,No Financiero,Empresas,2,Con seguimiento especial / riesgo bajo,4,50680.0,12670.0,17.39,10.33,4
202604,50038,INNOVA SGR,No Financiero,Empresas,3,Con problemas / riesgo medio,9,199764.0,22196.0,39.13,40.70,9
202604,50038,INNOVA SGR,No Financiero,Empresas,4,Con alto riesgo de insolvencia / riesgo alto,5,221238.0,44247.6,21.74,45.08,5
202604,50038,INNOVA SGR,No Financiero,Empresas,5,Irrecuperable,2,12826.0,6413.0,8.70,2.61,2
202604,50038,INNOVA SGR,No Financiero,Familias,3,Con problemas / riesgo medio,1,19052.0,19052.0,25.00,46.83,1
202604,50038,INNOVA SGR,No Financiero,Familias,4,Con alto riesgo de insolvencia / riesgo alto,2,20525.0,10262.5,50.00,50.45,2
202604,50038,INNOVA SGR,No Financiero,Familias,5,Irrecuperable,1,1104.0,1104.0,25.00,2.71,1
202604,50038,INNOVA SGR,No Financiero,Total,1,Situacion normal,3,6286.0,2095.3,11.11,1.18,3
202604,50038,INNOVA SGR,No Financiero,Total,2,Con seguimiento especial / riesgo bajo,4,50680.0,12670.0,14.81,9.54,4
202604,50038,INNOVA SGR,No Financiero,Total,3,Con problemas / riesgo medio,10,218816.0,21881.6,37.04,41.17,10
202604,50038,INNOVA SGR,No Financiero,Total,4,Con alto riesgo de insolvencia / riesgo alto,7,241763.0,34537.6,25.93,45.49,7
202604,50038,INNOVA SGR,No Financiero,Total,5,Irrecuperable,3,13930.0,4643.3,11.11,2.62,3
202604,50039,FINTECH SGR,No Financiero,Empresas,1,Situacion normal,10,59493.0,5949.3,5.32,0.63,10
202604,50039,FINTECH SGR,No Financiero,Empresas,2,Con seguimiento especial / riesgo bajo,30,710824.0,23694.1,15.96,7.53,30
202604,50039,FINTECH SGR,No Financiero,Empresas,3,Con problemas / riesgo medio,70,4030977.0,57585.4,37.23,42.70,70
202604,50039,FINTECH SGR,No Financiero,Empresas,4,Con alto riesgo de insolvencia / riesgo alto,48,3659066.0,76230.5,25.53,38.76,48
202604,50039,FINTECH SGR,No Financiero,Empresas,5,Irrecuperable,30,978920.0,32630.7,15.96,10.37,30
202604,50039,FINTECH SGR,No Financiero,Familias,1,Situacion normal,1,1109.0,1109.0,0.78,0.05,1
202604,50039,FINTECH SGR,No Financiero,Familias,2,Con seguimiento especial / riesgo bajo,28,398989.0,14249.6,21.71,16.75,28
202604,50039,FINTECH SGR,No Financiero,Familias,3,Con problemas / riesgo medio,47,473449.0,10073.4,36.43,19.88,47
202604,50039,FINTECH SGR,No Financiero,Familias,4,Con alto riesgo de insolvencia / riesgo alto,22,1038412.0,47200.5,17.05,43.60,22
202604,50039,FINTECH SGR,No Financiero,Familias,5,Irrecuperable,31,469540.0,15146.5,24.03,19.72,31
202604,50039,FINTECH SGR,No Financiero,Total,1,Situacion normal,11,60602.0,5509.3,3.47,0.51,11
202604,50039,FINTECH SGR,No Financiero,Total,2,Con seguimiento especial / riesgo bajo,58,1109813.0,19134.7,18.30,9.39,58
202604,50039,FINTECH SGR,No Financiero,Total,3,Con problemas / riesgo medio,117,4504426.0,38499.4,36.91,38.11,117
202604,50039,FINTECH SGR,No Financiero,Total,4,Con alto riesgo de insolvencia / riesgo alto,70,4697478.0,67106.8,22.08,39.74,70
202604,50039,FINTECH SGR,No Financiero,Total,5,Irrecuperable,61,1448460.0,23745.2,19.24,12.25,61
202604,50040,MILLS SGR,No Financiero,Empresas,1,Situacion normal,7,44360.0,6337.1,15.91,2.25,7
202604,50040,MILLS SGR,No Financiero,Empresas,2,Con seguimiento especial / riesgo bajo,6,209482.0,34913.7,13.64,10.62,6
202604,50040,MILLS SGR,No Financiero,Empresas,3,Con problemas / riesgo medio,11,733583.0,66689.4,25.00,37.20,11
202604,50040,MILLS SGR,No Financiero,Empresas,4,Con alto riesgo de insolvencia / riesgo alto,18,959885.0,53326.9,40.91,48.68,18
202604,50040,MILLS SGR,No Financiero,Empresas,5,Irrecuperable,2,24510.0,12255.0,4.55,1.24,2
202604,50040,MILLS SGR,No Financiero,Familias,2,Con seguimiento especial / riesgo bajo,1,2067.0,2067.0,100.00,100.00,1
202604,50040,MILLS SGR,No Financiero,Total,1,Situacion normal,7,44360.0,6337.1,15.56,2.25,7
202604,50040,MILLS SGR,No Financiero,Total,2,Con seguimiento especial / riesgo bajo,7,211549.0,30221.3,15.56,10.72,7
202604,50040,MILLS SGR,No Financiero,Total,3,Con problemas / riesgo medio,11,733583.0,66689.4,24.44,37.16,11
202604,50040,MILLS SGR,No Financiero,Total,4,Con alto riesgo de insolvencia / riesgo alto,18,959885.0,53326.9,40.00,48.63,18
202604,50040,MILLS SGR,No Financiero,Total,5,Irrecuperable,2,24510.0,12255.0,4.44,1.24,2
202604,50041,ALIANZA S.G.R.,No Financiero,Empresas,1,Situacion normal,4,79699.0,19924.8,4.71,2.99,4
202604,50041,ALIANZA S.G.R.,No Financiero,Empresas,2,Con seguimiento especial / riesgo bajo,21,356841.0,16992.4,24.71,13.38,21
202604,50041,ALIANZA S.G.R.,No Financiero,Empresas,3,Con problemas / riesgo medio,30,695853.0,23195.1,35.29,26.09,30
202604,50041,ALIANZA S.G.R.,No Financiero,Empresas,4,Con alto riesgo de insolvencia / riesgo alto,16,1231339.0,76958.7,18.82,46.16,16
202604,50041,ALIANZA S.G.R.,No Financiero,Empresas,5,Irrecuperable,14,303528.0,21680.6,16.47,11.38,14
202604,50041,ALIANZA S.G.R.,No Financiero,Familias,1,Situacion normal,1,116.0,116.0,3.33,0.03,1
202604,50041,ALIANZA S.G.R.,No Financiero,Familias,2,Con seguimiento especial / riesgo bajo,11,70038.0,6367.1,36.67,16.38,11
202604,50041,ALIANZA S.G.R.,No Financiero,Familias,3,Con problemas / riesgo medio,4,43501.0,10875.2,13.33,10.17,4
202604,50041,ALIANZA S.G.R.,No Financiero,Familias,4,Con alto riesgo de insolvencia / riesgo alto,8,126107.0,15763.4,26.67,29.49,8
202604,50041,ALIANZA S.G.R.,No Financiero,Familias,5,Irrecuperable,6,187797.0,31299.5,20.00,43.92,6
202604,50041,ALIANZA S.G.R.,No Financiero,Total,1,Situacion normal,5,79815.0,15963.0,4.35,2.58,5
202604,50041,ALIANZA S.G.R.,No Financiero,Total,2,Con seguimiento especial / riesgo bajo,32,426879.0,13340.0,27.83,13.79,32
202604,50041,ALIANZA S.G.R.,No Financiero,Total,3,Con problemas / riesgo medio,34,739354.0,21745.7,29.57,23.89,34
202604,50041,ALIANZA S.G.R.,No Financiero,Total,4,Con alto riesgo de insolvencia / riesgo alto,24,1357446.0,56560.2,20.87,43.86,24
202604,50041,ALIANZA S.G.R.,No Financiero,Total,5,Irrecuperable,20,491325.0,24566.2,17.39,15.88,20
202604,50042,SOLIDUM S.G.R.,No Financiero,Empresas,1,Situacion normal,1,2394.0,2394.0,50.00,28.41,1
202604,50042,SOLIDUM S.G.R.,No Financiero,Empresas,2,Con seguimiento especial / riesgo bajo,1,6033.0,6033.0,50.00,71.59,1
202604,50042,SOLIDUM S.G.R.,No Financiero,Familias,3,Con problemas / riesgo medio,1,8639.0,8639.0,100.00,100.00,1
202604,50042,SOLIDUM S.G.R.,No Financiero,Total,1,Situacion normal,1,2394.0,2394.0,33.33,14.03,1
202604,50042,SOLIDUM S.G.R.,No Financiero,Total,2,Con seguimiento especial / riesgo bajo,1,6033.0,6033.0,33.33,35.35,1
202604,50042,SOLIDUM S.G.R.,No Financiero,Total,3,Con problemas / riesgo medio,1,8639.0,8639.0,33.33,50.62,1
202604,50043,Neuquèn Pymes SGR,No Financiero,Empresas,1,Situacion normal,5,3396.0,679.2,35.71,4.44,5
202604,50043,Neuquèn Pymes SGR,No Financiero,Empresas,2,Con seguimiento especial / riesgo bajo,7,46266.0,6609.4,50.00,60.51,7
202604,50043,Neuquèn Pymes SGR,No Financiero,Empresas,3,Con problemas / riesgo medio,1,21101.0,21101.0,7.14,27.60,1
202604,50043,Neuquèn Pymes SGR,No Financiero,Empresas,5,Irrecuperable,1,5699.0,5699.0,7.14,7.45,1
202604,50043,Neuquèn Pymes SGR,No Financiero,Familias,1,Situacion normal,2,494.0,247.0,28.57,1.52,2
202604,50043,Neuquèn Pymes SGR,No Financiero,Familias,2,Con seguimiento especial / riesgo bajo,4,28996.0,7249.0,57.14,89.39,4
202604,50043,Neuquèn Pymes SGR,No Financiero,Familias,4,Con alto riesgo de insolvencia / riesgo alto,1,2946.0,2946.0,14.29,9.08,1
202604,50043,Neuquèn Pymes SGR,No Financiero,Total,1,Situacion normal,7,3890.0,555.7,33.33,3.57,7
202604,50043,Neuquèn Pymes SGR,No Financiero,Total,2,Con seguimiento especial / riesgo bajo,11,75262.0,6842.0,52.38,69.11,11
202604,50043,Neuquèn Pymes SGR,No Financiero,Total,3,Con problemas / riesgo medio,1,21101.0,21101.0,4.76,19.38,1
202604,50043,Neuquèn Pymes SGR,No Financiero,Total,4,Con alto riesgo de insolvencia / riesgo alto,1,2946.0,2946.0,4.76,2.71,1
202604,50043,Neuquèn Pymes SGR,No Financiero,Total,5,Irrecuperable,1,5699.0,5699.0,4.76,5.23,1
202604,50044,Trend SGR,No Financiero,Empresas,2,Con seguimiento especial / riesgo bajo,3,33658.0,11219.3,37.50,14.40,3
202604,50044,Trend SGR,No Financiero,Empresas,3,Con problemas / riesgo medio,3,186483.0,62161.0,37.50,79.76,3
202604,50044,Trend SGR,No Financiero,Empresas,5,Irrecuperable,2,13667.0,6833.5,25.00,5.85,2
202604,50044,Trend SGR,No Financiero,Total,2,Con seguimiento especial / riesgo bajo,3,33658.0,11219.3,37.50,14.40,3
202604,50044,Trend SGR,No Financiero,Total,3,Con problemas / riesgo medio,3,186483.0,62161.0,37.50,79.76,3
202604,50044,Trend SGR,No Financiero,Total,5,Irrecuperable,2,13667.0,6833.5,25.00,5.85,2
202604,50046,Argentina Ciudad S.G.R.,No Financiero,Empresas,1,Situacion normal,5,14027.0,2805.4,22.73,3.25,5
202604,50046,Argentina Ciudad S.G.R.,No Financiero,Empresas,2,Con seguimiento especial / riesgo bajo,5,118398.0,23679.6,22.73,27.39,5
202604,50046,Argentina Ciudad S.G.R.,No Financiero,Empresas,3,Con problemas / riesgo medio,5,97593.0,19518.6,22.73,22.58,5
202604,50046,Argentina Ciudad S.G.R.,No Financiero,Empresas,4,Con alto riesgo de insolvencia / riesgo alto,7,202176.0,28882.3,31.82,46.78,7
202604,50046,Argentina Ciudad S.G.R.,No Financiero,Familias,1,Situacion normal,4,1249.0,312.2,17.39,2.51,4
202604,50046,Argentina Ciudad S.G.R.,No Financiero,Familias,2,Con seguimiento especial / riesgo bajo,4,3647.0,911.8,17.39,7.32,4
202604,50046,Argentina Ciudad S.G.R.,No Financiero,Familias,3,Con problemas / riesgo medio,4,10605.0,2651.2,17.39,21.28,4
202604,50046,Argentina Ciudad S.G.R.,No Financiero,Familias,4,Con alto riesgo de insolvencia / riesgo alto,8,22961.0,2870.1,34.78,46.07,8
202604,50046,Argentina Ciudad S.G.R.,No Financiero,Familias,5,Irrecuperable,3,11381.0,3793.7,13.04,22.83,3
202604,50046,Argentina Ciudad S.G.R.,No Financiero,Total,1,Situacion normal,9,15276.0,1697.3,20.00,3.17,9
202604,50046,Argentina Ciudad S.G.R.,No Financiero,Total,2,Con seguimiento especial / riesgo bajo,9,122045.0,13560.6,20.00,25.32,9
202604,50046,Argentina Ciudad S.G.R.,No Financiero,Total,3,Con problemas / riesgo medio,9,108198.0,12022.0,20.00,22.45,9
202604,50046,Argentina Ciudad S.G.R.,No Financiero,Total,4,Con alto riesgo de insolvencia / riesgo alto,15,225137.0,15009.1,33.33,46.71,15
202604,50046,Argentina Ciudad S.G.R.,No Financiero,Total,5,Irrecuperable,3,11381.0,3793.7,6.67,2.36,3
202604,50047,Patagonia S.G.R.,No Financiero,Empresas,1,Situacion normal,3,9045.0,3015.0,27.27,6.60,3
202604,50047,Patagonia S.G.R.,No Financiero,Empresas,2,Con seguimiento especial / riesgo bajo,1,6322.0,6322.0,9.09,4.61,1
202604,50047,Patagonia S.G.R.,No Financiero,Empresas,3,Con problemas / riesgo medio,4,36231.0,9057.8,36.36,26.42,4
202604,50047,Patagonia S.G.R.,No Financiero,Empresas,4,Con alto riesgo de insolvencia / riesgo alto,3,85548.0,28516.0,27.27,62.38,3
202604,50047,Patagonia S.G.R.,No Financiero,Familias,1,Situacion normal,1,304.0,304.0,50.00,1.59,1
202604,50047,Patagonia S.G.R.,No Financiero,Familias,4,Con alto riesgo de insolvencia / riesgo alto,1,18854.0,18854.0,50.00,98.41,1
202604,50047,Patagonia S.G.R.,No Financiero,Total,1,Situacion normal,4,9349.0,2337.2,30.77,5.98,4
202604,50047,Patagonia S.G.R.,No Financiero,Total,2,Con seguimiento especial / riesgo bajo,1,6322.0,6322.0,7.69,4.04,1
202604,50047,Patagonia S.G.R.,No Financiero,Total,3,Con problemas / riesgo medio,4,36231.0,9057.8,30.77,23.18,4
202604,50047,Patagonia S.G.R.,No Financiero,Total,4,Con alto riesgo de insolvencia / riesgo alto,4,104402.0,26100.5,30.77,66.79,4
202604,50048,Zofinger S.G.R.,No Financiero,Empresas,2,Con seguimiento especial / riesgo bajo,2,171779.0,85889.5,100.00,100.00,2
202604,50048,Zofinger S.G.R.,No Financiero,Total,2,Con seguimiento especial / riesgo bajo,2,171779.0,85889.5,100.00,100.00,2
202604,51001,FONDO DE GARANTÍAS BUENOS AIRES SAPEM (FOGABA SAPEM),No Financiero,Empresas,1,Situacion normal,56,1844499.0,32937.5,9.57,12.09,56
202604,51001,FONDO DE GARANTÍAS BUENOS AIRES SAPEM (FOGABA SAPEM),No Financiero,Empresas,2,Con seguimiento especial / riesgo bajo,48,1545214.0,32192.0,8.21,10.13,48
202604,51001,FONDO DE GARANTÍAS BUENOS AIRES SAPEM (FOGABA SAPEM),No Financiero,Empresas,3,Con problemas / riesgo medio,38,1834657.0,48280.4,6.50,12.03,38
202604,51001,FONDO DE GARANTÍAS BUENOS AIRES SAPEM (FOGABA SAPEM),No Financiero,Empresas,4,Con alto riesgo de insolvencia / riesgo alto,58,2589442.0,44645.6,9.91,16.97,58
202604,51001,FONDO DE GARANTÍAS BUENOS AIRES SAPEM (FOGABA SAPEM),No Financiero,Empresas,5,Irrecuperable,385,7441013.0,19327.3,65.81,48.78,385
202604,51001,FONDO DE GARANTÍAS BUENOS AIRES SAPEM (FOGABA SAPEM),No Financiero,Familias,1,Situacion normal,446,4094035.0,9179.5,16.80,19.14,446
202604,51001,FONDO DE GARANTÍAS BUENOS AIRES SAPEM (FOGABA SAPEM),No Financiero,Familias,2,Con seguimiento especial / riesgo bajo,362,3646612.0,10073.5,13.63,17.04,362
202604,51001,FONDO DE GARANTÍAS BUENOS AIRES SAPEM (FOGABA SAPEM),No Financiero,Familias,3,Con problemas / riesgo medio,690,5597825.0,8112.8,25.99,26.17,690
202604,51001,FONDO DE GARANTÍAS BUENOS AIRES SAPEM (FOGABA SAPEM),No Financiero,Familias,4,Con alto riesgo de insolvencia / riesgo alto,416,5007354.0,12036.9,15.67,23.41,416
202604,51001,FONDO DE GARANTÍAS BUENOS AIRES SAPEM (FOGABA SAPEM),No Financiero,Familias,5,Irrecuperable,741,3048219.0,4113.7,27.91,14.25,741
202604,51001,FONDO DE GARANTÍAS BUENOS AIRES SAPEM (FOGABA SAPEM),No Financiero,Total,1,Situacion normal,502,5938534.0,11829.7,15.49,16.20,502
202604,51001,FONDO DE GARANTÍAS BUENOS AIRES SAPEM (FOGABA SAPEM),No Financiero,Total,2,Con seguimiento especial / riesgo bajo,410,5191826.0,12663.0,12.65,14.17,410
202604,51001,FONDO DE GARANTÍAS BUENOS AIRES SAPEM (FOGABA SAPEM),No Financiero,Total,3,Con problemas / riesgo medio,728,7432482.0,10209.5,22.47,20.28,728
202604,51001,FONDO DE GARANTÍAS BUENOS AIRES SAPEM (FOGABA SAPEM),No Financiero,Total,4,Con alto riesgo de insolvencia / riesgo alto,474,7596796.0,16027.0,14.63,20.73,474
202604,51001,FONDO DE GARANTÍAS BUENOS AIRES SAPEM (FOGABA SAPEM),No Financiero,Total,5,Irrecuperable,1126,10489232.0,9315.5,34.75,28.62,1126
202604,51002,FONDO DE GARANTÍAS DEL CHACO (FOGACH),No Financiero,Empresas,1,Situacion normal,2,7776.0,3888.0,50.00,94.60,2
202604,51002,FONDO DE GARANTÍAS DEL CHACO (FOGACH),No Financiero,Empresas,2,Con seguimiento especial / riesgo bajo,1,225.0,225.0,25.00,2.74,1
202604,51002,FONDO DE GARANTÍAS DEL CHACO (FOGACH),No Financiero,Empresas,5,Irrecuperable,1,219.0,219.0,25.00,2.66,1
202604,51002,FONDO DE GARANTÍAS DEL CHACO (FOGACH),No Financiero,Familias,2,Con seguimiento especial / riesgo bajo,2,4857.0,2428.5,20.00,10.98,2
202604,51002,FONDO DE GARANTÍAS DEL CHACO (FOGACH),No Financiero,Familias,3,Con problemas / riesgo medio,2,4049.0,2024.5,20.00,9.15,2
202604,51002,FONDO DE GARANTÍAS DEL CHACO (FOGACH),No Financiero,Familias,4,Con alto riesgo de insolvencia / riesgo alto,1,3404.0,3404.0,10.00,7.70,1
202604,51002,FONDO DE GARANTÍAS DEL CHACO (FOGACH),No Financiero,Familias,5,Irrecuperable,5,31920.0,6384.0,50.00,72.17,5
202604,51002,FONDO DE GARANTÍAS DEL CHACO (FOGACH),No Financiero,Total,1,Situacion normal,2,7776.0,3888.0,14.29,14.83,2
202604,51002,FONDO DE GARANTÍAS DEL CHACO (FOGACH),No Financiero,Total,2,Con seguimiento especial / riesgo bajo,3,5082.0,1694.0,21.43,9.69,3
202604,51002,FONDO DE GARANTÍAS DEL CHACO (FOGACH),No Financiero,Total,3,Con problemas / riesgo medio,2,4049.0,2024.5,14.29,7.72,2
202604,51002,FONDO DE GARANTÍAS DEL CHACO (FOGACH),No Financiero,Total,4,Con alto riesgo de insolvencia / riesgo alto,1,3404.0,3404.0,7.14,6.49,1
202604,51002,FONDO DE GARANTÍAS DEL CHACO (FOGACH),No Financiero,Total,5,Irrecuperable,6,32139.0,5356.5,42.86,61.28,6
202604,51003,FONDO DE GARANTÍAS ARGENTINO,No Financiero,Empresas,3,Con problemas / riesgo medio,1,563.0,563.0,0.36,0.10,1
202604,51003,FONDO DE GARANTÍAS ARGENTINO,No Financiero,Empresas,4,Con alto riesgo de insolvencia / riesgo alto,7,56849.0,8121.3,2.53,10.56,7
202604,51003,FONDO DE GARANTÍAS ARGENTINO,No Financiero,Empresas,5,Irrecuperable,269,480798.0,1787.4,97.11,89.33,269
202604,51003,FONDO DE GARANTÍAS ARGENTINO,No Financiero,Familias,2,Con seguimiento especial / riesgo bajo,3,1211.0,403.7,0.01,0.01,3
202604,51003,FONDO DE GARANTÍAS ARGENTINO,No Financiero,Familias,3,Con problemas / riesgo medio,534,236322.0,442.6,0.96,1.89,534
202604,51003,FONDO DE GARANTÍAS ARGENTINO,No Financiero,Familias,4,Con alto riesgo de insolvencia / riesgo alto,3357,1653397.0,492.5,6.01,13.19,3357
202604,51003,FONDO DE GARANTÍAS ARGENTINO,No Financiero,Familias,5,Irrecuperable,51917,10643334.0,205.0,93.02,84.91,51917
202604,51003,FONDO DE GARANTÍAS ARGENTINO,No Financiero,Total,2,Con seguimiento especial / riesgo bajo,3,1211.0,403.7,0.01,0.01,3
202604,51003,FONDO DE GARANTÍAS ARGENTINO,No Financiero,Total,3,Con problemas / riesgo medio,535,236885.0,442.8,0.95,1.81,535
202604,51003,FONDO DE GARANTÍAS ARGENTINO,No Financiero,Total,4,Con alto riesgo de insolvencia / riesgo alto,3364,1710246.0,508.4,6.00,13.08,3364
202604,51003,FONDO DE GARANTÍAS ARGENTINO,No Financiero,Total,5,Irrecuperable,52186,11124132.0,213.2,93.04,85.10,52186
202604,51004,Fondo de Garantía Público La Rioja Sociedad Anónima Unipersonal,No Financiero,Empresas,1,Situacion normal,2,2518.0,1259.0,18.18,2.75,2
202604,51004,Fondo de Garantía Público La Rioja Sociedad Anónima Unipersonal,No Financiero,Empresas,2,Con seguimiento especial / riesgo bajo,5,32359.0,6471.8,45.45,35.37,5
202604,51004,Fondo de Garantía Público La Rioja Sociedad Anónima Unipersonal,No Financiero,Empresas,3,Con problemas / riesgo medio,2,19424.0,9712.0,18.18,21.23,2
202604,51004,Fondo de Garantía Público La Rioja Sociedad Anónima Unipersonal,No Financiero,Empresas,4,Con alto riesgo de insolvencia / riesgo alto,1,32548.0,32548.0,9.09,35.57,1
202604,51004,Fondo de Garantía Público La Rioja Sociedad Anónima Unipersonal,No Financiero,Empresas,5,Irrecuperable,1,4645.0,4645.0,9.09,5.08,1
202604,51004,Fondo de Garantía Público La Rioja Sociedad Anónima Unipersonal,No Financiero,Familias,1,Situacion normal,15,37164.0,2477.6,8.02,2.96,15
202604,51004,Fondo de Garantía Público La Rioja Sociedad Anónima Unipersonal,No Financiero,Familias,2,Con seguimiento especial / riesgo bajo,37,154716.0,4181.5,19.79,12.32,37
202604,51004,Fondo de Garantía Público La Rioja Sociedad Anónima Unipersonal,No Financiero,Familias,3,Con problemas / riesgo medio,30,194400.0,6480.0,16.04,15.48,30
202604,51004,Fondo de Garantía Público La Rioja Sociedad Anónima Unipersonal,No Financiero,Familias,4,Con alto riesgo de insolvencia / riesgo alto,39,227260.0,5827.2,20.86,18.10,39
202604,51004,Fondo de Garantía Público La Rioja Sociedad Anónima Unipersonal,No Financiero,Familias,5,Irrecuperable,66,642108.0,9728.9,35.29,51.14,66
202604,51004,Fondo de Garantía Público La Rioja Sociedad Anónima Unipersonal,No Financiero,Total,1,Situacion normal,17,39682.0,2334.2,8.59,2.95,17
202604,51004,Fondo de Garantía Público La Rioja Sociedad Anónima Unipersonal,No Financiero,Total,2,Con seguimiento especial / riesgo bajo,42,187075.0,4454.2,21.21,13.89,42
202604,51004,Fondo de Garantía Público La Rioja Sociedad Anónima Unipersonal,No Financiero,Total,3,Con problemas / riesgo medio,32,213824.0,6682.0,16.16,15.87,32
202604,51004,Fondo de Garantía Público La Rioja Sociedad Anónima Unipersonal,No Financiero,Total,4,Con alto riesgo de insolvencia / riesgo alto,40,259808.0,6495.2,20.20,19.29,40
202604,51004,Fondo de Garantía Público La Rioja Sociedad Anónima Unipersonal,No Financiero,Total,5,Irrecuperable,67,646753.0,9653.0,33.84,48.01,67
202604,51007,Fideicomiso de Afectación Específica para Garantizar Pymes No Sujetas,No Financiero,Empresas,3,Con problemas / riesgo medio,1,21783.0,21783.0,100.00,100.00,1
202604,51007,Fideicomiso de Afectación Específica para Garantizar Pymes No Sujetas,No Financiero,Familias,4,Con alto riesgo de insolvencia / riesgo alto,1,17257.0,17257.0,100.00,100.00,1
202604,51007,Fideicomiso de Afectación Específica para Garantizar Pymes No Sujetas,No Financiero,Total,3,Con problemas / riesgo medio,1,21783.0,21783.0,50.00,55.80,1
202604,51007,Fideicomiso de Afectación Específica para Garantizar Pymes No Sujetas,No Financiero,Total,4,Con alto riesgo de insolvencia / riesgo alto,1,17257.0,17257.0,50.00,44.20,1
202604,51009,Fideicomiso de Garantías Pampeanas (FoGaPam),No Financiero,Empresas,1,Situacion normal,1,37427.0,37427.0,16.67,11.93,1
202604,51009,Fideicomiso de Garantías Pampeanas (FoGaPam),No Financiero,Empresas,3,Con problemas / riesgo medio,1,145176.0,145176.0,16.67,46.27,1
202604,51009,Fideicomiso de Garantías Pampeanas (FoGaPam),No Financiero,Empresas,4,Con alto riesgo de insolvencia / riesgo alto,1,26635.0,26635.0,16.67,8.49,1
202604,51009,Fideicomiso de Garantías Pampeanas (FoGaPam),No Financiero,Empresas,5,Irrecuperable,3,104540.0,34846.7,50.00,33.32,3
202604,51009,Fideicomiso de Garantías Pampeanas (FoGaPam),No Financiero,Familias,1,Situacion normal,3,5547.0,1849.0,6.38,1.18,3
202604,51009,Fideicomiso de Garantías Pampeanas (FoGaPam),No Financiero,Familias,2,Con seguimiento especial / riesgo bajo,1,2288.0,2288.0,2.13,0.49,1
202604,51009,Fideicomiso de Garantías Pampeanas (FoGaPam),No Financiero,Familias,3,Con problemas / riesgo medio,8,287379.0,35922.4,17.02,61.17,8
202604,51009,Fideicomiso de Garantías Pampeanas (FoGaPam),No Financiero,Familias,4,Con alto riesgo de insolvencia / riesgo alto,8,76014.0,9501.8,17.02,16.18,8
202604,51009,Fideicomiso de Garantías Pampeanas (FoGaPam),No Financiero,Familias,5,Irrecuperable,27,98587.0,3651.4,57.45,20.98,27
202604,51009,Fideicomiso de Garantías Pampeanas (FoGaPam),No Financiero,Total,1,Situacion normal,4,42974.0,10743.5,7.55,5.48,4
202604,51009,Fideicomiso de Garantías Pampeanas (FoGaPam),No Financiero,Total,2,Con seguimiento especial / riesgo bajo,1,2288.0,2288.0,1.89,0.29,1
202604,51009,Fideicomiso de Garantías Pampeanas (FoGaPam),No Financiero,Total,3,Con problemas / riesgo medio,9,432555.0,48061.7,16.98,55.20,9
202604,51009,Fideicomiso de Garantías Pampeanas (FoGaPam),No Financiero,Total,4,Con alto riesgo de insolvencia / riesgo alto,9,102649.0,11405.4,16.98,13.10,9
202604,51009,Fideicomiso de Garantías Pampeanas (FoGaPam),No Financiero,Total,5,Irrecuperable,30,203127.0,6770.9,56.60,25.92,30
202604,51011,FONDO DE GARANTIA CFI,No Financiero,Empresas,4,Con alto riesgo de insolvencia / riesgo alto,1,457124.0,457124.0,100.00,100.00,1
202604,51011,FONDO DE GARANTIA CFI,No Financiero,Total,4,Con alto riesgo de insolvencia / riesgo alto,1,457124.0,457124.0,100.00,100.00,1
202604,51012,"Fondo específico de riesgo fiduciario de la ""Provincia de Santa Fe""",No Financiero,Empresas,3,Con problemas / riesgo medio,2,3775.0,1887.5,28.57,11.59,2
202604,51012,"Fondo específico de riesgo fiduciario de la ""Provincia de Santa Fe""",No Financiero,Empresas,4,Con alto riesgo de insolvencia / riesgo alto,1,1632.0,1632.0,14.29,5.01,1
202604,51012,"Fondo específico de riesgo fiduciario de la ""Provincia de Santa Fe""",No Financiero,Empresas,5,Irrecuperable,4,27177.0,6794.2,57.14,83.41,4
202604,51012,"Fondo específico de riesgo fiduciario de la ""Provincia de Santa Fe""",No Financiero,Familias,2,Con seguimiento especial / riesgo bajo,2,9912.0,4956.0,40.00,45.73,2
202604,51012,"Fondo específico de riesgo fiduciario de la ""Provincia de Santa Fe""",No Financiero,Familias,3,Con problemas / riesgo medio,1,2309.0,2309.0,20.00,10.65,1
202604,51012,"Fondo específico de riesgo fiduciario de la ""Provincia de Santa Fe""",No Financiero,Familias,5,Irrecuperable,2,9452.0,4726.0,40.00,43.61,2
202604,51012,"Fondo específico de riesgo fiduciario de la ""Provincia de Santa Fe""",No Financiero,Total,2,Con seguimiento especial / riesgo bajo,2,9912.0,4956.0,16.67,18.27,2
202604,51012,"Fondo específico de riesgo fiduciario de la ""Provincia de Santa Fe""",No Financiero,Total,3,Con problemas / riesgo medio,3,6084.0,2028.0,25.00,11.21,3
202604,51012,"Fondo específico de riesgo fiduciario de la ""Provincia de Santa Fe""",No Financiero,Total,4,Con alto riesgo de insolvencia / riesgo alto,1,1632.0,1632.0,8.33,3.01,1
202604,51012,"Fondo específico de riesgo fiduciario de la ""Provincia de Santa Fe""",No Financiero,Total,5,Irrecuperable,6,36629.0,6104.8,50.00,67.51,6
202604,51013,"Fondo de Garantías para el desarrollo de las Micro, Pequeñas y Mediana",No Financiero,Familias,2,Con seguimiento especial / riesgo bajo,1,11779.0,11779.0,100.00,100.00,1
202604,51013,"Fondo de Garantías para el desarrollo de las Micro, Pequeñas y Mediana",No Financiero,Total,2,Con seguimiento especial / riesgo bajo,1,11779.0,11779.0,100.00,100.00,1
202604,51016,Fondo de Garantía Río Negro (FoGaRío),No Financiero,Familias,1,Situacion normal,1,928.0,928.0,100.00,100.00,1
202604,51016,Fondo de Garantía Río Negro (FoGaRío),No Financiero,Total,1,Situacion normal,1,928.0,928.0,100.00,100.00,1
202604,55001,Accicom S.A.,No Financiero,Familias,1,Situacion normal,2113,451396.0,213.6,34.42,28.59,2113
202604,55001,Accicom S.A.,No Financiero,Familias,2,Con seguimiento especial / riesgo bajo,540,193332.0,358.0,8.80,12.24,540
202604,55001,Accicom S.A.,No Financiero,Familias,3,Con problemas / riesgo medio,609,234788.0,385.5,9.92,14.87,609
202604,55001,Accicom S.A.,No Financiero,Familias,4,Con alto riesgo de insolvencia / riesgo alto,984,318407.0,323.6,16.03,20.16,984
202604,55001,Accicom S.A.,No Financiero,Familias,5,Irrecuperable,1892,381112.0,201.4,30.82,24.14,1892
202604,55001,Accicom S.A.,No Financiero,Total,1,Situacion normal,2113,451396.0,213.6,34.42,28.59,2113
202604,55001,Accicom S.A.,No Financiero,Total,2,Con seguimiento especial / riesgo bajo,540,193332.0,358.0,8.80,12.24,540
202604,55001,Accicom S.A.,No Financiero,Total,3,Con problemas / riesgo medio,609,234788.0,385.5,9.92,14.87,609
202604,55001,Accicom S.A.,No Financiero,Total,4,Con alto riesgo de insolvencia / riesgo alto,984,318407.0,323.6,16.03,20.16,984
202604,55001,Accicom S.A.,No Financiero,Total,5,Irrecuperable,1892,381112.0,201.4,30.82,24.14,1892
202604,55002,AMEPORT Mutual del Personal del Estado Nacional Provincial Municipal y,No Financiero,Familias,1,Situacion normal,9566,12817914.0,1339.9,69.20,74.34,9566
202604,55002,AMEPORT Mutual del Personal del Estado Nacional Provincial Municipal y,No Financiero,Familias,2,Con seguimiento especial / riesgo bajo,991,1360922.0,1373.3,7.17,7.89,991
202604,55002,AMEPORT Mutual del Personal del Estado Nacional Provincial Municipal y,No Financiero,Familias,3,Con problemas / riesgo medio,1153,1463402.0,1269.2,8.34,8.49,1153
202604,55002,AMEPORT Mutual del Personal del Estado Nacional Provincial Municipal y,No Financiero,Familias,4,Con alto riesgo de insolvencia / riesgo alto,1111,1130900.0,1017.9,8.04,6.56,1111
202604,55002,AMEPORT Mutual del Personal del Estado Nacional Provincial Municipal y,No Financiero,Familias,5,Irrecuperable,1002,470172.0,469.2,7.25,2.73,1002
202604,55002,AMEPORT Mutual del Personal del Estado Nacional Provincial Municipal y,No Financiero,Total,1,Situacion normal,9566,12817914.0,1339.9,69.20,74.34,9566
202604,55002,AMEPORT Mutual del Personal del Estado Nacional Provincial Municipal y,No Financiero,Total,2,Con seguimiento especial / riesgo bajo,991,1360922.0,1373.3,7.17,7.89,991
202604,55002,AMEPORT Mutual del Personal del Estado Nacional Provincial Municipal y,No Financiero,Total,3,Con problemas / riesgo medio,1153,1463402.0,1269.2,8.34,8.49,1153
202604,55002,AMEPORT Mutual del Personal del Estado Nacional Provincial Municipal y,No Financiero,Total,4,Con alto riesgo de insolvencia / riesgo alto,1111,1130900.0,1017.9,8.04,6.56,1111
202604,55002,AMEPORT Mutual del Personal del Estado Nacional Provincial Municipal y,No Financiero,Total,5,Irrecuperable,1002,470172.0,469.2,7.25,2.73,1002
202604,55003,Asociación Mutual Centro Litoral,No Financiero,Familias,1,Situacion normal,449,638152.0,1421.3,45.45,68.07,449
202604,55003,Asociación Mutual Centro Litoral,No Financiero,Familias,2,Con seguimiento especial / riesgo bajo,30,35982.0,1199.4,3.04,3.84,30
202604,55003,Asociación Mutual Centro Litoral,No Financiero,Familias,3,Con problemas / riesgo medio,42,45067.0,1073.0,4.25,4.81,42
202604,55003,Asociación Mutual Centro Litoral,No Financiero,Familias,4,Con alto riesgo de insolvencia / riesgo alto,231,114765.0,496.8,23.38,12.24,231
202604,55003,Asociación Mutual Centro Litoral,No Financiero,Familias,5,Irrecuperable,236,103499.0,438.6,23.89,11.04,236
202604,55003,Asociación Mutual Centro Litoral,No Financiero,Total,1,Situacion normal,449,638152.0,1421.3,45.45,68.07,449
202604,55003,Asociación Mutual Centro Litoral,No Financiero,Total,2,Con seguimiento especial / riesgo bajo,30,35982.0,1199.4,3.04,3.84,30
202604,55003,Asociación Mutual Centro Litoral,No Financiero,Total,3,Con problemas / riesgo medio,42,45067.0,1073.0,4.25,4.81,42
202604,55003,Asociación Mutual Centro Litoral,No Financiero,Total,4,Con alto riesgo de insolvencia / riesgo alto,231,114765.0,496.8,23.38,12.24,231
202604,55003,Asociación Mutual Centro Litoral,No Financiero,Total,5,Irrecuperable,236,103499.0,438.6,23.89,11.04,236
202604,55004,Asociación Mutual de la Economía Solidaria,No Financiero,Familias,1,Situacion normal,1568,4182596.0,2667.5,65.83,74.66,1568
202604,55004,Asociación Mutual de la Economía Solidaria,No Financiero,Familias,2,Con seguimiento especial / riesgo bajo,81,156720.0,1934.8,3.40,2.80,81
202604,55004,Asociación Mutual de la Economía Solidaria,No Financiero,Familias,3,Con problemas / riesgo medio,110,187883.0,1708.0,4.62,3.35,110
202604,55004,Asociación Mutual de la Economía Solidaria,No Financiero,Familias,4,Con alto riesgo de insolvencia / riesgo alto,200,568600.0,2843.0,8.40,10.15,200
202604,55004,Asociación Mutual de la Economía Solidaria,No Financiero,Familias,5,Irrecuperable,423,506447.0,1197.3,17.76,9.04,423
202604,55004,Asociación Mutual de la Economía Solidaria,No Financiero,Total,1,Situacion normal,1568,4182596.0,2667.5,65.83,74.66,1568
202604,55004,Asociación Mutual de la Economía Solidaria,No Financiero,Total,2,Con seguimiento especial / riesgo bajo,81,156720.0,1934.8,3.40,2.80,81
202604,55004,Asociación Mutual de la Economía Solidaria,No Financiero,Total,3,Con problemas / riesgo medio,110,187883.0,1708.0,4.62,3.35,110
202604,55004,Asociación Mutual de la Economía Solidaria,No Financiero,Total,4,Con alto riesgo de insolvencia / riesgo alto,200,568600.0,2843.0,8.40,10.15,200
202604,55004,Asociación Mutual de la Economía Solidaria,No Financiero,Total,5,Irrecuperable,423,506447.0,1197.3,17.76,9.04,423
202604,55005,Asociación Mutual de las Fuerzas Armadas y Seguridad (AMFAYS),No Financiero,Familias,1,Situacion normal,7567,11287392.0,1491.7,66.91,76.41,7567
202604,55005,Asociación Mutual de las Fuerzas Armadas y Seguridad (AMFAYS),No Financiero,Familias,2,Con seguimiento especial / riesgo bajo,228,294659.0,1292.4,2.02,1.99,228
202604,55005,Asociación Mutual de las Fuerzas Armadas y Seguridad (AMFAYS),No Financiero,Familias,3,Con problemas / riesgo medio,265,393654.0,1485.5,2.34,2.66,265
202604,55005,Asociación Mutual de las Fuerzas Armadas y Seguridad (AMFAYS),No Financiero,Familias,4,Con alto riesgo de insolvencia / riesgo alto,653,1063134.0,1628.1,5.77,7.20,653
202604,55005,Asociación Mutual de las Fuerzas Armadas y Seguridad (AMFAYS),No Financiero,Familias,5,Irrecuperable,2596,1734102.0,668.0,22.96,11.74,2596
202604,55005,Asociación Mutual de las Fuerzas Armadas y Seguridad (AMFAYS),No Financiero,Total,1,Situacion normal,7567,11287392.0,1491.7,66.91,76.41,7567
202604,55005,Asociación Mutual de las Fuerzas Armadas y Seguridad (AMFAYS),No Financiero,Total,2,Con seguimiento especial / riesgo bajo,228,294659.0,1292.4,2.02,1.99,228
202604,55005,Asociación Mutual de las Fuerzas Armadas y Seguridad (AMFAYS),No Financiero,Total,3,Con problemas / riesgo medio,265,393654.0,1485.5,2.34,2.66,265
202604,55005,Asociación Mutual de las Fuerzas Armadas y Seguridad (AMFAYS),No Financiero,Total,4,Con alto riesgo de insolvencia / riesgo alto,653,1063134.0,1628.1,5.77,7.20,653
202604,55005,Asociación Mutual de las Fuerzas Armadas y Seguridad (AMFAYS),No Financiero,Total,5,Irrecuperable,2596,1734102.0,668.0,22.96,11.74,2596
202604,55006,Asociación Mutual del Litoral 17 de Enero,No Financiero,Empresas,1,Situacion normal,1,18000.0,18000.0,100.00,100.00,1
202604,55006,Asociación Mutual del Litoral 17 de Enero,No Financiero,Familias,1,Situacion normal,1372,3617676.0,2636.8,70.72,76.98,1372
202604,55006,Asociación Mutual del Litoral 17 de Enero,No Financiero,Familias,2,Con seguimiento especial / riesgo bajo,140,442714.0,3162.2,7.22,9.42,140
202604,55006,Asociación Mutual del Litoral 17 de Enero,No Financiero,Familias,3,Con problemas / riesgo medio,159,298787.0,1879.2,8.20,6.36,159
202604,55006,Asociación Mutual del Litoral 17 de Enero,No Financiero,Familias,4,Con alto riesgo de insolvencia / riesgo alto,140,236445.0,1688.9,7.22,5.03,140
202604,55006,Asociación Mutual del Litoral 17 de Enero,No Financiero,Familias,5,Irrecuperable,129,103809.0,804.7,6.65,2.21,129
202604,55006,Asociación Mutual del Litoral 17 de Enero,No Financiero,Total,1,Situacion normal,1373,3635676.0,2648.0,70.74,77.07,1373
202604,55006,Asociación Mutual del Litoral 17 de Enero,No Financiero,Total,2,Con seguimiento especial / riesgo bajo,140,442714.0,3162.2,7.21,9.38,140
202604,55006,Asociación Mutual del Litoral 17 de Enero,No Financiero,Total,3,Con problemas / riesgo medio,159,298787.0,1879.2,8.19,6.33,159
202604,55006,Asociación Mutual del Litoral 17 de Enero,No Financiero,Total,4,Con alto riesgo de insolvencia / riesgo alto,140,236445.0,1688.9,7.21,5.01,140
202604,55006,Asociación Mutual del Litoral 17 de Enero,No Financiero,Total,5,Irrecuperable,129,103809.0,804.7,6.65,2.20,129
202604,55008,Asociación Mutual Unión Solidaria,No Financiero,Familias,1,Situacion normal,19871,15520469.0,781.1,73.78,62.57,19871
202604,55008,Asociación Mutual Unión Solidaria,No Financiero,Familias,2,Con seguimiento especial / riesgo bajo,1777,1854832.0,1043.8,6.60,7.48,1777
202604,55008,Asociación Mutual Unión Solidaria,No Financiero,Familias,3,Con problemas / riesgo medio,1050,1034246.0,985.0,3.90,4.17,1050
202604,55008,Asociación Mutual Unión Solidaria,No Financiero,Familias,4,Con alto riesgo de insolvencia / riesgo alto,2863,4183566.0,1461.3,10.63,16.87,2863
202604,55008,Asociación Mutual Unión Solidaria,No Financiero,Familias,5,Irrecuperable,1373,2210273.0,1609.8,5.10,8.91,1373
202604,55008,Asociación Mutual Unión Solidaria,No Financiero,Total,1,Situacion normal,19871,15520469.0,781.1,73.78,62.57,19871
202604,55008,Asociación Mutual Unión Solidaria,No Financiero,Total,2,Con seguimiento especial / riesgo bajo,1777,1854832.0,1043.8,6.60,7.48,1777
202604,55008,Asociación Mutual Unión Solidaria,No Financiero,Total,3,Con problemas / riesgo medio,1050,1034246.0,985.0,3.90,4.17,1050
202604,55008,Asociación Mutual Unión Solidaria,No Financiero,Total,4,Con alto riesgo de insolvencia / riesgo alto,2863,4183566.0,1461.3,10.63,16.87,2863
202604,55008,Asociación Mutual Unión Solidaria,No Financiero,Total,5,Irrecuperable,1373,2210273.0,1609.8,5.10,8.91,1373
202604,55009,Carsa S.A.,No Financiero,Familias,1,Situacion normal,30632,11251497.0,367.3,48.26,41.85,30632
202604,55009,Carsa S.A.,No Financiero,Familias,2,Con seguimiento especial / riesgo bajo,3915,1858125.0,474.6,6.17,6.91,3915
202604,55009,Carsa S.A.,No Financiero,Familias,3,Con problemas / riesgo medio,3090,1843587.0,596.6,4.87,6.86,3090
202604,55009,Carsa S.A.,No Financiero,Familias,4,Con alto riesgo de insolvencia / riesgo alto,6288,4728785.0,752.0,9.91,17.59,6288
202604,55009,Carsa S.A.,No Financiero,Familias,5,Irrecuperable,19544,7204193.0,368.6,30.79,26.80,19544
202604,55009,Carsa S.A.,No Financiero,Total,1,Situacion normal,30632,11251497.0,367.3,48.26,41.85,30632
202604,55009,Carsa S.A.,No Financiero,Total,2,Con seguimiento especial / riesgo bajo,3915,1858125.0,474.6,6.17,6.91,3915
202604,55009,Carsa S.A.,No Financiero,Total,3,Con problemas / riesgo medio,3090,1843587.0,596.6,4.87,6.86,3090
202604,55009,Carsa S.A.,No Financiero,Total,4,Con alto riesgo de insolvencia / riesgo alto,6288,4728785.0,752.0,9.91,17.59,6288
202604,55009,Carsa S.A.,No Financiero,Total,5,Irrecuperable,19544,7204193.0,368.6,30.79,26.80,19544
202604,55011,Cetrogar S.A.,No Financiero,Familias,1,Situacion normal,87521,48083027.0,549.4,53.07,38.86,87521
202604,55011,Cetrogar S.A.,No Financiero,Familias,2,Con seguimiento especial / riesgo bajo,12360,9220890.0,746.0,7.49,7.45,12360
202604,55011,Cetrogar S.A.,No Financiero,Familias,3,Con problemas / riesgo medio,10250,10154040.0,990.6,6.22,8.21,10250
202604,55011,Cetrogar S.A.,No Financiero,Familias,4,Con alto riesgo de insolvencia / riesgo alto,18343,22963672.0,1251.9,11.12,18.56,18343
202604,55011,Cetrogar S.A.,No Financiero,Familias,5,Irrecuperable,36445,33321606.0,914.3,22.10,26.93,36445
202604,55011,Cetrogar S.A.,No Financiero,Total,1,Situacion normal,87521,48083027.0,549.4,53.07,38.86,87521
202604,55011,Cetrogar S.A.,No Financiero,Total,2,Con seguimiento especial / riesgo bajo,12360,9220890.0,746.0,7.49,7.45,12360
202604,55011,Cetrogar S.A.,No Financiero,Total,3,Con problemas / riesgo medio,10250,10154040.0,990.6,6.22,8.21,10250
202604,55011,Cetrogar S.A.,No Financiero,Total,4,Con alto riesgo de insolvencia / riesgo alto,18343,22963672.0,1251.9,11.12,18.56,18343
202604,55011,Cetrogar S.A.,No Financiero,Total,5,Irrecuperable,36445,33321606.0,914.3,22.10,26.93,36445
202604,55012,CFN SRL,No Financiero,Familias,1,Situacion normal,159773,189185503.0,1184.1,45.24,39.36,159773
202604,55012,CFN SRL,No Financiero,Familias,2,Con seguimiento especial / riesgo bajo,21845,37627517.0,1722.5,6.18,7.83,21845
202604,55012,CFN SRL,No Financiero,Familias,3,Con problemas / riesgo medio,22155,41236327.0,1861.3,6.27,8.58,22155
202604,55012,CFN SRL,No Financiero,Familias,4,Con alto riesgo de insolvencia / riesgo alto,55869,107212222.0,1919.0,15.82,22.30,55869
202604,55012,CFN SRL,No Financiero,Familias,5,Irrecuperable,93559,105433896.0,1126.9,26.49,21.93,93559
202604,55012,CFN SRL,No Financiero,Total,1,Situacion normal,159773,189185503.0,1184.1,45.24,39.36,159773
202604,55012,CFN SRL,No Financiero,Total,2,Con seguimiento especial / riesgo bajo,21845,37627517.0,1722.5,6.18,7.83,21845
202604,55012,CFN SRL,No Financiero,Total,3,Con problemas / riesgo medio,22155,41236327.0,1861.3,6.27,8.58,22155
202604,55012,CFN SRL,No Financiero,Total,4,Con alto riesgo de insolvencia / riesgo alto,55869,107212222.0,1919.0,15.82,22.30,55869
202604,55012,CFN SRL,No Financiero,Total,5,Irrecuperable,93559,105433896.0,1126.9,26.49,21.93,93559
202604,55013,Cierto Argentina S.A.,No Financiero,Familias,1,Situacion normal,8719,10961483.0,1257.2,51.10,64.27,8719
202604,55013,Cierto Argentina S.A.,No Financiero,Familias,2,Con seguimiento especial / riesgo bajo,670,928075.0,1385.2,3.93,5.44,670
202604,55013,Cierto Argentina S.A.,No Financiero,Familias,3,Con problemas / riesgo medio,830,1234473.0,1487.3,4.86,7.24,830
202604,55013,Cierto Argentina S.A.,No Financiero,Familias,4,Con alto riesgo de insolvencia / riesgo alto,1356,1870198.0,1379.2,7.95,10.96,1356
202604,55013,Cierto Argentina S.A.,No Financiero,Familias,5,Irrecuperable,5489,2062037.0,375.7,32.17,12.09,5489
202604,55013,Cierto Argentina S.A.,No Financiero,Total,1,Situacion normal,8719,10961483.0,1257.2,51.10,64.27,8719
202604,55013,Cierto Argentina S.A.,No Financiero,Total,2,Con seguimiento especial / riesgo bajo,670,928075.0,1385.2,3.93,5.44,670
202604,55013,Cierto Argentina S.A.,No Financiero,Total,3,Con problemas / riesgo medio,830,1234473.0,1487.3,4.86,7.24,830
202604,55013,Cierto Argentina S.A.,No Financiero,Total,4,Con alto riesgo de insolvencia / riesgo alto,1356,1870198.0,1379.2,7.95,10.96,1356
202604,55013,Cierto Argentina S.A.,No Financiero,Total,5,Irrecuperable,5489,2062037.0,375.7,32.17,12.09,5489
202604,55015,Coppel S.A.,No Financiero,Familias,1,Situacion normal,21599,22064971.0,1021.6,50.17,39.97,21599
202604,55015,Coppel S.A.,No Financiero,Familias,2,Con seguimiento especial / riesgo bajo,3606,4160521.0,1153.8,8.38,7.54,3606
202604,55015,Coppel S.A.,No Financiero,Familias,3,Con problemas / riesgo medio,3153,4924943.0,1562.0,7.32,8.92,3153
202604,55015,Coppel S.A.,No Financiero,Familias,4,Con alto riesgo de insolvencia / riesgo alto,5439,10569954.0,1943.4,12.63,19.15,5439
202604,55015,Coppel S.A.,No Financiero,Familias,5,Irrecuperable,9255,13485801.0,1457.1,21.50,24.43,9255
202604,55015,Coppel S.A.,No Financiero,Total,1,Situacion normal,21599,22064971.0,1021.6,50.17,39.97,21599
202604,55015,Coppel S.A.,No Financiero,Total,2,Con seguimiento especial / riesgo bajo,3606,4160521.0,1153.8,8.38,7.54,3606
202604,55015,Coppel S.A.,No Financiero,Total,3,Con problemas / riesgo medio,3153,4924943.0,1562.0,7.32,8.92,3153
202604,55015,Coppel S.A.,No Financiero,Total,4,Con alto riesgo de insolvencia / riesgo alto,5439,10569954.0,1943.4,12.63,19.15,5439
202604,55015,Coppel S.A.,No Financiero,Total,5,Irrecuperable,9255,13485801.0,1457.1,21.50,24.43,9255
202604,55017,"Cooperativa de Crédito, Consumo y Servicios Sociales La Plata Ltda.",No Financiero,Familias,1,Situacion normal,31200,21966805.0,704.1,78.58,79.48,31200
202604,55017,"Cooperativa de Crédito, Consumo y Servicios Sociales La Plata Ltda.",No Financiero,Familias,2,Con seguimiento especial / riesgo bajo,2008,1413341.0,703.9,5.06,5.11,2008
202604,55017,"Cooperativa de Crédito, Consumo y Servicios Sociales La Plata Ltda.",No Financiero,Familias,3,Con problemas / riesgo medio,2545,1685066.0,662.1,6.41,6.10,2545
202604,55017,"Cooperativa de Crédito, Consumo y Servicios Sociales La Plata Ltda.",No Financiero,Familias,4,Con alto riesgo de insolvencia / riesgo alto,2674,1898184.0,709.9,6.73,6.87,2674
202604,55017,"Cooperativa de Crédito, Consumo y Servicios Sociales La Plata Ltda.",No Financiero,Familias,5,Irrecuperable,1280,675572.0,527.8,3.22,2.44,1280
202604,55017,"Cooperativa de Crédito, Consumo y Servicios Sociales La Plata Ltda.",No Financiero,Total,1,Situacion normal,31200,21966805.0,704.1,78.58,79.48,31200
202604,55017,"Cooperativa de Crédito, Consumo y Servicios Sociales La Plata Ltda.",No Financiero,Total,2,Con seguimiento especial / riesgo bajo,2008,1413341.0,703.9,5.06,5.11,2008
202604,55017,"Cooperativa de Crédito, Consumo y Servicios Sociales La Plata Ltda.",No Financiero,Total,3,Con problemas / riesgo medio,2545,1685066.0,662.1,6.41,6.10,2545
202604,55017,"Cooperativa de Crédito, Consumo y Servicios Sociales La Plata Ltda.",No Financiero,Total,4,Con alto riesgo de insolvencia / riesgo alto,2674,1898184.0,709.9,6.73,6.87,2674
202604,55017,"Cooperativa de Crédito, Consumo y Servicios Sociales La Plata Ltda.",No Financiero,Total,5,Irrecuperable,1280,675572.0,527.8,3.22,2.44,1280
202604,55018,Cooperativa de Provisión de Obras y Servicios Publicos y de Créditos C,No Financiero,Familias,1,Situacion normal,1378,1083868.0,786.6,69.98,74.04,1378
202604,55018,Cooperativa de Provisión de Obras y Servicios Publicos y de Créditos C,No Financiero,Familias,2,Con seguimiento especial / riesgo bajo,117,82024.0,701.1,5.94,5.60,117
202604,55018,Cooperativa de Provisión de Obras y Servicios Publicos y de Créditos C,No Financiero,Familias,3,Con problemas / riesgo medio,148,120616.0,815.0,7.52,8.24,148
202604,55018,Cooperativa de Provisión de Obras y Servicios Publicos y de Créditos C,No Financiero,Familias,4,Con alto riesgo de insolvencia / riesgo alto,187,146378.0,782.8,9.50,10.00,187
202604,55018,Cooperativa de Provisión de Obras y Servicios Publicos y de Créditos C,No Financiero,Familias,5,Irrecuperable,139,30967.0,222.8,7.06,2.12,139
202604,55018,Cooperativa de Provisión de Obras y Servicios Publicos y de Créditos C,No Financiero,Total,1,Situacion normal,1378,1083868.0,786.6,69.98,74.04,1378
202604,55018,Cooperativa de Provisión de Obras y Servicios Publicos y de Créditos C,No Financiero,Total,2,Con seguimiento especial / riesgo bajo,117,82024.0,701.1,5.94,5.60,117
202604,55018,Cooperativa de Provisión de Obras y Servicios Publicos y de Créditos C,No Financiero,Total,3,Con problemas / riesgo medio,148,120616.0,815.0,7.52,8.24,148
202604,55018,Cooperativa de Provisión de Obras y Servicios Publicos y de Créditos C,No Financiero,Total,4,Con alto riesgo de insolvencia / riesgo alto,187,146378.0,782.8,9.50,10.00,187
202604,55018,Cooperativa de Provisión de Obras y Servicios Publicos y de Créditos C,No Financiero,Total,5,Irrecuperable,139,30967.0,222.8,7.06,2.12,139
202604,55020,"Palmares Cooperativa de Vivienda, Crédito, Consumo y Servicios Sociale",No Financiero,Familias,1,Situacion normal,5993,8011011.0,1336.7,78.30,86.32,5993
202604,55020,"Palmares Cooperativa de Vivienda, Crédito, Consumo y Servicios Sociale",No Financiero,Familias,2,Con seguimiento especial / riesgo bajo,293,388336.0,1325.4,3.83,4.18,293
202604,55020,"Palmares Cooperativa de Vivienda, Crédito, Consumo y Servicios Sociale",No Financiero,Familias,3,Con problemas / riesgo medio,160,194077.0,1213.0,2.09,2.09,160
202604,55020,"Palmares Cooperativa de Vivienda, Crédito, Consumo y Servicios Sociale",No Financiero,Familias,4,Con alto riesgo de insolvencia / riesgo alto,200,233948.0,1169.7,2.61,2.52,200
202604,55020,"Palmares Cooperativa de Vivienda, Crédito, Consumo y Servicios Sociale",No Financiero,Familias,5,Irrecuperable,1008,453276.0,449.7,13.17,4.88,1008
202604,55020,"Palmares Cooperativa de Vivienda, Crédito, Consumo y Servicios Sociale",No Financiero,Total,1,Situacion normal,5993,8011011.0,1336.7,78.30,86.32,5993
202604,55020,"Palmares Cooperativa de Vivienda, Crédito, Consumo y Servicios Sociale",No Financiero,Total,2,Con seguimiento especial / riesgo bajo,293,388336.0,1325.4,3.83,4.18,293
202604,55020,"Palmares Cooperativa de Vivienda, Crédito, Consumo y Servicios Sociale",No Financiero,Total,3,Con problemas / riesgo medio,160,194077.0,1213.0,2.09,2.09,160
202604,55020,"Palmares Cooperativa de Vivienda, Crédito, Consumo y Servicios Sociale",No Financiero,Total,4,Con alto riesgo de insolvencia / riesgo alto,200,233948.0,1169.7,2.61,2.52,200
202604,55020,"Palmares Cooperativa de Vivienda, Crédito, Consumo y Servicios Sociale",No Financiero,Total,5,Irrecuperable,1008,453276.0,449.7,13.17,4.88,1008
202604,55023,Credifácil S.A.F. y M.,No Financiero,Familias,1,Situacion normal,9923,3641804.0,367.0,24.13,31.13,9923
202604,55023,Credifácil S.A.F. y M.,No Financiero,Familias,2,Con seguimiento especial / riesgo bajo,1951,862353.0,442.0,4.74,7.37,1951
202604,55023,Credifácil S.A.F. y M.,No Financiero,Familias,3,Con problemas / riesgo medio,3217,1466702.0,455.9,7.82,12.54,3217
202604,55023,Credifácil S.A.F. y M.,No Financiero,Familias,4,Con alto riesgo de insolvencia / riesgo alto,5658,2374268.0,419.6,13.76,20.30,5658
202604,55023,Credifácil S.A.F. y M.,No Financiero,Familias,5,Irrecuperable,20378,3352778.0,164.5,49.55,28.66,20378
202604,55023,Credifácil S.A.F. y M.,No Financiero,Total,1,Situacion normal,9923,3641804.0,367.0,24.13,31.13,9923
202604,55023,Credifácil S.A.F. y M.,No Financiero,Total,2,Con seguimiento especial / riesgo bajo,1951,862353.0,442.0,4.74,7.37,1951
202604,55023,Credifácil S.A.F. y M.,No Financiero,Total,3,Con problemas / riesgo medio,3217,1466702.0,455.9,7.82,12.54,3217
202604,55023,Credifácil S.A.F. y M.,No Financiero,Total,4,Con alto riesgo de insolvencia / riesgo alto,5658,2374268.0,419.6,13.76,20.30,5658
202604,55023,Credifácil S.A.F. y M.,No Financiero,Total,5,Irrecuperable,20378,3352778.0,164.5,49.55,28.66,20378
202604,55024,CREDICUOTAS CONSUMO S.A.,No Financiero,Familias,1,Situacion normal,179139,264881019.0,1478.6,55.06,57.52,179139
202604,55024,CREDICUOTAS CONSUMO S.A.,No Financiero,Familias,2,Con seguimiento especial / riesgo bajo,21965,38601589.0,1757.4,6.75,8.38,21965
202604,55024,CREDICUOTAS CONSUMO S.A.,No Financiero,Familias,3,Con problemas / riesgo medio,14328,23331923.0,1628.4,4.40,5.07,14328
202604,55024,CREDICUOTAS CONSUMO S.A.,No Financiero,Familias,4,Con alto riesgo de insolvencia / riesgo alto,57850,80616080.0,1393.5,17.78,17.51,57850
202604,55024,CREDICUOTAS CONSUMO S.A.,No Financiero,Familias,5,Irrecuperable,52070,53056884.0,1019.0,16.00,11.52,52070
202604,55024,CREDICUOTAS CONSUMO S.A.,No Financiero,Total,1,Situacion normal,179139,264881019.0,1478.6,55.06,57.52,179139
202604,55024,CREDICUOTAS CONSUMO S.A.,No Financiero,Total,2,Con seguimiento especial / riesgo bajo,21965,38601589.0,1757.4,6.75,8.38,21965
202604,55024,CREDICUOTAS CONSUMO S.A.,No Financiero,Total,3,Con problemas / riesgo medio,14328,23331923.0,1628.4,4.40,5.07,14328
202604,55024,CREDICUOTAS CONSUMO S.A.,No Financiero,Total,4,Con alto riesgo de insolvencia / riesgo alto,57850,80616080.0,1393.5,17.78,17.51,57850
202604,55024,CREDICUOTAS CONSUMO S.A.,No Financiero,Total,5,Irrecuperable,52070,53056884.0,1019.0,16.00,11.52,52070
202604,55025,Cuotitas S.A.,No Financiero,Familias,1,Situacion normal,6641,6274136.0,944.8,36.72,32.13,6641
202604,55025,Cuotitas S.A.,No Financiero,Familias,2,Con seguimiento especial / riesgo bajo,1076,1386096.0,1288.2,5.95,7.10,1076
202604,55025,Cuotitas S.A.,No Financiero,Familias,3,Con problemas / riesgo medio,1488,2126763.0,1429.3,8.23,10.89,1488
202604,55025,Cuotitas S.A.,No Financiero,Familias,4,Con alto riesgo de insolvencia / riesgo alto,2987,5363437.0,1795.6,16.52,27.47,2987
202604,55025,Cuotitas S.A.,No Financiero,Familias,5,Irrecuperable,5893,4376812.0,742.7,32.59,22.41,5893
202604,55025,Cuotitas S.A.,No Financiero,Total,1,Situacion normal,6641,6274136.0,944.8,36.72,32.13,6641
202604,55025,Cuotitas S.A.,No Financiero,Total,2,Con seguimiento especial / riesgo bajo,1076,1386096.0,1288.2,5.95,7.10,1076
202604,55025,Cuotitas S.A.,No Financiero,Total,3,Con problemas / riesgo medio,1488,2126763.0,1429.3,8.23,10.89,1488
202604,55025,Cuotitas S.A.,No Financiero,Total,4,Con alto riesgo de insolvencia / riesgo alto,2987,5363437.0,1795.6,16.52,27.47,2987
202604,55025,Cuotitas S.A.,No Financiero,Total,5,Irrecuperable,5893,4376812.0,742.7,32.59,22.41,5893
202604,55026,Decréditos S.A.,No Financiero,Familias,1,Situacion normal,278,2185678.0,7862.2,50.27,64.83,278
202604,55026,Decréditos S.A.,No Financiero,Familias,2,Con seguimiento especial / riesgo bajo,64,347987.0,5437.3,11.57,10.32,64
202604,55026,Decréditos S.A.,No Financiero,Familias,3,Con problemas / riesgo medio,21,119500.0,5690.5,3.80,3.54,21
202604,55026,Decréditos S.A.,No Financiero,Familias,4,Con alto riesgo de insolvencia / riesgo alto,52,398548.0,7664.4,9.40,11.82,52
202604,55026,Decréditos S.A.,No Financiero,Familias,5,Irrecuperable,138,319503.0,2315.2,24.95,9.48,138
202604,55026,Decréditos S.A.,No Financiero,Total,1,Situacion normal,278,2185678.0,7862.2,50.27,64.83,278
202604,55026,Decréditos S.A.,No Financiero,Total,2,Con seguimiento especial / riesgo bajo,64,347987.0,5437.3,11.57,10.32,64
202604,55026,Decréditos S.A.,No Financiero,Total,3,Con problemas / riesgo medio,21,119500.0,5690.5,3.80,3.54,21
202604,55026,Decréditos S.A.,No Financiero,Total,4,Con alto riesgo de insolvencia / riesgo alto,52,398548.0,7664.4,9.40,11.82,52
202604,55026,Decréditos S.A.,No Financiero,Total,5,Irrecuperable,138,319503.0,2315.2,24.95,9.48,138
202604,55027,ELECTRONICA MEGATONE SRL,No Financiero,Familias,1,Situacion normal,196975,132629761.0,673.3,56.88,40.69,196975
202604,55027,ELECTRONICA MEGATONE SRL,No Financiero,Familias,2,Con seguimiento especial / riesgo bajo,20773,23086111.0,1111.4,6.00,7.08,20773
202604,55027,ELECTRONICA MEGATONE SRL,No Financiero,Familias,3,Con problemas / riesgo medio,21256,31872635.0,1499.5,6.14,9.78,21256
202604,55027,ELECTRONICA MEGATONE SRL,No Financiero,Familias,4,Con alto riesgo de insolvencia / riesgo alto,40106,72826393.0,1815.8,11.58,22.34,40106
202604,55027,ELECTRONICA MEGATONE SRL,No Financiero,Familias,5,Irrecuperable,67165,65503777.0,975.3,19.40,20.10,67165
202604,55027,ELECTRONICA MEGATONE SRL,No Financiero,Total,1,Situacion normal,196975,132629761.0,673.3,56.88,40.69,196975
202604,55027,ELECTRONICA MEGATONE SRL,No Financiero,Total,2,Con seguimiento especial / riesgo bajo,20773,23086111.0,1111.4,6.00,7.08,20773
202604,55027,ELECTRONICA MEGATONE SRL,No Financiero,Total,3,Con problemas / riesgo medio,21256,31872635.0,1499.5,6.14,9.78,21256
202604,55027,ELECTRONICA MEGATONE SRL,No Financiero,Total,4,Con alto riesgo de insolvencia / riesgo alto,40106,72826393.0,1815.8,11.58,22.34,40106
202604,55027,ELECTRONICA MEGATONE SRL,No Financiero,Total,5,Irrecuperable,67165,65503777.0,975.3,19.40,20.10,67165
202604,55028,Favanet S.A.,No Financiero,Familias,1,Situacion normal,17899,16987790.0,949.1,50.31,49.58,17899
202604,55028,Favanet S.A.,No Financiero,Familias,2,Con seguimiento especial / riesgo bajo,2292,3043789.0,1328.0,6.44,8.88,2292
202604,55028,Favanet S.A.,No Financiero,Familias,3,Con problemas / riesgo medio,2091,2975300.0,1422.9,5.88,8.68,2091
202604,55028,Favanet S.A.,No Financiero,Familias,4,Con alto riesgo de insolvencia / riesgo alto,4555,5930438.0,1302.0,12.80,17.31,4555
202604,55028,Favanet S.A.,No Financiero,Familias,5,Irrecuperable,8739,5323089.0,609.1,24.56,15.54,8739
202604,55028,Favanet S.A.,No Financiero,Total,1,Situacion normal,17899,16987790.0,949.1,50.31,49.58,17899
202604,55028,Favanet S.A.,No Financiero,Total,2,Con seguimiento especial / riesgo bajo,2292,3043789.0,1328.0,6.44,8.88,2292
202604,55028,Favanet S.A.,No Financiero,Total,3,Con problemas / riesgo medio,2091,2975300.0,1422.9,5.88,8.68,2091
202604,55028,Favanet S.A.,No Financiero,Total,4,Con alto riesgo de insolvencia / riesgo alto,4555,5930438.0,1302.0,12.80,17.31,4555
202604,55028,Favanet S.A.,No Financiero,Total,5,Irrecuperable,8739,5323089.0,609.1,24.56,15.54,8739
202604,55030,Fravega S.A.C.I. e I.,No Financiero,Familias,1,Situacion normal,55460,40180168.0,724.5,50.19,37.13,55460
202604,55030,Fravega S.A.C.I. e I.,No Financiero,Familias,2,Con seguimiento especial / riesgo bajo,9840,10177666.0,1034.3,8.90,9.40,9840
202604,55030,Fravega S.A.C.I. e I.,No Financiero,Familias,3,Con problemas / riesgo medio,11951,14655273.0,1226.3,10.81,13.54,11951
202604,55030,Fravega S.A.C.I. e I.,No Financiero,Familias,4,Con alto riesgo de insolvencia / riesgo alto,18569,24933591.0,1342.8,16.80,23.04,18569
202604,55030,Fravega S.A.C.I. e I.,No Financiero,Familias,5,Irrecuperable,14690,18279388.0,1244.3,13.29,16.89,14690
202604,55030,Fravega S.A.C.I. e I.,No Financiero,Total,1,Situacion normal,55460,40180168.0,724.5,50.19,37.13,55460
202604,55030,Fravega S.A.C.I. e I.,No Financiero,Total,2,Con seguimiento especial / riesgo bajo,9840,10177666.0,1034.3,8.90,9.40,9840
202604,55030,Fravega S.A.C.I. e I.,No Financiero,Total,3,Con problemas / riesgo medio,11951,14655273.0,1226.3,10.81,13.54,11951
202604,55030,Fravega S.A.C.I. e I.,No Financiero,Total,4,Con alto riesgo de insolvencia / riesgo alto,18569,24933591.0,1342.8,16.80,23.04,18569
202604,55030,Fravega S.A.C.I. e I.,No Financiero,Total,5,Irrecuperable,14690,18279388.0,1244.3,13.29,16.89,14690
202604,55034,Hogar Total S.A.,No Financiero,Familias,1,Situacion normal,14740,9843879.0,667.8,80.37,83.09,14740
202604,55034,Hogar Total S.A.,No Financiero,Familias,2,Con seguimiento especial / riesgo bajo,50,34761.0,695.2,0.27,0.29,50
202604,55034,Hogar Total S.A.,No Financiero,Familias,3,Con problemas / riesgo medio,688,482778.0,701.7,3.75,4.08,688
202604,55034,Hogar Total S.A.,No Financiero,Familias,4,Con alto riesgo de insolvencia / riesgo alto,1093,729645.0,667.6,5.96,6.16,1093
202604,55034,Hogar Total S.A.,No Financiero,Familias,5,Irrecuperable,1769,755826.0,427.3,9.65,6.38,1769
202604,55034,Hogar Total S.A.,No Financiero,Total,1,Situacion normal,14740,9843879.0,667.8,80.37,83.09,14740
202604,55034,Hogar Total S.A.,No Financiero,Total,2,Con seguimiento especial / riesgo bajo,50,34761.0,695.2,0.27,0.29,50
202604,55034,Hogar Total S.A.,No Financiero,Total,3,Con problemas / riesgo medio,688,482778.0,701.7,3.75,4.08,688
202604,55034,Hogar Total S.A.,No Financiero,Total,4,Con alto riesgo de insolvencia / riesgo alto,1093,729645.0,667.6,5.96,6.16,1093
202604,55034,Hogar Total S.A.,No Financiero,Total,5,Irrecuperable,1769,755826.0,427.3,9.65,6.38,1769
202604,55041,Naldo Lombardi S.A.,No Financiero,Empresas,1,Situacion normal,423,892805.0,2110.7,87.94,92.79,423
202604,55041,Naldo Lombardi S.A.,No Financiero,Empresas,2,Con seguimiento especial / riesgo bajo,28,34780.0,1242.1,5.82,3.61,28
202604,55041,Naldo Lombardi S.A.,No Financiero,Empresas,3,Con problemas / riesgo medio,8,7230.0,903.8,1.66,0.75,8
202604,55041,Naldo Lombardi S.A.,No Financiero,Empresas,4,Con alto riesgo de insolvencia / riesgo alto,7,7569.0,1081.3,1.46,0.79,7
202604,55041,Naldo Lombardi S.A.,No Financiero,Empresas,5,Irrecuperable,15,19767.0,1317.8,3.12,2.05,15
202604,55041,Naldo Lombardi S.A.,No Financiero,Familias,1,Situacion normal,167287,163816611.0,979.3,59.39,62.31,167287
202604,55041,Naldo Lombardi S.A.,No Financiero,Familias,2,Con seguimiento especial / riesgo bajo,19763,19186558.0,970.8,7.02,7.30,19763
202604,55041,Naldo Lombardi S.A.,No Financiero,Familias,3,Con problemas / riesgo medio,16152,16329957.0,1011.0,5.73,6.21,16152
202604,55041,Naldo Lombardi S.A.,No Financiero,Familias,4,Con alto riesgo de insolvencia / riesgo alto,25083,28007126.0,1116.6,8.91,10.65,25083
202604,55041,Naldo Lombardi S.A.,No Financiero,Familias,5,Irrecuperable,53375,35561898.0,666.3,18.95,13.53,53375
202604,55041,Naldo Lombardi S.A.,No Financiero,Total,1,Situacion normal,167710,164709416.0,982.1,59.44,62.42,167710
202604,55041,Naldo Lombardi S.A.,No Financiero,Total,2,Con seguimiento especial / riesgo bajo,19791,19221338.0,971.2,7.01,7.28,19791
202604,55041,Naldo Lombardi S.A.,No Financiero,Total,3,Con problemas / riesgo medio,16160,16337187.0,1011.0,5.73,6.19,16160
202604,55041,Naldo Lombardi S.A.,No Financiero,Total,4,Con alto riesgo de insolvencia / riesgo alto,25090,28014695.0,1116.6,8.89,10.62,25090
202604,55041,Naldo Lombardi S.A.,No Financiero,Total,5,Irrecuperable,53390,35581665.0,666.4,18.92,13.48,53390
202604,55043,Provincia Leasing S.A.,No Financiero,Empresas,1,Situacion normal,246,66696502.0,271124.0,94.25,96.34,246
202604,55043,Provincia Leasing S.A.,No Financiero,Empresas,2,Con seguimiento especial / riesgo bajo,6,1139490.0,189915.0,2.30,1.65,6
202604,55043,Provincia Leasing S.A.,No Financiero,Empresas,3,Con problemas / riesgo medio,7,714775.0,102110.7,2.68,1.03,7
202604,55043,Provincia Leasing S.A.,No Financiero,Empresas,4,Con alto riesgo de insolvencia / riesgo alto,2,677249.0,338624.5,0.77,0.98,2
202604,55043,Provincia Leasing S.A.,No Financiero,Familias,1,Situacion normal,17,862725.0,50748.5,80.95,69.14,17
202604,55043,Provincia Leasing S.A.,No Financiero,Familias,2,Con seguimiento especial / riesgo bajo,2,381796.0,190898.0,9.52,30.60,2
202604,55043,Provincia Leasing S.A.,No Financiero,Familias,5,Irrecuperable,2,3269.0,1634.5,9.52,0.26,2
202604,55043,Provincia Leasing S.A.,No Financiero,Total,1,Situacion normal,263,67559227.0,256879.2,93.26,95.86,263
202604,55043,Provincia Leasing S.A.,No Financiero,Total,2,Con seguimiento especial / riesgo bajo,8,1521286.0,190160.8,2.84,2.16,8
202604,55043,Provincia Leasing S.A.,No Financiero,Total,3,Con problemas / riesgo medio,7,714775.0,102110.7,2.48,1.01,7
202604,55043,Provincia Leasing S.A.,No Financiero,Total,4,Con alto riesgo de insolvencia / riesgo alto,2,677249.0,338624.5,0.71,0.96,2
202604,55043,Provincia Leasing S.A.,No Financiero,Total,5,Irrecuperable,2,3269.0,1634.5,0.71,0.00,2
202604,55049,Surfinan S.A.,No Financiero,Familias,1,Situacion normal,219,40541.0,185.1,14.15,10.26,219
202604,55049,Surfinan S.A.,No Financiero,Familias,2,Con seguimiento especial / riesgo bajo,20,6726.0,336.3,1.29,1.70,20
202604,55049,Surfinan S.A.,No Financiero,Familias,3,Con problemas / riesgo medio,36,15904.0,441.8,2.33,4.03,36
202604,55049,Surfinan S.A.,No Financiero,Familias,4,Con alto riesgo de insolvencia / riesgo alto,97,48852.0,503.6,6.27,12.37,97
202604,55049,Surfinan S.A.,No Financiero,Familias,5,Irrecuperable,1176,282922.0,240.6,75.97,71.64,1176
202604,55049,Surfinan S.A.,No Financiero,Total,1,Situacion normal,219,40541.0,185.1,14.15,10.26,219
202604,55049,Surfinan S.A.,No Financiero,Total,2,Con seguimiento especial / riesgo bajo,20,6726.0,336.3,1.29,1.70,20
202604,55049,Surfinan S.A.,No Financiero,Total,3,Con problemas / riesgo medio,36,15904.0,441.8,2.33,4.03,36
202604,55049,Surfinan S.A.,No Financiero,Total,4,Con alto riesgo de insolvencia / riesgo alto,97,48852.0,503.6,6.27,12.37,97
202604,55049,Surfinan S.A.,No Financiero,Total,5,Irrecuperable,1176,282922.0,240.6,75.97,71.64,1176
202604,55052,Asociación Mututal 18 de Julio,No Financiero,Empresas,1,Situacion normal,12,2502581.0,208548.4,50.00,72.83,12
202604,55052,Asociación Mututal 18 de Julio,No Financiero,Empresas,2,Con seguimiento especial / riesgo bajo,1,26182.0,26182.0,4.17,0.76,1
202604,55052,Asociación Mututal 18 de Julio,No Financiero,Empresas,4,Con alto riesgo de insolvencia / riesgo alto,3,82419.0,27473.0,12.50,2.40,3
202604,55052,Asociación Mututal 18 de Julio,No Financiero,Empresas,5,Irrecuperable,8,824986.0,103123.2,33.33,24.01,8
202604,55052,Asociación Mututal 18 de Julio,No Financiero,Familias,1,Situacion normal,6905,34213962.0,4955.0,74.85,75.69,6905
202604,55052,Asociación Mututal 18 de Julio,No Financiero,Familias,2,Con seguimiento especial / riesgo bajo,1079,5821138.0,5394.9,11.70,12.88,1079
202604,55052,Asociación Mututal 18 de Julio,No Financiero,Familias,3,Con problemas / riesgo medio,490,2686568.0,5482.8,5.31,5.94,490
202604,55052,Asociación Mututal 18 de Julio,No Financiero,Familias,4,Con alto riesgo de insolvencia / riesgo alto,267,1524493.0,5709.7,2.89,3.37,267
202604,55052,Asociación Mututal 18 de Julio,No Financiero,Familias,5,Irrecuperable,484,955282.0,1973.7,5.25,2.11,484
202604,55052,Asociación Mututal 18 de Julio,No Financiero,Total,1,Situacion normal,6917,36716543.0,5308.2,74.79,75.49,6917
202604,55052,Asociación Mututal 18 de Julio,No Financiero,Total,2,Con seguimiento especial / riesgo bajo,1080,5847320.0,5414.2,11.68,12.02,1080
202604,55052,Asociación Mututal 18 de Julio,No Financiero,Total,3,Con problemas / riesgo medio,490,2686568.0,5482.8,5.30,5.52,490
202604,55052,Asociación Mututal 18 de Julio,No Financiero,Total,4,Con alto riesgo de insolvencia / riesgo alto,270,1606912.0,5951.5,2.92,3.30,270
202604,55052,Asociación Mututal 18 de Julio,No Financiero,Total,5,Irrecuperable,492,1780268.0,3618.4,5.32,3.66,492
202604,55054,Crédito Directo S.A.,No Financiero,Familias,1,Situacion normal,58875,70235863.0,1193.0,50.23,51.35,58875
202604,55054,Crédito Directo S.A.,No Financiero,Familias,2,Con seguimiento especial / riesgo bajo,7029,10220344.0,1454.0,6.00,7.47,7029
202604,55054,Crédito Directo S.A.,No Financiero,Familias,3,Con problemas / riesgo medio,8946,13017946.0,1455.2,7.63,9.52,8946
202604,55054,Crédito Directo S.A.,No Financiero,Familias,4,Con alto riesgo de insolvencia / riesgo alto,18790,26604261.0,1415.9,16.03,19.45,18790
202604,55054,Crédito Directo S.A.,No Financiero,Familias,5,Irrecuperable,23563,16694595.0,708.5,20.10,12.21,23563
202604,55054,Crédito Directo S.A.,No Financiero,Total,1,Situacion normal,58875,70235863.0,1193.0,50.23,51.35,58875
202604,55054,Crédito Directo S.A.,No Financiero,Total,2,Con seguimiento especial / riesgo bajo,7029,10220344.0,1454.0,6.00,7.47,7029
202604,55054,Crédito Directo S.A.,No Financiero,Total,3,Con problemas / riesgo medio,8946,13017946.0,1455.2,7.63,9.52,8946
202604,55054,Crédito Directo S.A.,No Financiero,Total,4,Con alto riesgo de insolvencia / riesgo alto,18790,26604261.0,1415.9,16.03,19.45,18790
202604,55054,Crédito Directo S.A.,No Financiero,Total,5,Irrecuperable,23563,16694595.0,708.5,20.10,12.21,23563
202604,55057,Mutual Integral de Servicios,No Financiero,Familias,1,Situacion normal,1187,3360756.0,2831.3,88.65,92.97,1187
202604,55057,Mutual Integral de Servicios,No Financiero,Familias,2,Con seguimiento especial / riesgo bajo,41,152944.0,3730.3,3.06,4.23,41
202604,55057,Mutual Integral de Servicios,No Financiero,Familias,3,Con problemas / riesgo medio,15,40621.0,2708.1,1.12,1.12,15
202604,55057,Mutual Integral de Servicios,No Financiero,Familias,4,Con alto riesgo de insolvencia / riesgo alto,18,28272.0,1570.7,1.34,0.78,18
202604,55057,Mutual Integral de Servicios,No Financiero,Familias,5,Irrecuperable,78,32212.0,413.0,5.83,0.89,78
202604,55057,Mutual Integral de Servicios,No Financiero,Total,1,Situacion normal,1187,3360756.0,2831.3,88.65,92.97,1187
202604,55057,Mutual Integral de Servicios,No Financiero,Total,2,Con seguimiento especial / riesgo bajo,41,152944.0,3730.3,3.06,4.23,41
202604,55057,Mutual Integral de Servicios,No Financiero,Total,3,Con problemas / riesgo medio,15,40621.0,2708.1,1.12,1.12,15
202604,55057,Mutual Integral de Servicios,No Financiero,Total,4,Con alto riesgo de insolvencia / riesgo alto,18,28272.0,1570.7,1.34,0.78,18
202604,55057,Mutual Integral de Servicios,No Financiero,Total,5,Irrecuperable,78,32212.0,413.0,5.83,0.89,78
202604,55063,Uninverc S.A.,No Financiero,Empresas,1,Situacion normal,30,917628.0,30587.6,81.08,88.30,30
202604,55063,Uninverc S.A.,No Financiero,Empresas,2,Con seguimiento especial / riesgo bajo,4,11582.0,2895.5,10.81,1.11,4
202604,55063,Uninverc S.A.,No Financiero,Empresas,4,Con alto riesgo de insolvencia / riesgo alto,3,109965.0,36655.0,8.11,10.58,3
202604,55063,Uninverc S.A.,No Financiero,Familias,1,Situacion normal,5990,56132801.0,9371.1,91.96,93.12,5990
202604,55063,Uninverc S.A.,No Financiero,Familias,2,Con seguimiento especial / riesgo bajo,287,2696392.0,9395.1,4.41,4.47,287
202604,55063,Uninverc S.A.,No Financiero,Familias,3,Con problemas / riesgo medio,92,613742.0,6671.1,1.41,1.02,92
202604,55063,Uninverc S.A.,No Financiero,Familias,4,Con alto riesgo de insolvencia / riesgo alto,67,455314.0,6795.7,1.03,0.76,67
202604,55063,Uninverc S.A.,No Financiero,Familias,5,Irrecuperable,78,383947.0,4922.4,1.20,0.64,78
202604,55063,Uninverc S.A.,No Financiero,Total,1,Situacion normal,6020,57050429.0,9476.8,91.89,93.04,6020
202604,55063,Uninverc S.A.,No Financiero,Total,2,Con seguimiento especial / riesgo bajo,291,2707974.0,9305.8,4.44,4.42,291
202604,55063,Uninverc S.A.,No Financiero,Total,3,Con problemas / riesgo medio,92,613742.0,6671.1,1.40,1.00,92
202604,55063,Uninverc S.A.,No Financiero,Total,4,Con alto riesgo de insolvencia / riesgo alto,70,565279.0,8075.4,1.07,0.92,70
202604,55063,Uninverc S.A.,No Financiero,Total,5,Irrecuperable,78,383947.0,4922.4,1.19,0.63,78
202604,55068,Hendel Hogar S.A.,No Financiero,Empresas,1,Situacion normal,23,66693.0,2899.7,100.00,100.00,23
202604,55068,Hendel Hogar S.A.,No Financiero,Familias,1,Situacion normal,13099,7744956.0,591.3,55.40,62.59,13099
202604,55068,Hendel Hogar S.A.,No Financiero,Familias,2,Con seguimiento especial / riesgo bajo,177,128206.0,724.3,0.75,1.04,177
202604,55068,Hendel Hogar S.A.,No Financiero,Familias,3,Con problemas / riesgo medio,250,182347.0,729.4,1.06,1.47,250
202604,55068,Hendel Hogar S.A.,No Financiero,Familias,4,Con alto riesgo de insolvencia / riesgo alto,2074,1492702.0,719.7,8.77,12.06,2074
202604,55068,Hendel Hogar S.A.,No Financiero,Familias,5,Irrecuperable,8043,2825346.0,351.3,34.02,22.83,8043
202604,55068,Hendel Hogar S.A.,No Financiero,Total,1,Situacion normal,13122,7811649.0,595.3,55.45,62.79,13122
202604,55068,Hendel Hogar S.A.,No Financiero,Total,2,Con seguimiento especial / riesgo bajo,177,128206.0,724.3,0.75,1.03,177
202604,55068,Hendel Hogar S.A.,No Financiero,Total,3,Con problemas / riesgo medio,250,182347.0,729.4,1.06,1.47,250
202604,55068,Hendel Hogar S.A.,No Financiero,Total,4,Con alto riesgo de insolvencia / riesgo alto,2074,1492702.0,719.7,8.76,12.00,2074
202604,55068,Hendel Hogar S.A.,No Financiero,Total,5,Irrecuperable,8043,2825346.0,351.3,33.99,22.71,8043
202604,55073,Oportunidad Microfinanciera Latinoamericana OMLA S.A.,No Financiero,Familias,1,Situacion normal,2141,2414843.0,1127.9,76.08,73.89,2141
202604,55073,Oportunidad Microfinanciera Latinoamericana OMLA S.A.,No Financiero,Familias,2,Con seguimiento especial / riesgo bajo,128,275053.0,2148.9,4.55,8.42,128
202604,55073,Oportunidad Microfinanciera Latinoamericana OMLA S.A.,No Financiero,Familias,3,Con problemas / riesgo medio,90,156361.0,1737.3,3.20,4.78,90
202604,55073,Oportunidad Microfinanciera Latinoamericana OMLA S.A.,No Financiero,Familias,4,Con alto riesgo de insolvencia / riesgo alto,68,88499.0,1301.5,2.42,2.71,68
202604,55073,Oportunidad Microfinanciera Latinoamericana OMLA S.A.,No Financiero,Familias,5,Irrecuperable,387,333533.0,861.8,13.75,10.21,387
202604,55073,Oportunidad Microfinanciera Latinoamericana OMLA S.A.,No Financiero,Total,1,Situacion normal,2141,2414843.0,1127.9,76.08,73.89,2141
202604,55073,Oportunidad Microfinanciera Latinoamericana OMLA S.A.,No Financiero,Total,2,Con seguimiento especial / riesgo bajo,128,275053.0,2148.9,4.55,8.42,128
202604,55073,Oportunidad Microfinanciera Latinoamericana OMLA S.A.,No Financiero,Total,3,Con problemas / riesgo medio,90,156361.0,1737.3,3.20,4.78,90
202604,55073,Oportunidad Microfinanciera Latinoamericana OMLA S.A.,No Financiero,Total,4,Con alto riesgo de insolvencia / riesgo alto,68,88499.0,1301.5,2.42,2.71,68
202604,55073,Oportunidad Microfinanciera Latinoamericana OMLA S.A.,No Financiero,Total,5,Irrecuperable,387,333533.0,861.8,13.75,10.21,387
202604,55075,IDUN INVERSIONES S.A.,No Financiero,Familias,1,Situacion normal,90,55272.0,614.1,6.47,12.73,90
202604,55075,IDUN INVERSIONES S.A.,No Financiero,Familias,2,Con seguimiento especial / riesgo bajo,2,1240.0,620.0,0.14,0.29,2
202604,55075,IDUN INVERSIONES S.A.,No Financiero,Familias,3,Con problemas / riesgo medio,166,89611.0,539.8,11.93,20.65,166
202604,55075,IDUN INVERSIONES S.A.,No Financiero,Familias,4,Con alto riesgo de insolvencia / riesgo alto,191,102865.0,538.6,13.72,23.70,191
202604,55075,IDUN INVERSIONES S.A.,No Financiero,Familias,5,Irrecuperable,943,185034.0,196.2,67.74,42.63,943
202604,55075,IDUN INVERSIONES S.A.,No Financiero,Total,1,Situacion normal,90,55272.0,614.1,6.47,12.73,90
202604,55075,IDUN INVERSIONES S.A.,No Financiero,Total,2,Con seguimiento especial / riesgo bajo,2,1240.0,620.0,0.14,0.29,2
202604,55075,IDUN INVERSIONES S.A.,No Financiero,Total,3,Con problemas / riesgo medio,166,89611.0,539.8,11.93,20.65,166
202604,55075,IDUN INVERSIONES S.A.,No Financiero,Total,4,Con alto riesgo de insolvencia / riesgo alto,191,102865.0,538.6,13.72,23.70,191
202604,55075,IDUN INVERSIONES S.A.,No Financiero,Total,5,Irrecuperable,943,185034.0,196.2,67.74,42.63,943
202604,55076,Grupo Prestafácil S.A.,No Financiero,Familias,1,Situacion normal,2764,4003947.0,1448.6,90.56,91.22,2764
202604,55076,Grupo Prestafácil S.A.,No Financiero,Familias,2,Con seguimiento especial / riesgo bajo,48,84401.0,1758.4,1.57,1.92,48
202604,55076,Grupo Prestafácil S.A.,No Financiero,Familias,3,Con problemas / riesgo medio,37,86833.0,2346.8,1.21,1.98,37
202604,55076,Grupo Prestafácil S.A.,No Financiero,Familias,4,Con alto riesgo de insolvencia / riesgo alto,35,75393.0,2154.1,1.15,1.72,35
202604,55076,Grupo Prestafácil S.A.,No Financiero,Familias,5,Irrecuperable,168,138921.0,826.9,5.50,3.16,168
202604,55076,Grupo Prestafácil S.A.,No Financiero,Total,1,Situacion normal,2764,4003947.0,1448.6,90.56,91.22,2764
202604,55076,Grupo Prestafácil S.A.,No Financiero,Total,2,Con seguimiento especial / riesgo bajo,48,84401.0,1758.4,1.57,1.92,48
202604,55076,Grupo Prestafácil S.A.,No Financiero,Total,3,Con problemas / riesgo medio,37,86833.0,2346.8,1.21,1.98,37
202604,55076,Grupo Prestafácil S.A.,No Financiero,Total,4,Con alto riesgo de insolvencia / riesgo alto,35,75393.0,2154.1,1.15,1.72,35
202604,55076,Grupo Prestafácil S.A.,No Financiero,Total,5,Irrecuperable,168,138921.0,826.9,5.50,3.16,168
202604,55077,Asociación Mutual de Escribanos,No Financiero,Empresas,1,Situacion normal,1,4820.0,4820.0,100.00,100.00,1
202604,55077,Asociación Mutual de Escribanos,No Financiero,Familias,1,Situacion normal,1248,1345063.0,1077.8,66.07,73.84,1248
202604,55077,Asociación Mutual de Escribanos,No Financiero,Familias,2,Con seguimiento especial / riesgo bajo,70,57499.0,821.4,3.71,3.16,70
202604,55077,Asociación Mutual de Escribanos,No Financiero,Familias,3,Con problemas / riesgo medio,60,55272.0,921.2,3.18,3.03,60
202604,55077,Asociación Mutual de Escribanos,No Financiero,Familias,4,Con alto riesgo de insolvencia / riesgo alto,204,264661.0,1297.4,10.80,14.53,204
202604,55077,Asociación Mutual de Escribanos,No Financiero,Familias,5,Irrecuperable,307,99218.0,323.2,16.25,5.45,307
202604,55077,Asociación Mutual de Escribanos,No Financiero,Total,1,Situacion normal,1249,1349883.0,1080.8,66.08,73.90,1249
202604,55077,Asociación Mutual de Escribanos,No Financiero,Total,2,Con seguimiento especial / riesgo bajo,70,57499.0,821.4,3.70,3.15,70
202604,55077,Asociación Mutual de Escribanos,No Financiero,Total,3,Con problemas / riesgo medio,60,55272.0,921.2,3.17,3.03,60
202604,55077,Asociación Mutual de Escribanos,No Financiero,Total,4,Con alto riesgo de insolvencia / riesgo alto,204,264661.0,1297.4,10.79,14.49,204
202604,55077,Asociación Mutual de Escribanos,No Financiero,Total,5,Irrecuperable,307,99218.0,323.2,16.24,5.43,307
202604,55080,DAP Cooperativa de Crédito y Consumo Ltda.,No Financiero,Familias,1,Situacion normal,6555,7082634.0,1080.5,55.96,82.51,6555
202604,55080,DAP Cooperativa de Crédito y Consumo Ltda.,No Financiero,Familias,2,Con seguimiento especial / riesgo bajo,423,338437.0,800.1,3.61,3.94,423
202604,55080,DAP Cooperativa de Crédito y Consumo Ltda.,No Financiero,Familias,3,Con problemas / riesgo medio,368,285749.0,776.5,3.14,3.33,368
202604,55080,DAP Cooperativa de Crédito y Consumo Ltda.,No Financiero,Familias,4,Con alto riesgo de insolvencia / riesgo alto,399,283726.0,711.1,3.41,3.31,399
202604,55080,DAP Cooperativa de Crédito y Consumo Ltda.,No Financiero,Familias,5,Irrecuperable,3969,593308.0,149.5,33.88,6.91,3969
202604,55080,DAP Cooperativa de Crédito y Consumo Ltda.,No Financiero,Total,1,Situacion normal,6555,7082634.0,1080.5,55.96,82.51,6555
202604,55080,DAP Cooperativa de Crédito y Consumo Ltda.,No Financiero,Total,2,Con seguimiento especial / riesgo bajo,423,338437.0,800.1,3.61,3.94,423
202604,55080,DAP Cooperativa de Crédito y Consumo Ltda.,No Financiero,Total,3,Con problemas / riesgo medio,368,285749.0,776.5,3.14,3.33,368
202604,55080,DAP Cooperativa de Crédito y Consumo Ltda.,No Financiero,Total,4,Con alto riesgo de insolvencia / riesgo alto,399,283726.0,711.1,3.41,3.31,399
202604,55080,DAP Cooperativa de Crédito y Consumo Ltda.,No Financiero,Total,5,Irrecuperable,3969,593308.0,149.5,33.88,6.91,3969
202604,55083,AGL CAPITAL S.A.,No Financiero,Familias,1,Situacion normal,2957,3611457.0,1221.3,62.79,56.96,2957
202604,55083,AGL CAPITAL S.A.,No Financiero,Familias,2,Con seguimiento especial / riesgo bajo,558,578669.0,1037.0,11.85,9.13,558
202604,55083,AGL CAPITAL S.A.,No Financiero,Familias,3,Con problemas / riesgo medio,138,126643.0,917.7,2.93,2.00,138
202604,55083,AGL CAPITAL S.A.,No Financiero,Familias,4,Con alto riesgo de insolvencia / riesgo alto,259,201656.0,778.6,5.50,3.18,259
202604,55083,AGL CAPITAL S.A.,No Financiero,Familias,5,Irrecuperable,797,1821766.0,2285.8,16.93,28.73,797
202604,55083,AGL CAPITAL S.A.,No Financiero,Total,1,Situacion normal,2957,3611457.0,1221.3,62.79,56.96,2957
202604,55083,AGL CAPITAL S.A.,No Financiero,Total,2,Con seguimiento especial / riesgo bajo,558,578669.0,1037.0,11.85,9.13,558
202604,55083,AGL CAPITAL S.A.,No Financiero,Total,3,Con problemas / riesgo medio,138,126643.0,917.7,2.93,2.00,138
202604,55083,AGL CAPITAL S.A.,No Financiero,Total,4,Con alto riesgo de insolvencia / riesgo alto,259,201656.0,778.6,5.50,3.18,259
202604,55083,AGL CAPITAL S.A.,No Financiero,Total,5,Irrecuperable,797,1821766.0,2285.8,16.93,28.73,797
202604,55085,Moni Online S.A.,No Financiero,Familias,1,Situacion normal,36857,17832717.0,483.8,38.28,38.98,36857
202604,55085,Moni Online S.A.,No Financiero,Familias,2,Con seguimiento especial / riesgo bajo,5725,3265253.0,570.3,5.95,7.14,5725
202604,55085,Moni Online S.A.,No Financiero,Familias,3,Con problemas / riesgo medio,6924,4113159.0,594.0,7.19,8.99,6924
202604,55085,Moni Online S.A.,No Financiero,Familias,4,Con alto riesgo de insolvencia / riesgo alto,13039,8687708.0,666.3,13.54,18.99,13039
202604,55085,Moni Online S.A.,No Financiero,Familias,5,Irrecuperable,33737,11853837.0,351.4,35.04,25.91,33737
202604,55085,Moni Online S.A.,No Financiero,Total,1,Situacion normal,36857,17832717.0,483.8,38.28,38.98,36857
202604,55085,Moni Online S.A.,No Financiero,Total,2,Con seguimiento especial / riesgo bajo,5725,3265253.0,570.3,5.95,7.14,5725
202604,55085,Moni Online S.A.,No Financiero,Total,3,Con problemas / riesgo medio,6924,4113159.0,594.0,7.19,8.99,6924
202604,55085,Moni Online S.A.,No Financiero,Total,4,Con alto riesgo de insolvencia / riesgo alto,13039,8687708.0,666.3,13.54,18.99,13039
202604,55085,Moni Online S.A.,No Financiero,Total,5,Irrecuperable,33737,11853837.0,351.4,35.04,25.91,33737
202604,55086,Asociación Mutual Asis,No Financiero,Familias,1,Situacion normal,3157,2293196.0,726.4,61.06,77.16,3157
202604,55086,Asociación Mutual Asis,No Financiero,Familias,2,Con seguimiento especial / riesgo bajo,230,140336.0,610.2,4.45,4.72,230
202604,55086,Asociación Mutual Asis,No Financiero,Familias,3,Con problemas / riesgo medio,353,165156.0,467.9,6.83,5.56,353
202604,55086,Asociación Mutual Asis,No Financiero,Familias,4,Con alto riesgo de insolvencia / riesgo alto,548,217863.0,397.6,10.60,7.33,548
202604,55086,Asociación Mutual Asis,No Financiero,Familias,5,Irrecuperable,882,155559.0,176.4,17.06,5.23,882
202604,55086,Asociación Mutual Asis,No Financiero,Total,1,Situacion normal,3157,2293196.0,726.4,61.06,77.16,3157
202604,55086,Asociación Mutual Asis,No Financiero,Total,2,Con seguimiento especial / riesgo bajo,230,140336.0,610.2,4.45,4.72,230
202604,55086,Asociación Mutual Asis,No Financiero,Total,3,Con problemas / riesgo medio,353,165156.0,467.9,6.83,5.56,353
202604,55086,Asociación Mutual Asis,No Financiero,Total,4,Con alto riesgo de insolvencia / riesgo alto,548,217863.0,397.6,10.60,7.33,548
202604,55086,Asociación Mutual Asis,No Financiero,Total,5,Irrecuperable,882,155559.0,176.4,17.06,5.23,882
202604,55091,CREDIAR S.A.,No Financiero,Familias,1,Situacion normal,8630,7847480.0,909.3,31.99,21.46,8630
202604,55091,CREDIAR S.A.,No Financiero,Familias,2,Con seguimiento especial / riesgo bajo,1691,2561161.0,1514.6,6.27,7.00,1691
202604,55091,CREDIAR S.A.,No Financiero,Familias,3,Con problemas / riesgo medio,1799,3815751.0,2121.0,6.67,10.43,1799
202604,55091,CREDIAR S.A.,No Financiero,Familias,4,Con alto riesgo de insolvencia / riesgo alto,3954,10079482.0,2549.2,14.66,27.56,3954
202604,55091,CREDIAR S.A.,No Financiero,Familias,5,Irrecuperable,10903,12266221.0,1125.0,40.42,33.54,10903
202604,55091,CREDIAR S.A.,No Financiero,Total,1,Situacion normal,8630,7847480.0,909.3,31.99,21.46,8630
202604,55091,CREDIAR S.A.,No Financiero,Total,2,Con seguimiento especial / riesgo bajo,1691,2561161.0,1514.6,6.27,7.00,1691
202604,55091,CREDIAR S.A.,No Financiero,Total,3,Con problemas / riesgo medio,1799,3815751.0,2121.0,6.67,10.43,1799
202604,55091,CREDIAR S.A.,No Financiero,Total,4,Con alto riesgo de insolvencia / riesgo alto,3954,10079482.0,2549.2,14.66,27.56,3954
202604,55091,CREDIAR S.A.,No Financiero,Total,5,Irrecuperable,10903,12266221.0,1125.0,40.42,33.54,10903
202604,55092,Dante Tanino Hogar S.A.,No Financiero,Familias,1,Situacion normal,2254,965743.0,428.5,79.03,84.52,2254
202604,55092,Dante Tanino Hogar S.A.,No Financiero,Familias,2,Con seguimiento especial / riesgo bajo,3,489.0,163.0,0.11,0.04,3
202604,55092,Dante Tanino Hogar S.A.,No Financiero,Familias,3,Con problemas / riesgo medio,184,57552.0,312.8,6.45,5.04,184
202604,55092,Dante Tanino Hogar S.A.,No Financiero,Familias,4,Con alto riesgo de insolvencia / riesgo alto,210,73231.0,348.7,7.36,6.41,210
202604,55092,Dante Tanino Hogar S.A.,No Financiero,Familias,5,Irrecuperable,201,45640.0,227.1,7.05,3.99,201
202604,55092,Dante Tanino Hogar S.A.,No Financiero,Total,1,Situacion normal,2254,965743.0,428.5,79.03,84.52,2254
202604,55092,Dante Tanino Hogar S.A.,No Financiero,Total,2,Con seguimiento especial / riesgo bajo,3,489.0,163.0,0.11,0.04,3
202604,55092,Dante Tanino Hogar S.A.,No Financiero,Total,3,Con problemas / riesgo medio,184,57552.0,312.8,6.45,5.04,184
202604,55092,Dante Tanino Hogar S.A.,No Financiero,Total,4,Con alto riesgo de insolvencia / riesgo alto,210,73231.0,348.7,7.36,6.41,210
202604,55092,Dante Tanino Hogar S.A.,No Financiero,Total,5,Irrecuperable,201,45640.0,227.1,7.05,3.99,201
202604,55094,Genesys S.A.,No Financiero,Familias,1,Situacion normal,1980,1485886.0,750.4,100.00,100.00,1980
202604,55094,Genesys S.A.,No Financiero,Total,1,Situacion normal,1980,1485886.0,750.4,100.00,100.00,1980
202604,55095,CRENAC S.A.,No Financiero,Familias,1,Situacion normal,2183,916712.0,419.9,37.23,34.69,2183
202604,55095,CRENAC S.A.,No Financiero,Familias,2,Con seguimiento especial / riesgo bajo,307,181634.0,591.6,5.24,6.87,307
202604,55095,CRENAC S.A.,No Financiero,Familias,3,Con problemas / riesgo medio,391,277124.0,708.8,6.67,10.49,391
202604,55095,CRENAC S.A.,No Financiero,Familias,4,Con alto riesgo de insolvencia / riesgo alto,675,529737.0,784.8,11.51,20.04,675
202604,55095,CRENAC S.A.,No Financiero,Familias,5,Irrecuperable,2307,737683.0,319.8,39.35,27.91,2307
202604,55095,CRENAC S.A.,No Financiero,Total,1,Situacion normal,2183,916712.0,419.9,37.23,34.69,2183
202604,55095,CRENAC S.A.,No Financiero,Total,2,Con seguimiento especial / riesgo bajo,307,181634.0,591.6,5.24,6.87,307
202604,55095,CRENAC S.A.,No Financiero,Total,3,Con problemas / riesgo medio,391,277124.0,708.8,6.67,10.49,391
202604,55095,CRENAC S.A.,No Financiero,Total,4,Con alto riesgo de insolvencia / riesgo alto,675,529737.0,784.8,11.51,20.04,675
202604,55095,CRENAC S.A.,No Financiero,Total,5,Irrecuperable,2307,737683.0,319.8,39.35,27.91,2307
202604,55096,FINANCIACIONES CUYO S.A.,No Financiero,Familias,1,Situacion normal,7816,2227920.0,285.0,35.74,43.89,7816
202604,55096,FINANCIACIONES CUYO S.A.,No Financiero,Familias,2,Con seguimiento especial / riesgo bajo,1357,494996.0,364.8,6.20,9.75,1357
202604,55096,FINANCIACIONES CUYO S.A.,No Financiero,Familias,3,Con problemas / riesgo medio,1387,432055.0,311.5,6.34,8.51,1387
202604,55096,FINANCIACIONES CUYO S.A.,No Financiero,Familias,4,Con alto riesgo de insolvencia / riesgo alto,3203,877825.0,274.1,14.65,17.29,3203
202604,55096,FINANCIACIONES CUYO S.A.,No Financiero,Familias,5,Irrecuperable,8107,1043786.0,128.8,37.07,20.56,8107
202604,55096,FINANCIACIONES CUYO S.A.,No Financiero,Total,1,Situacion normal,7816,2227920.0,285.0,35.74,43.89,7816
202604,55096,FINANCIACIONES CUYO S.A.,No Financiero,Total,2,Con seguimiento especial / riesgo bajo,1357,494996.0,364.8,6.20,9.75,1357
202604,55096,FINANCIACIONES CUYO S.A.,No Financiero,Total,3,Con problemas / riesgo medio,1387,432055.0,311.5,6.34,8.51,1387
202604,55096,FINANCIACIONES CUYO S.A.,No Financiero,Total,4,Con alto riesgo de insolvencia / riesgo alto,3203,877825.0,274.1,14.65,17.29,3203
202604,55096,FINANCIACIONES CUYO S.A.,No Financiero,Total,5,Irrecuperable,8107,1043786.0,128.8,37.07,20.56,8107
202604,55098,CONSUMO S.A.,No Financiero,Familias,1,Situacion normal,1431,1096896.0,766.5,27.71,16.57,1431
202604,55098,CONSUMO S.A.,No Financiero,Familias,2,Con seguimiento especial / riesgo bajo,295,358870.0,1216.5,5.71,5.42,295
202604,55098,CONSUMO S.A.,No Financiero,Familias,3,Con problemas / riesgo medio,444,682271.0,1536.6,8.60,10.31,444
202604,55098,CONSUMO S.A.,No Financiero,Familias,4,Con alto riesgo de insolvencia / riesgo alto,1017,2218105.0,2181.0,19.69,33.51,1017
202604,55098,CONSUMO S.A.,No Financiero,Familias,5,Irrecuperable,1978,2262129.0,1143.6,38.30,34.18,1978
202604,55098,CONSUMO S.A.,No Financiero,Total,1,Situacion normal,1431,1096896.0,766.5,27.71,16.57,1431
202604,55098,CONSUMO S.A.,No Financiero,Total,2,Con seguimiento especial / riesgo bajo,295,358870.0,1216.5,5.71,5.42,295
202604,55098,CONSUMO S.A.,No Financiero,Total,3,Con problemas / riesgo medio,444,682271.0,1536.6,8.60,10.31,444
202604,55098,CONSUMO S.A.,No Financiero,Total,4,Con alto riesgo de insolvencia / riesgo alto,1017,2218105.0,2181.0,19.69,33.51,1017
202604,55098,CONSUMO S.A.,No Financiero,Total,5,Irrecuperable,1978,2262129.0,1143.6,38.30,34.18,1978
202604,55100,BAZAR AVENIDA S.A.,No Financiero,Familias,1,Situacion normal,33415,20243044.0,605.8,41.65,25.96,33415
202604,55100,BAZAR AVENIDA S.A.,No Financiero,Familias,2,Con seguimiento especial / riesgo bajo,4304,4108387.0,954.6,5.37,5.27,4304
202604,55100,BAZAR AVENIDA S.A.,No Financiero,Familias,3,Con problemas / riesgo medio,4814,5682477.0,1180.4,6.00,7.29,4814
202604,55100,BAZAR AVENIDA S.A.,No Financiero,Familias,4,Con alto riesgo de insolvencia / riesgo alto,11203,21594991.0,1927.6,13.97,27.69,11203
202604,55100,BAZAR AVENIDA S.A.,No Financiero,Familias,5,Irrecuperable,26483,26357452.0,995.3,33.01,33.80,26483
202604,55100,BAZAR AVENIDA S.A.,No Financiero,Total,1,Situacion normal,33415,20243044.0,605.8,41.65,25.96,33415
202604,55100,BAZAR AVENIDA S.A.,No Financiero,Total,2,Con seguimiento especial / riesgo bajo,4304,4108387.0,954.6,5.37,5.27,4304
202604,55100,BAZAR AVENIDA S.A.,No Financiero,Total,3,Con problemas / riesgo medio,4814,5682477.0,1180.4,6.00,7.29,4814
202604,55100,BAZAR AVENIDA S.A.,No Financiero,Total,4,Con alto riesgo de insolvencia / riesgo alto,11203,21594991.0,1927.6,13.97,27.69,11203
202604,55100,BAZAR AVENIDA S.A.,No Financiero,Total,5,Irrecuperable,26483,26357452.0,995.3,33.01,33.80,26483
202604,55105,Ceibo Créditos S.A.,No Financiero,Familias,1,Situacion normal,17967,32166976.0,1790.3,64.60,60.38,17967
202604,55105,Ceibo Créditos S.A.,No Financiero,Familias,2,Con seguimiento especial / riesgo bajo,2141,4602897.0,2149.9,7.70,8.64,2141
202604,55105,Ceibo Créditos S.A.,No Financiero,Familias,3,Con problemas / riesgo medio,3176,6847825.0,2156.1,11.42,12.85,3176
202604,55105,Ceibo Créditos S.A.,No Financiero,Familias,4,Con alto riesgo de insolvencia / riesgo alto,4475,9587932.0,2142.6,16.09,18.00,4475
202604,55105,Ceibo Créditos S.A.,No Financiero,Familias,5,Irrecuperable,53,69538.0,1312.0,0.19,0.13,53
202604,55105,Ceibo Créditos S.A.,No Financiero,Total,1,Situacion normal,17967,32166976.0,1790.3,64.60,60.38,17967
202604,55105,Ceibo Créditos S.A.,No Financiero,Total,2,Con seguimiento especial / riesgo bajo,2141,4602897.0,2149.9,7.70,8.64,2141
202604,55105,Ceibo Créditos S.A.,No Financiero,Total,3,Con problemas / riesgo medio,3176,6847825.0,2156.1,11.42,12.85,3176
202604,55105,Ceibo Créditos S.A.,No Financiero,Total,4,Con alto riesgo de insolvencia / riesgo alto,4475,9587932.0,2142.6,16.09,18.00,4475
202604,55105,Ceibo Créditos S.A.,No Financiero,Total,5,Irrecuperable,53,69538.0,1312.0,0.19,0.13,53
202604,55107,ARGENCRED S.A.,No Financiero,Familias,1,Situacion normal,40303,12788725.0,317.3,42.31,37.54,40303
202604,55107,ARGENCRED S.A.,No Financiero,Familias,2,Con seguimiento especial / riesgo bajo,4941,2618731.0,530.0,5.19,7.69,4941
202604,55107,ARGENCRED S.A.,No Financiero,Familias,3,Con problemas / riesgo medio,6950,3794038.0,545.9,7.30,11.14,6950
202604,55107,ARGENCRED S.A.,No Financiero,Familias,4,Con alto riesgo de insolvencia / riesgo alto,13949,7044829.0,505.0,14.64,20.68,13949
202604,55107,ARGENCRED S.A.,No Financiero,Familias,5,Irrecuperable,29108,7817352.0,268.6,30.56,22.95,29108
202604,55107,ARGENCRED S.A.,No Financiero,Total,1,Situacion normal,40303,12788725.0,317.3,42.31,37.54,40303
202604,55107,ARGENCRED S.A.,No Financiero,Total,2,Con seguimiento especial / riesgo bajo,4941,2618731.0,530.0,5.19,7.69,4941
202604,55107,ARGENCRED S.A.,No Financiero,Total,3,Con problemas / riesgo medio,6950,3794038.0,545.9,7.30,11.14,6950
202604,55107,ARGENCRED S.A.,No Financiero,Total,4,Con alto riesgo de insolvencia / riesgo alto,13949,7044829.0,505.0,14.64,20.68,13949
202604,55107,ARGENCRED S.A.,No Financiero,Total,5,Irrecuperable,29108,7817352.0,268.6,30.56,22.95,29108
202604,55111,Clank S.A.,No Financiero,Familias,1,Situacion normal,1524,1825209.0,1197.6,60.05,73.11,1524
202604,55111,Clank S.A.,No Financiero,Familias,2,Con seguimiento especial / riesgo bajo,138,286604.0,2076.8,5.44,11.48,138
202604,55111,Clank S.A.,No Financiero,Familias,3,Con problemas / riesgo medio,40,82294.0,2057.4,1.58,3.30,40
202604,55111,Clank S.A.,No Financiero,Familias,4,Con alto riesgo de insolvencia / riesgo alto,71,126137.0,1776.6,2.80,5.05,71
202604,55111,Clank S.A.,No Financiero,Familias,5,Irrecuperable,765,176271.0,230.4,30.14,7.06,765
202604,55111,Clank S.A.,No Financiero,Total,1,Situacion normal,1524,1825209.0,1197.6,60.05,73.11,1524
202604,55111,Clank S.A.,No Financiero,Total,2,Con seguimiento especial / riesgo bajo,138,286604.0,2076.8,5.44,11.48,138
202604,55111,Clank S.A.,No Financiero,Total,3,Con problemas / riesgo medio,40,82294.0,2057.4,1.58,3.30,40
202604,55111,Clank S.A.,No Financiero,Total,4,Con alto riesgo de insolvencia / riesgo alto,71,126137.0,1776.6,2.80,5.05,71
202604,55111,Clank S.A.,No Financiero,Total,5,Irrecuperable,765,176271.0,230.4,30.14,7.06,765
202604,55115,Asociación Mutual Desarrollo Regional,No Financiero,Empresas,1,Situacion normal,12,1079266.0,89938.8,85.71,96.78,12
202604,55115,Asociación Mutual Desarrollo Regional,No Financiero,Empresas,2,Con seguimiento especial / riesgo bajo,1,1506.0,1506.0,7.14,0.14,1
202604,55115,Asociación Mutual Desarrollo Regional,No Financiero,Empresas,5,Irrecuperable,1,34351.0,34351.0,7.14,3.08,1
202604,55115,Asociación Mutual Desarrollo Regional,No Financiero,Familias,1,Situacion normal,2200,4422260.0,2010.1,75.99,80.74,2200
202604,55115,Asociación Mutual Desarrollo Regional,No Financiero,Familias,2,Con seguimiento especial / riesgo bajo,116,295767.0,2549.7,4.01,5.40,116
202604,55115,Asociación Mutual Desarrollo Regional,No Financiero,Familias,3,Con problemas / riesgo medio,126,261725.0,2077.2,4.35,4.78,126
202604,55115,Asociación Mutual Desarrollo Regional,No Financiero,Familias,4,Con alto riesgo de insolvencia / riesgo alto,111,247307.0,2228.0,3.83,4.52,111
202604,55115,Asociación Mutual Desarrollo Regional,No Financiero,Familias,5,Irrecuperable,342,249837.0,730.5,11.81,4.56,342
202604,55115,Asociación Mutual Desarrollo Regional,No Financiero,Total,1,Situacion normal,2212,5501526.0,2487.1,76.04,83.46,2212
202604,55115,Asociación Mutual Desarrollo Regional,No Financiero,Total,2,Con seguimiento especial / riesgo bajo,117,297273.0,2540.8,4.02,4.51,117
202604,55115,Asociación Mutual Desarrollo Regional,No Financiero,Total,3,Con problemas / riesgo medio,126,261725.0,2077.2,4.33,3.97,126
202604,55115,Asociación Mutual Desarrollo Regional,No Financiero,Total,4,Con alto riesgo de insolvencia / riesgo alto,111,247307.0,2228.0,3.82,3.75,111
202604,55115,Asociación Mutual Desarrollo Regional,No Financiero,Total,5,Irrecuperable,343,284188.0,828.5,11.79,4.31,343
202604,55120,Ebucar S.A.,No Financiero,Familias,1,Situacion normal,1229,2063895.0,1679.3,61.88,81.11,1229
202604,55120,Ebucar S.A.,No Financiero,Familias,2,Con seguimiento especial / riesgo bajo,67,62692.0,935.7,3.37,2.46,67
202604,55120,Ebucar S.A.,No Financiero,Familias,3,Con problemas / riesgo medio,75,44866.0,598.2,3.78,1.76,75
202604,55120,Ebucar S.A.,No Financiero,Familias,4,Con alto riesgo de insolvencia / riesgo alto,125,110650.0,885.2,6.29,4.35,125
202604,55120,Ebucar S.A.,No Financiero,Familias,5,Irrecuperable,490,262404.0,535.5,24.67,10.31,490
202604,55120,Ebucar S.A.,No Financiero,Total,1,Situacion normal,1229,2063895.0,1679.3,61.88,81.11,1229
202604,55120,Ebucar S.A.,No Financiero,Total,2,Con seguimiento especial / riesgo bajo,67,62692.0,935.7,3.37,2.46,67
202604,55120,Ebucar S.A.,No Financiero,Total,3,Con problemas / riesgo medio,75,44866.0,598.2,3.78,1.76,75
202604,55120,Ebucar S.A.,No Financiero,Total,4,Con alto riesgo de insolvencia / riesgo alto,125,110650.0,885.2,6.29,4.35,125
202604,55120,Ebucar S.A.,No Financiero,Total,5,Irrecuperable,490,262404.0,535.5,24.67,10.31,490
202604,55121,Asociación Mutual Malvinas Argentinas,No Financiero,Familias,1,Situacion normal,2714,2103975.0,775.2,47.52,58.05,2714
202604,55121,Asociación Mutual Malvinas Argentinas,No Financiero,Familias,2,Con seguimiento especial / riesgo bajo,322,220527.0,684.9,5.64,6.08,322
202604,55121,Asociación Mutual Malvinas Argentinas,No Financiero,Familias,3,Con problemas / riesgo medio,377,272854.0,723.8,6.60,7.53,377
202604,55121,Asociación Mutual Malvinas Argentinas,No Financiero,Familias,4,Con alto riesgo de insolvencia / riesgo alto,543,447373.0,823.9,9.51,12.34,543
202604,55121,Asociación Mutual Malvinas Argentinas,No Financiero,Familias,5,Irrecuperable,1755,579741.0,330.3,30.73,16.00,1755
202604,55121,Asociación Mutual Malvinas Argentinas,No Financiero,Total,1,Situacion normal,2714,2103975.0,775.2,47.52,58.05,2714
202604,55121,Asociación Mutual Malvinas Argentinas,No Financiero,Total,2,Con seguimiento especial / riesgo bajo,322,220527.0,684.9,5.64,6.08,322
202604,55121,Asociación Mutual Malvinas Argentinas,No Financiero,Total,3,Con problemas / riesgo medio,377,272854.0,723.8,6.60,7.53,377
202604,55121,Asociación Mutual Malvinas Argentinas,No Financiero,Total,4,Con alto riesgo de insolvencia / riesgo alto,543,447373.0,823.9,9.51,12.34,543
202604,55121,Asociación Mutual Malvinas Argentinas,No Financiero,Total,5,Irrecuperable,1755,579741.0,330.3,30.73,16.00,1755
202604,55123,"Cooperativa 2001 de Vivienda, Crédito y Consumo Ltda.",No Financiero,Familias,1,Situacion normal,2308,2111816.0,915.0,84.79,92.25,2308
202604,55123,"Cooperativa 2001 de Vivienda, Crédito y Consumo Ltda.",No Financiero,Familias,2,Con seguimiento especial / riesgo bajo,2,7600.0,3800.0,0.07,0.33,2
202604,55123,"Cooperativa 2001 de Vivienda, Crédito y Consumo Ltda.",No Financiero,Familias,3,Con problemas / riesgo medio,9,7083.0,787.0,0.33,0.31,9
202604,55123,"Cooperativa 2001 de Vivienda, Crédito y Consumo Ltda.",No Financiero,Familias,4,Con alto riesgo de insolvencia / riesgo alto,36,43727.0,1214.6,1.32,1.91,36
202604,55123,"Cooperativa 2001 de Vivienda, Crédito y Consumo Ltda.",No Financiero,Familias,5,Irrecuperable,367,118936.0,324.1,13.48,5.20,367
202604,55123,"Cooperativa 2001 de Vivienda, Crédito y Consumo Ltda.",No Financiero,Total,1,Situacion normal,2308,2111816.0,915.0,84.79,92.25,2308
202604,55123,"Cooperativa 2001 de Vivienda, Crédito y Consumo Ltda.",No Financiero,Total,2,Con seguimiento especial / riesgo bajo,2,7600.0,3800.0,0.07,0.33,2
202604,55123,"Cooperativa 2001 de Vivienda, Crédito y Consumo Ltda.",No Financiero,Total,3,Con problemas / riesgo medio,9,7083.0,787.0,0.33,0.31,9
202604,55123,"Cooperativa 2001 de Vivienda, Crédito y Consumo Ltda.",No Financiero,Total,4,Con alto riesgo de insolvencia / riesgo alto,36,43727.0,1214.6,1.32,1.91,36
202604,55123,"Cooperativa 2001 de Vivienda, Crédito y Consumo Ltda.",No Financiero,Total,5,Irrecuperable,367,118936.0,324.1,13.48,5.20,367
202604,55124,Plusrasgo S.A.,No Financiero,Familias,1,Situacion normal,1172,2448229.0,2088.9,97.18,98.23,1172
202604,55124,Plusrasgo S.A.,No Financiero,Familias,3,Con problemas / riesgo medio,7,8097.0,1156.7,0.58,0.32,7
202604,55124,Plusrasgo S.A.,No Financiero,Familias,4,Con alto riesgo de insolvencia / riesgo alto,6,18374.0,3062.3,0.50,0.74,6
202604,55124,Plusrasgo S.A.,No Financiero,Familias,5,Irrecuperable,21,17691.0,842.4,1.74,0.71,21
202604,55124,Plusrasgo S.A.,No Financiero,Total,1,Situacion normal,1172,2448229.0,2088.9,97.18,98.23,1172
202604,55124,Plusrasgo S.A.,No Financiero,Total,3,Con problemas / riesgo medio,7,8097.0,1156.7,0.58,0.32,7
202604,55124,Plusrasgo S.A.,No Financiero,Total,4,Con alto riesgo de insolvencia / riesgo alto,6,18374.0,3062.3,0.50,0.74,6
202604,55124,Plusrasgo S.A.,No Financiero,Total,5,Irrecuperable,21,17691.0,842.4,1.74,0.71,21
202604,55125,"Cooperativa de Vivienda, Crédito, Consumo y Servicios Sociales Candela",No Financiero,Familias,1,Situacion normal,2265,2188200.0,966.1,89.95,86.85,2265
202604,55125,"Cooperativa de Vivienda, Crédito, Consumo y Servicios Sociales Candela",No Financiero,Familias,2,Con seguimiento especial / riesgo bajo,70,98986.0,1414.1,2.78,3.93,70
202604,55125,"Cooperativa de Vivienda, Crédito, Consumo y Servicios Sociales Candela",No Financiero,Familias,3,Con problemas / riesgo medio,54,98484.0,1823.8,2.14,3.91,54
202604,55125,"Cooperativa de Vivienda, Crédito, Consumo y Servicios Sociales Candela",No Financiero,Familias,4,Con alto riesgo de insolvencia / riesgo alto,87,89811.0,1032.3,3.46,3.56,87
202604,55125,"Cooperativa de Vivienda, Crédito, Consumo y Servicios Sociales Candela",No Financiero,Familias,5,Irrecuperable,42,43961.0,1046.7,1.67,1.74,42
202604,55125,"Cooperativa de Vivienda, Crédito, Consumo y Servicios Sociales Candela",No Financiero,Total,1,Situacion normal,2265,2188200.0,966.1,89.95,86.85,2265
202604,55125,"Cooperativa de Vivienda, Crédito, Consumo y Servicios Sociales Candela",No Financiero,Total,2,Con seguimiento especial / riesgo bajo,70,98986.0,1414.1,2.78,3.93,70
202604,55125,"Cooperativa de Vivienda, Crédito, Consumo y Servicios Sociales Candela",No Financiero,Total,3,Con problemas / riesgo medio,54,98484.0,1823.8,2.14,3.91,54
202604,55125,"Cooperativa de Vivienda, Crédito, Consumo y Servicios Sociales Candela",No Financiero,Total,4,Con alto riesgo de insolvencia / riesgo alto,87,89811.0,1032.3,3.46,3.56,87
202604,55125,"Cooperativa de Vivienda, Crédito, Consumo y Servicios Sociales Candela",No Financiero,Total,5,Irrecuperable,42,43961.0,1046.7,1.67,1.74,42
202604,55128,Crediser Argentina S.A.,No Financiero,Familias,1,Situacion normal,211,76791.0,363.9,4.78,7.17,211
202604,55128,Crediser Argentina S.A.,No Financiero,Familias,2,Con seguimiento especial / riesgo bajo,191,85337.0,446.8,4.33,7.97,191
202604,55128,Crediser Argentina S.A.,No Financiero,Familias,3,Con problemas / riesgo medio,255,111440.0,437.0,5.78,10.40,255
202604,55128,Crediser Argentina S.A.,No Financiero,Familias,4,Con alto riesgo de insolvencia / riesgo alto,467,197934.0,423.8,10.58,18.48,467
202604,55128,Crediser Argentina S.A.,No Financiero,Familias,5,Irrecuperable,3288,599609.0,182.4,74.52,55.98,3288
202604,55128,Crediser Argentina S.A.,No Financiero,Total,1,Situacion normal,211,76791.0,363.9,4.78,7.17,211
202604,55128,Crediser Argentina S.A.,No Financiero,Total,2,Con seguimiento especial / riesgo bajo,191,85337.0,446.8,4.33,7.97,191
202604,55128,Crediser Argentina S.A.,No Financiero,Total,3,Con problemas / riesgo medio,255,111440.0,437.0,5.78,10.40,255
202604,55128,Crediser Argentina S.A.,No Financiero,Total,4,Con alto riesgo de insolvencia / riesgo alto,467,197934.0,423.8,10.58,18.48,467
202604,55128,Crediser Argentina S.A.,No Financiero,Total,5,Irrecuperable,3288,599609.0,182.4,74.52,55.98,3288
202604,55132,TIENDAJUBILO S.A.,No Financiero,Familias,1,Situacion normal,15579,8093085.0,519.5,85.32,81.84,15579
202604,55132,TIENDAJUBILO S.A.,No Financiero,Familias,2,Con seguimiento especial / riesgo bajo,432,295320.0,683.6,2.37,2.99,432
202604,55132,TIENDAJUBILO S.A.,No Financiero,Familias,3,Con problemas / riesgo medio,682,493864.0,724.1,3.73,4.99,682
202604,55132,TIENDAJUBILO S.A.,No Financiero,Familias,4,Con alto riesgo de insolvencia / riesgo alto,1137,740870.0,651.6,6.23,7.49,1137
202604,55132,TIENDAJUBILO S.A.,No Financiero,Familias,5,Irrecuperable,430,265476.0,617.4,2.35,2.68,430
202604,55132,TIENDAJUBILO S.A.,No Financiero,Total,1,Situacion normal,15579,8093085.0,519.5,85.32,81.84,15579
202604,55132,TIENDAJUBILO S.A.,No Financiero,Total,2,Con seguimiento especial / riesgo bajo,432,295320.0,683.6,2.37,2.99,432
202604,55132,TIENDAJUBILO S.A.,No Financiero,Total,3,Con problemas / riesgo medio,682,493864.0,724.1,3.73,4.99,682
202604,55132,TIENDAJUBILO S.A.,No Financiero,Total,4,Con alto riesgo de insolvencia / riesgo alto,1137,740870.0,651.6,6.23,7.49,1137
202604,55132,TIENDAJUBILO S.A.,No Financiero,Total,5,Irrecuperable,430,265476.0,617.4,2.35,2.68,430
202604,55133,Rotas S.A.,No Financiero,Empresas,1,Situacion normal,51,3751788.0,73564.5,86.44,97.40,51
202604,55133,Rotas S.A.,No Financiero,Empresas,2,Con seguimiento especial / riesgo bajo,3,14676.0,4892.0,5.08,0.38,3
202604,55133,Rotas S.A.,No Financiero,Empresas,3,Con problemas / riesgo medio,2,35122.0,17561.0,3.39,0.91,2
202604,55133,Rotas S.A.,No Financiero,Empresas,4,Con alto riesgo de insolvencia / riesgo alto,2,44678.0,22339.0,3.39,1.16,2
202604,55133,Rotas S.A.,No Financiero,Empresas,5,Irrecuperable,1,5718.0,5718.0,1.69,0.15,1
202604,55133,Rotas S.A.,No Financiero,Familias,1,Situacion normal,12,160328.0,13360.7,1.45,68.57,12
202604,55133,Rotas S.A.,No Financiero,Familias,3,Con problemas / riesgo medio,1,13338.0,13338.0,0.12,5.70,1
202604,55133,Rotas S.A.,No Financiero,Familias,5,Irrecuperable,816,60143.0,73.7,98.43,25.72,816
202604,55133,Rotas S.A.,No Financiero,Total,1,Situacion normal,63,3912116.0,62097.1,7.09,95.75,63
202604,55133,Rotas S.A.,No Financiero,Total,2,Con seguimiento especial / riesgo bajo,3,14676.0,4892.0,0.34,0.36,3
202604,55133,Rotas S.A.,No Financiero,Total,3,Con problemas / riesgo medio,3,48460.0,16153.3,0.34,1.19,3
202604,55133,Rotas S.A.,No Financiero,Total,4,Con alto riesgo de insolvencia / riesgo alto,2,44678.0,22339.0,0.23,1.09,2
202604,55133,Rotas S.A.,No Financiero,Total,5,Irrecuperable,817,65861.0,80.6,92.00,1.61,817
202604,55134,MAXIHOGAR SRL,No Financiero,Familias,1,Situacion normal,959,499898.0,521.3,22.98,58.50,959
202604,55134,MAXIHOGAR SRL,No Financiero,Familias,2,Con seguimiento especial / riesgo bajo,46,19084.0,414.9,1.10,2.23,46
202604,55134,MAXIHOGAR SRL,No Financiero,Familias,3,Con problemas / riesgo medio,72,34860.0,484.2,1.73,4.08,72
202604,55134,MAXIHOGAR SRL,No Financiero,Familias,4,Con alto riesgo de insolvencia / riesgo alto,109,37302.0,342.2,2.61,4.37,109
202604,55134,MAXIHOGAR SRL,No Financiero,Familias,5,Irrecuperable,2987,263394.0,88.2,71.58,30.82,2987
202604,55134,MAXIHOGAR SRL,No Financiero,Total,1,Situacion normal,959,499898.0,521.3,22.98,58.50,959
202604,55134,MAXIHOGAR SRL,No Financiero,Total,2,Con seguimiento especial / riesgo bajo,46,19084.0,414.9,1.10,2.23,46
202604,55134,MAXIHOGAR SRL,No Financiero,Total,3,Con problemas / riesgo medio,72,34860.0,484.2,1.73,4.08,72
202604,55134,MAXIHOGAR SRL,No Financiero,Total,4,Con alto riesgo de insolvencia / riesgo alto,109,37302.0,342.2,2.61,4.37,109
202604,55134,MAXIHOGAR SRL,No Financiero,Total,5,Irrecuperable,2987,263394.0,88.2,71.58,30.82,2987
202604,55136,Vento Capital S.A.,No Financiero,Empresas,1,Situacion normal,9,1122240.0,124693.3,81.82,98.16,9
202604,55136,Vento Capital S.A.,No Financiero,Empresas,5,Irrecuperable,2,21070.0,10535.0,18.18,1.84,2
202604,55136,Vento Capital S.A.,No Financiero,Familias,1,Situacion normal,3234,3579001.0,1106.7,38.93,44.67,3234
202604,55136,Vento Capital S.A.,No Financiero,Familias,2,Con seguimiento especial / riesgo bajo,410,516743.0,1260.3,4.94,6.45,410
202604,55136,Vento Capital S.A.,No Financiero,Familias,3,Con problemas / riesgo medio,714,866457.0,1213.5,8.60,10.82,714
202604,55136,Vento Capital S.A.,No Financiero,Familias,4,Con alto riesgo de insolvencia / riesgo alto,1552,1920451.0,1237.4,18.68,23.97,1552
202604,55136,Vento Capital S.A.,No Financiero,Familias,5,Irrecuperable,2397,1128701.0,470.9,28.86,14.09,2397
202604,55136,Vento Capital S.A.,No Financiero,Total,1,Situacion normal,3243,4701241.0,1449.7,38.99,51.35,3243
202604,55136,Vento Capital S.A.,No Financiero,Total,2,Con seguimiento especial / riesgo bajo,410,516743.0,1260.3,4.93,5.64,410
202604,55136,Vento Capital S.A.,No Financiero,Total,3,Con problemas / riesgo medio,714,866457.0,1213.5,8.58,9.46,714
202604,55136,Vento Capital S.A.,No Financiero,Total,4,Con alto riesgo de insolvencia / riesgo alto,1552,1920451.0,1237.4,18.66,20.98,1552
202604,55136,Vento Capital S.A.,No Financiero,Total,5,Irrecuperable,2399,1149771.0,479.3,28.84,12.56,2399
202604,55137,"Cooperativa de Crédito, Consumo, Vivienda y Servicios Sociales Videgar",No Financiero,Familias,1,Situacion normal,1024,554471.0,541.5,55.71,80.91,1024
202604,55137,"Cooperativa de Crédito, Consumo, Vivienda y Servicios Sociales Videgar",No Financiero,Familias,2,Con seguimiento especial / riesgo bajo,39,18585.0,476.5,2.12,2.71,39
202604,55137,"Cooperativa de Crédito, Consumo, Vivienda y Servicios Sociales Videgar",No Financiero,Familias,3,Con problemas / riesgo medio,38,15450.0,406.6,2.07,2.25,38
202604,55137,"Cooperativa de Crédito, Consumo, Vivienda y Servicios Sociales Videgar",No Financiero,Familias,4,Con alto riesgo de insolvencia / riesgo alto,44,17366.0,394.7,2.39,2.53,44
202604,55137,"Cooperativa de Crédito, Consumo, Vivienda y Servicios Sociales Videgar",No Financiero,Familias,5,Irrecuperable,693,79389.0,114.6,37.70,11.59,693
202604,55137,"Cooperativa de Crédito, Consumo, Vivienda y Servicios Sociales Videgar",No Financiero,Total,1,Situacion normal,1024,554471.0,541.5,55.71,80.91,1024
202604,55137,"Cooperativa de Crédito, Consumo, Vivienda y Servicios Sociales Videgar",No Financiero,Total,2,Con seguimiento especial / riesgo bajo,39,18585.0,476.5,2.12,2.71,39
202604,55137,"Cooperativa de Crédito, Consumo, Vivienda y Servicios Sociales Videgar",No Financiero,Total,3,Con problemas / riesgo medio,38,15450.0,406.6,2.07,2.25,38
202604,55137,"Cooperativa de Crédito, Consumo, Vivienda y Servicios Sociales Videgar",No Financiero,Total,4,Con alto riesgo de insolvencia / riesgo alto,44,17366.0,394.7,2.39,2.53,44
202604,55137,"Cooperativa de Crédito, Consumo, Vivienda y Servicios Sociales Videgar",No Financiero,Total,5,Irrecuperable,693,79389.0,114.6,37.70,11.59,693
202604,55141,AD CREDITOS S.A.,No Financiero,Familias,1,Situacion normal,248,204342.0,824.0,48.06,65.03,248
202604,55141,AD CREDITOS S.A.,No Financiero,Familias,2,Con seguimiento especial / riesgo bajo,31,22106.0,713.1,6.01,7.04,31
202604,55141,AD CREDITOS S.A.,No Financiero,Familias,3,Con problemas / riesgo medio,49,39624.0,808.7,9.50,12.61,49
202604,55141,AD CREDITOS S.A.,No Financiero,Familias,4,Con alto riesgo de insolvencia / riesgo alto,38,14181.0,373.2,7.36,4.51,38
202604,55141,AD CREDITOS S.A.,No Financiero,Familias,5,Irrecuperable,150,33964.0,226.4,29.07,10.81,150
202604,55141,AD CREDITOS S.A.,No Financiero,Total,1,Situacion normal,248,204342.0,824.0,48.06,65.03,248
202604,55141,AD CREDITOS S.A.,No Financiero,Total,2,Con seguimiento especial / riesgo bajo,31,22106.0,713.1,6.01,7.04,31
202604,55141,AD CREDITOS S.A.,No Financiero,Total,3,Con problemas / riesgo medio,49,39624.0,808.7,9.50,12.61,49
202604,55141,AD CREDITOS S.A.,No Financiero,Total,4,Con alto riesgo de insolvencia / riesgo alto,38,14181.0,373.2,7.36,4.51,38
202604,55141,AD CREDITOS S.A.,No Financiero,Total,5,Irrecuperable,150,33964.0,226.4,29.07,10.81,150
202604,55142,Emprendimiento La Luisina SRL,No Financiero,Familias,1,Situacion normal,17216,11598710.0,673.7,36.73,45.48,17216
202604,55142,Emprendimiento La Luisina SRL,No Financiero,Familias,2,Con seguimiento especial / riesgo bajo,3129,2670815.0,853.6,6.67,10.47,3129
202604,55142,Emprendimiento La Luisina SRL,No Financiero,Familias,3,Con problemas / riesgo medio,3905,3183723.0,815.3,8.33,12.48,3905
202604,55142,Emprendimiento La Luisina SRL,No Financiero,Familias,4,Con alto riesgo de insolvencia / riesgo alto,5553,3337273.0,601.0,11.85,13.09,5553
202604,55142,Emprendimiento La Luisina SRL,No Financiero,Familias,5,Irrecuperable,17074,4713246.0,276.0,36.42,18.48,17074
202604,55142,Emprendimiento La Luisina SRL,No Financiero,Total,1,Situacion normal,17216,11598710.0,673.7,36.73,45.48,17216
202604,55142,Emprendimiento La Luisina SRL,No Financiero,Total,2,Con seguimiento especial / riesgo bajo,3129,2670815.0,853.6,6.67,10.47,3129
202604,55142,Emprendimiento La Luisina SRL,No Financiero,Total,3,Con problemas / riesgo medio,3905,3183723.0,815.3,8.33,12.48,3905
202604,55142,Emprendimiento La Luisina SRL,No Financiero,Total,4,Con alto riesgo de insolvencia / riesgo alto,5553,3337273.0,601.0,11.85,13.09,5553
202604,55142,Emprendimiento La Luisina SRL,No Financiero,Total,5,Irrecuperable,17074,4713246.0,276.0,36.42,18.48,17074
202604,55144,ASOCIACION MUTUAL 23 DE SEPTIEMBRE,No Financiero,Empresas,1,Situacion normal,22,2843448.0,129247.6,44.00,58.17,22
202604,55144,ASOCIACION MUTUAL 23 DE SEPTIEMBRE,No Financiero,Empresas,2,Con seguimiento especial / riesgo bajo,1,227708.0,227708.0,2.00,4.66,1
202604,55144,ASOCIACION MUTUAL 23 DE SEPTIEMBRE,No Financiero,Empresas,3,Con problemas / riesgo medio,4,58904.0,14726.0,8.00,1.21,4
202604,55144,ASOCIACION MUTUAL 23 DE SEPTIEMBRE,No Financiero,Empresas,4,Con alto riesgo de insolvencia / riesgo alto,15,1316447.0,87763.1,30.00,26.93,15
202604,55144,ASOCIACION MUTUAL 23 DE SEPTIEMBRE,No Financiero,Empresas,5,Irrecuperable,8,441530.0,55191.2,16.00,9.03,8
202604,55144,ASOCIACION MUTUAL 23 DE SEPTIEMBRE,No Financiero,Familias,1,Situacion normal,17,151965.0,8939.1,44.74,22.06,17
202604,55144,ASOCIACION MUTUAL 23 DE SEPTIEMBRE,No Financiero,Familias,2,Con seguimiento especial / riesgo bajo,1,6505.0,6505.0,2.63,0.94,1
202604,55144,ASOCIACION MUTUAL 23 DE SEPTIEMBRE,No Financiero,Familias,3,Con problemas / riesgo medio,1,6787.0,6787.0,2.63,0.99,1
202604,55144,ASOCIACION MUTUAL 23 DE SEPTIEMBRE,No Financiero,Familias,4,Con alto riesgo de insolvencia / riesgo alto,5,153663.0,30732.6,13.16,22.31,5
202604,55144,ASOCIACION MUTUAL 23 DE SEPTIEMBRE,No Financiero,Familias,5,Irrecuperable,14,369834.0,26416.7,36.84,53.70,14
202604,55144,ASOCIACION MUTUAL 23 DE SEPTIEMBRE,No Financiero,Total,1,Situacion normal,39,2995413.0,76805.5,44.32,53.71,39
202604,55144,ASOCIACION MUTUAL 23 DE SEPTIEMBRE,No Financiero,Total,2,Con seguimiento especial / riesgo bajo,2,234213.0,117106.5,2.27,4.20,2
202604,55144,ASOCIACION MUTUAL 23 DE SEPTIEMBRE,No Financiero,Total,3,Con problemas / riesgo medio,5,65691.0,13138.2,5.68,1.18,5
202604,55144,ASOCIACION MUTUAL 23 DE SEPTIEMBRE,No Financiero,Total,4,Con alto riesgo de insolvencia / riesgo alto,20,1470110.0,73505.5,22.73,26.36,20
202604,55144,ASOCIACION MUTUAL 23 DE SEPTIEMBRE,No Financiero,Total,5,Irrecuperable,22,811364.0,36880.2,25.00,14.55,22
202604,55146,LIPACO MERCANTIL S.A.,No Financiero,Familias,1,Situacion normal,1334,595085.0,446.1,91.24,88.07,1334
202604,55146,LIPACO MERCANTIL S.A.,No Financiero,Familias,2,Con seguimiento especial / riesgo bajo,30,28369.0,945.6,2.05,4.20,30
202604,55146,LIPACO MERCANTIL S.A.,No Financiero,Familias,3,Con problemas / riesgo medio,17,13745.0,808.5,1.16,2.03,17
202604,55146,LIPACO MERCANTIL S.A.,No Financiero,Familias,4,Con alto riesgo de insolvencia / riesgo alto,22,23624.0,1073.8,1.50,3.50,22
202604,55146,LIPACO MERCANTIL S.A.,No Financiero,Familias,5,Irrecuperable,59,14838.0,251.5,4.04,2.20,59
202604,55146,LIPACO MERCANTIL S.A.,No Financiero,Total,1,Situacion normal,1334,595085.0,446.1,91.24,88.07,1334
202604,55146,LIPACO MERCANTIL S.A.,No Financiero,Total,2,Con seguimiento especial / riesgo bajo,30,28369.0,945.6,2.05,4.20,30
202604,55146,LIPACO MERCANTIL S.A.,No Financiero,Total,3,Con problemas / riesgo medio,17,13745.0,808.5,1.16,2.03,17
202604,55146,LIPACO MERCANTIL S.A.,No Financiero,Total,4,Con alto riesgo de insolvencia / riesgo alto,22,23624.0,1073.8,1.50,3.50,22
202604,55146,LIPACO MERCANTIL S.A.,No Financiero,Total,5,Irrecuperable,59,14838.0,251.5,4.04,2.20,59
202604,55148,Collins S.A.,No Financiero,Familias,1,Situacion normal,11326,16278228.0,1437.2,85.06,86.89,11326
202604,55148,Collins S.A.,No Financiero,Familias,2,Con seguimiento especial / riesgo bajo,616,1055566.0,1713.6,4.63,5.63,616
202604,55148,Collins S.A.,No Financiero,Familias,3,Con problemas / riesgo medio,280,407714.0,1456.1,2.10,2.18,280
202604,55148,Collins S.A.,No Financiero,Familias,4,Con alto riesgo de insolvencia / riesgo alto,310,462098.0,1490.6,2.33,2.47,310
202604,55148,Collins S.A.,No Financiero,Familias,5,Irrecuperable,784,531117.0,677.4,5.89,2.83,784
202604,55148,Collins S.A.,No Financiero,Total,1,Situacion normal,11326,16278228.0,1437.2,85.06,86.89,11326
202604,55148,Collins S.A.,No Financiero,Total,2,Con seguimiento especial / riesgo bajo,616,1055566.0,1713.6,4.63,5.63,616
202604,55148,Collins S.A.,No Financiero,Total,3,Con problemas / riesgo medio,280,407714.0,1456.1,2.10,2.18,280
202604,55148,Collins S.A.,No Financiero,Total,4,Con alto riesgo de insolvencia / riesgo alto,310,462098.0,1490.6,2.33,2.47,310
202604,55148,Collins S.A.,No Financiero,Total,5,Irrecuperable,784,531117.0,677.4,5.89,2.83,784
202604,55149,INDO S.A.,No Financiero,Familias,1,Situacion normal,35109,8289168.0,236.1,69.76,70.12,35109
202604,55149,INDO S.A.,No Financiero,Familias,2,Con seguimiento especial / riesgo bajo,2911,749657.0,257.5,5.78,6.34,2911
202604,55149,INDO S.A.,No Financiero,Familias,3,Con problemas / riesgo medio,2404,642607.0,267.3,4.78,5.44,2404
202604,55149,INDO S.A.,No Financiero,Familias,4,Con alto riesgo de insolvencia / riesgo alto,3896,926983.0,237.9,7.74,7.84,3896
202604,55149,INDO S.A.,No Financiero,Familias,5,Irrecuperable,6007,1213598.0,202.0,11.94,10.27,6007
202604,55149,INDO S.A.,No Financiero,Total,1,Situacion normal,35109,8289168.0,236.1,69.76,70.12,35109
202604,55149,INDO S.A.,No Financiero,Total,2,Con seguimiento especial / riesgo bajo,2911,749657.0,257.5,5.78,6.34,2911
202604,55149,INDO S.A.,No Financiero,Total,3,Con problemas / riesgo medio,2404,642607.0,267.3,4.78,5.44,2404
202604,55149,INDO S.A.,No Financiero,Total,4,Con alto riesgo de insolvencia / riesgo alto,3896,926983.0,237.9,7.74,7.84,3896
202604,55149,INDO S.A.,No Financiero,Total,5,Irrecuperable,6007,1213598.0,202.0,11.94,10.27,6007
202604,55152,Asociación Mutual de protección Familiar,No Financiero,Familias,1,Situacion normal,9269,4253186.0,458.9,55.25,51.02,9269
202604,55152,Asociación Mutual de protección Familiar,No Financiero,Familias,2,Con seguimiento especial / riesgo bajo,1323,698136.0,527.7,7.89,8.37,1323
202604,55152,Asociación Mutual de protección Familiar,No Financiero,Familias,3,Con problemas / riesgo medio,1290,744205.0,576.9,7.69,8.93,1290
202604,55152,Asociación Mutual de protección Familiar,No Financiero,Familias,4,Con alto riesgo de insolvencia / riesgo alto,1841,1418225.0,770.4,10.97,17.01,1841
202604,55152,Asociación Mutual de protección Familiar,No Financiero,Familias,5,Irrecuperable,3054,1222849.0,400.4,18.20,14.67,3054
202604,55152,Asociación Mutual de protección Familiar,No Financiero,Total,1,Situacion normal,9269,4253186.0,458.9,55.25,51.02,9269
202604,55152,Asociación Mutual de protección Familiar,No Financiero,Total,2,Con seguimiento especial / riesgo bajo,1323,698136.0,527.7,7.89,8.37,1323
202604,55152,Asociación Mutual de protección Familiar,No Financiero,Total,3,Con problemas / riesgo medio,1290,744205.0,576.9,7.69,8.93,1290
202604,55152,Asociación Mutual de protección Familiar,No Financiero,Total,4,Con alto riesgo de insolvencia / riesgo alto,1841,1418225.0,770.4,10.97,17.01,1841
202604,55152,Asociación Mutual de protección Familiar,No Financiero,Total,5,Irrecuperable,3054,1222849.0,400.4,18.20,14.67,3054
202604,55156,UNIGESTION SA,No Financiero,Familias,1,Situacion normal,4578,3649141.0,797.1,78.08,85.63,4578
202604,55156,UNIGESTION SA,No Financiero,Familias,2,Con seguimiento especial / riesgo bajo,246,168488.0,684.9,4.20,3.95,246
202604,55156,UNIGESTION SA,No Financiero,Familias,3,Con problemas / riesgo medio,217,172480.0,794.8,3.70,4.05,217
202604,55156,UNIGESTION SA,No Financiero,Familias,4,Con alto riesgo de insolvencia / riesgo alto,318,162023.0,509.5,5.42,3.80,318
202604,55156,UNIGESTION SA,No Financiero,Familias,5,Irrecuperable,504,109387.0,217.0,8.60,2.57,504
202604,55156,UNIGESTION SA,No Financiero,Total,1,Situacion normal,4578,3649141.0,797.1,78.08,85.63,4578
202604,55156,UNIGESTION SA,No Financiero,Total,2,Con seguimiento especial / riesgo bajo,246,168488.0,684.9,4.20,3.95,246
202604,55156,UNIGESTION SA,No Financiero,Total,3,Con problemas / riesgo medio,217,172480.0,794.8,3.70,4.05,217
202604,55156,UNIGESTION SA,No Financiero,Total,4,Con alto riesgo de insolvencia / riesgo alto,318,162023.0,509.5,5.42,3.80,318
202604,55156,UNIGESTION SA,No Financiero,Total,5,Irrecuperable,504,109387.0,217.0,8.60,2.57,504
202604,55158,San Cristóbal Bienes Raíces S.A.,No Financiero,Empresas,1,Situacion normal,37,2492705.0,67370.4,59.68,48.46,37
202604,55158,San Cristóbal Bienes Raíces S.A.,No Financiero,Empresas,2,Con seguimiento especial / riesgo bajo,4,267928.0,66982.0,6.45,5.21,4
202604,55158,San Cristóbal Bienes Raíces S.A.,No Financiero,Empresas,3,Con problemas / riesgo medio,2,339462.0,169731.0,3.23,6.60,2
202604,55158,San Cristóbal Bienes Raíces S.A.,No Financiero,Empresas,4,Con alto riesgo de insolvencia / riesgo alto,17,2035334.0,119725.5,27.42,39.56,17
202604,55158,San Cristóbal Bienes Raíces S.A.,No Financiero,Empresas,5,Irrecuperable,2,8853.0,4426.5,3.23,0.17,2
202604,55158,San Cristóbal Bienes Raíces S.A.,No Financiero,Familias,1,Situacion normal,182,6339744.0,34833.8,75.21,78.21,182
202604,55158,San Cristóbal Bienes Raíces S.A.,No Financiero,Familias,2,Con seguimiento especial / riesgo bajo,21,530387.0,25256.5,8.68,6.54,21
202604,55158,San Cristóbal Bienes Raíces S.A.,No Financiero,Familias,3,Con problemas / riesgo medio,8,416778.0,52097.2,3.31,5.14,8
202604,55158,San Cristóbal Bienes Raíces S.A.,No Financiero,Familias,4,Con alto riesgo de insolvencia / riesgo alto,16,576247.0,36015.4,6.61,7.11,16
202604,55158,San Cristóbal Bienes Raíces S.A.,No Financiero,Familias,5,Irrecuperable,15,242920.0,16194.7,6.20,3.00,15
202604,55158,San Cristóbal Bienes Raíces S.A.,No Financiero,Total,1,Situacion normal,219,8832449.0,40330.8,72.04,66.66,219
202604,55158,San Cristóbal Bienes Raíces S.A.,No Financiero,Total,2,Con seguimiento especial / riesgo bajo,25,798315.0,31932.6,8.22,6.02,25
202604,55158,San Cristóbal Bienes Raíces S.A.,No Financiero,Total,3,Con problemas / riesgo medio,10,756240.0,75624.0,3.29,5.71,10
202604,55158,San Cristóbal Bienes Raíces S.A.,No Financiero,Total,4,Con alto riesgo de insolvencia / riesgo alto,33,2611581.0,79138.8,10.86,19.71,33
202604,55158,San Cristóbal Bienes Raíces S.A.,No Financiero,Total,5,Irrecuperable,17,251773.0,14810.2,5.59,1.90,17
202604,55160,"Arrayanes Cooperativa de Vivienda, Crédito y Consumo",No Financiero,Familias,1,Situacion normal,248,295471.0,1191.4,44.77,48.15,248
202604,55160,"Arrayanes Cooperativa de Vivienda, Crédito y Consumo",No Financiero,Familias,2,Con seguimiento especial / riesgo bajo,71,84574.0,1191.2,12.82,13.78,71
202604,55160,"Arrayanes Cooperativa de Vivienda, Crédito y Consumo",No Financiero,Familias,3,Con problemas / riesgo medio,32,57215.0,1788.0,5.78,9.32,32
202604,55160,"Arrayanes Cooperativa de Vivienda, Crédito y Consumo",No Financiero,Familias,4,Con alto riesgo de insolvencia / riesgo alto,23,49573.0,2155.3,4.15,8.08,23
202604,55160,"Arrayanes Cooperativa de Vivienda, Crédito y Consumo",No Financiero,Familias,5,Irrecuperable,180,126766.0,704.3,32.49,20.66,180
202604,55160,"Arrayanes Cooperativa de Vivienda, Crédito y Consumo",No Financiero,Total,1,Situacion normal,248,295471.0,1191.4,44.77,48.15,248
202604,55160,"Arrayanes Cooperativa de Vivienda, Crédito y Consumo",No Financiero,Total,2,Con seguimiento especial / riesgo bajo,71,84574.0,1191.2,12.82,13.78,71
202604,55160,"Arrayanes Cooperativa de Vivienda, Crédito y Consumo",No Financiero,Total,3,Con problemas / riesgo medio,32,57215.0,1788.0,5.78,9.32,32
202604,55160,"Arrayanes Cooperativa de Vivienda, Crédito y Consumo",No Financiero,Total,4,Con alto riesgo de insolvencia / riesgo alto,23,49573.0,2155.3,4.15,8.08,23
202604,55160,"Arrayanes Cooperativa de Vivienda, Crédito y Consumo",No Financiero,Total,5,Irrecuperable,180,126766.0,704.3,32.49,20.66,180
202604,55162,Aquiprestamos.com S.A.,No Financiero,Familias,1,Situacion normal,110,7400.0,67.3,10.62,21.16,110
202604,55162,Aquiprestamos.com S.A.,No Financiero,Familias,2,Con seguimiento especial / riesgo bajo,5,410.0,82.0,0.48,1.17,5
202604,55162,Aquiprestamos.com S.A.,No Financiero,Familias,3,Con problemas / riesgo medio,4,173.0,43.2,0.39,0.49,4
202604,55162,Aquiprestamos.com S.A.,No Financiero,Familias,4,Con alto riesgo de insolvencia / riesgo alto,2,58.0,29.0,0.19,0.17,2
202604,55162,Aquiprestamos.com S.A.,No Financiero,Familias,5,Irrecuperable,915,26924.0,29.4,88.32,77.00,915
202604,55162,Aquiprestamos.com S.A.,No Financiero,Total,1,Situacion normal,110,7400.0,67.3,10.62,21.16,110
202604,55162,Aquiprestamos.com S.A.,No Financiero,Total,2,Con seguimiento especial / riesgo bajo,5,410.0,82.0,0.48,1.17,5
202604,55162,Aquiprestamos.com S.A.,No Financiero,Total,3,Con problemas / riesgo medio,4,173.0,43.2,0.39,0.49,4
202604,55162,Aquiprestamos.com S.A.,No Financiero,Total,4,Con alto riesgo de insolvencia / riesgo alto,2,58.0,29.0,0.19,0.17,2
202604,55162,Aquiprestamos.com S.A.,No Financiero,Total,5,Irrecuperable,915,26924.0,29.4,88.32,77.00,915
202604,55166,Waynicoin S.A.,No Financiero,Familias,1,Situacion normal,16010,10631270.0,664.0,23.86,16.72,16010
202604,55166,Waynicoin S.A.,No Financiero,Familias,2,Con seguimiento especial / riesgo bajo,4547,4748787.0,1044.4,6.78,7.47,4547
202604,55166,Waynicoin S.A.,No Financiero,Familias,3,Con problemas / riesgo medio,4828,6567094.0,1360.2,7.20,10.33,4828
202604,55166,Waynicoin S.A.,No Financiero,Familias,4,Con alto riesgo de insolvencia / riesgo alto,11569,14591261.0,1261.2,17.24,22.95,11569
202604,55166,Waynicoin S.A.,No Financiero,Familias,5,Irrecuperable,30133,27047157.0,897.6,44.92,42.54,30133
202604,55166,Waynicoin S.A.,No Financiero,Total,1,Situacion normal,16010,10631270.0,664.0,23.86,16.72,16010
202604,55166,Waynicoin S.A.,No Financiero,Total,2,Con seguimiento especial / riesgo bajo,4547,4748787.0,1044.4,6.78,7.47,4547
202604,55166,Waynicoin S.A.,No Financiero,Total,3,Con problemas / riesgo medio,4828,6567094.0,1360.2,7.20,10.33,4828
202604,55166,Waynicoin S.A.,No Financiero,Total,4,Con alto riesgo de insolvencia / riesgo alto,11569,14591261.0,1261.2,17.24,22.95,11569
202604,55166,Waynicoin S.A.,No Financiero,Total,5,Irrecuperable,30133,27047157.0,897.6,44.92,42.54,30133
202604,55170,"Cooperativa de Viv., Cred. y Con. Amigal Ltda.",No Financiero,Empresas,1,Situacion normal,9,2288725.0,254302.8,100.00,100.00,9
202604,55170,"Cooperativa de Viv., Cred. y Con. Amigal Ltda.",No Financiero,Familias,1,Situacion normal,1,108316.0,108316.0,50.00,28.51,1
202604,55170,"Cooperativa de Viv., Cred. y Con. Amigal Ltda.",No Financiero,Familias,5,Irrecuperable,1,271626.0,271626.0,50.00,71.49,1
202604,55170,"Cooperativa de Viv., Cred. y Con. Amigal Ltda.",No Financiero,Total,1,Situacion normal,10,2397041.0,239704.1,90.91,89.82,10
202604,55170,"Cooperativa de Viv., Cred. y Con. Amigal Ltda.",No Financiero,Total,5,Irrecuperable,1,271626.0,271626.0,9.09,10.18,1
202604,55175,"Cooperativa Interamericana de Credito, Vivienda y Consumo Limitada",No Financiero,Empresas,1,Situacion normal,19,1052011.0,55369.0,90.48,99.32,19
202604,55175,"Cooperativa Interamericana de Credito, Vivienda y Consumo Limitada",No Financiero,Empresas,4,Con alto riesgo de insolvencia / riesgo alto,2,7245.0,3622.5,9.52,0.68,2
202604,55175,"Cooperativa Interamericana de Credito, Vivienda y Consumo Limitada",No Financiero,Familias,1,Situacion normal,5,141647.0,28329.4,100.00,100.00,5
202604,55175,"Cooperativa Interamericana de Credito, Vivienda y Consumo Limitada",No Financiero,Total,1,Situacion normal,24,1193658.0,49735.8,92.31,99.40,24
202604,55175,"Cooperativa Interamericana de Credito, Vivienda y Consumo Limitada",No Financiero,Total,4,Con alto riesgo de insolvencia / riesgo alto,2,7245.0,3622.5,7.69,0.60,2
202604,55176,Trend Capital S.A.,No Financiero,Empresas,1,Situacion normal,88,21180911.0,240692.2,78.57,92.24,88
202604,55176,Trend Capital S.A.,No Financiero,Empresas,2,Con seguimiento especial / riesgo bajo,5,670253.0,134050.6,4.46,2.92,5
202604,55176,Trend Capital S.A.,No Financiero,Empresas,3,Con problemas / riesgo medio,11,869739.0,79067.2,9.82,3.79,11
202604,55176,Trend Capital S.A.,No Financiero,Empresas,4,Con alto riesgo de insolvencia / riesgo alto,3,91556.0,30518.7,2.68,0.40,3
202604,55176,Trend Capital S.A.,No Financiero,Empresas,5,Irrecuperable,5,151475.0,30295.0,4.46,0.66,5
202604,55176,Trend Capital S.A.,No Financiero,Familias,1,Situacion normal,7,117851.0,16835.9,77.78,56.29,7
202604,55176,Trend Capital S.A.,No Financiero,Familias,4,Con alto riesgo de insolvencia / riesgo alto,1,22679.0,22679.0,11.11,10.83,1
202604,55176,Trend Capital S.A.,No Financiero,Familias,5,Irrecuperable,1,68828.0,68828.0,11.11,32.88,1
202604,55176,Trend Capital S.A.,No Financiero,Total,1,Situacion normal,95,21298762.0,224197.5,78.51,91.91,95
202604,55176,Trend Capital S.A.,No Financiero,Total,2,Con seguimiento especial / riesgo bajo,5,670253.0,134050.6,4.13,2.89,5
202604,55176,Trend Capital S.A.,No Financiero,Total,3,Con problemas / riesgo medio,11,869739.0,79067.2,9.09,3.75,11
202604,55176,Trend Capital S.A.,No Financiero,Total,4,Con alto riesgo de insolvencia / riesgo alto,4,114235.0,28558.8,3.31,0.49,4
202604,55176,Trend Capital S.A.,No Financiero,Total,5,Irrecuperable,6,220303.0,36717.2,4.96,0.95,6
202604,55177,"Catalinas Cooperativa de Crédito, Consumo y Vivienda Ltda.",No Financiero,Empresas,1,Situacion normal,25,11479563.0,459182.5,71.43,92.29,25
202604,55177,"Catalinas Cooperativa de Crédito, Consumo y Vivienda Ltda.",No Financiero,Empresas,2,Con seguimiento especial / riesgo bajo,1,18303.0,18303.0,2.86,0.15,1
202604,55177,"Catalinas Cooperativa de Crédito, Consumo y Vivienda Ltda.",No Financiero,Empresas,3,Con problemas / riesgo medio,4,436506.0,109126.5,11.43,3.51,4
202604,55177,"Catalinas Cooperativa de Crédito, Consumo y Vivienda Ltda.",No Financiero,Empresas,4,Con alto riesgo de insolvencia / riesgo alto,1,57668.0,57668.0,2.86,0.46,1
202604,55177,"Catalinas Cooperativa de Crédito, Consumo y Vivienda Ltda.",No Financiero,Empresas,5,Irrecuperable,4,446887.0,111721.8,11.43,3.59,4
202604,55177,"Catalinas Cooperativa de Crédito, Consumo y Vivienda Ltda.",No Financiero,Familias,1,Situacion normal,3,39873.0,13291.0,100.00,100.00,3
202604,55177,"Catalinas Cooperativa de Crédito, Consumo y Vivienda Ltda.",No Financiero,Total,1,Situacion normal,28,11519436.0,411408.4,73.68,92.31,28
202604,55177,"Catalinas Cooperativa de Crédito, Consumo y Vivienda Ltda.",No Financiero,Total,2,Con seguimiento especial / riesgo bajo,1,18303.0,18303.0,2.63,0.15,1
202604,55177,"Catalinas Cooperativa de Crédito, Consumo y Vivienda Ltda.",No Financiero,Total,3,Con problemas / riesgo medio,4,436506.0,109126.5,10.53,3.50,4
202604,55177,"Catalinas Cooperativa de Crédito, Consumo y Vivienda Ltda.",No Financiero,Total,4,Con alto riesgo de insolvencia / riesgo alto,1,57668.0,57668.0,2.63,0.46,1
202604,55177,"Catalinas Cooperativa de Crédito, Consumo y Vivienda Ltda.",No Financiero,Total,5,Irrecuperable,4,446887.0,111721.8,10.53,3.58,4
202604,55178,Cooperativa de Crédito y Vivienda Unicred Ltda.,No Financiero,Empresas,1,Situacion normal,61,28913053.0,473984.5,84.72,96.31,61
202604,55178,Cooperativa de Crédito y Vivienda Unicred Ltda.,No Financiero,Empresas,3,Con problemas / riesgo medio,2,214805.0,107402.5,2.78,0.72,2
202604,55178,Cooperativa de Crédito y Vivienda Unicred Ltda.,No Financiero,Empresas,4,Con alto riesgo de insolvencia / riesgo alto,3,350318.0,116772.7,4.17,1.17,3
202604,55178,Cooperativa de Crédito y Vivienda Unicred Ltda.,No Financiero,Empresas,5,Irrecuperable,6,541436.0,90239.3,8.33,1.80,6
202604,55178,Cooperativa de Crédito y Vivienda Unicred Ltda.,No Financiero,Familias,1,Situacion normal,3,31560.0,10520.0,100.00,100.00,3
202604,55178,Cooperativa de Crédito y Vivienda Unicred Ltda.,No Financiero,Total,1,Situacion normal,64,28944613.0,452259.6,85.33,96.32,64
202604,55178,Cooperativa de Crédito y Vivienda Unicred Ltda.,No Financiero,Total,3,Con problemas / riesgo medio,2,214805.0,107402.5,2.67,0.71,2
202604,55178,Cooperativa de Crédito y Vivienda Unicred Ltda.,No Financiero,Total,4,Con alto riesgo de insolvencia / riesgo alto,3,350318.0,116772.7,4.00,1.17,3
202604,55178,Cooperativa de Crédito y Vivienda Unicred Ltda.,No Financiero,Total,5,Irrecuperable,6,541436.0,90239.3,8.00,1.80,6
202604,55183,"Nobel Cooperativa de Crédito, Vivienda y Servicio de Transporte Ltda.",No Financiero,Empresas,1,Situacion normal,12,1568764.0,130730.3,92.31,99.44,12
202604,55183,"Nobel Cooperativa de Crédito, Vivienda y Servicio de Transporte Ltda.",No Financiero,Empresas,4,Con alto riesgo de insolvencia / riesgo alto,1,8841.0,8841.0,7.69,0.56,1
202604,55183,"Nobel Cooperativa de Crédito, Vivienda y Servicio de Transporte Ltda.",No Financiero,Total,1,Situacion normal,12,1568764.0,130730.3,92.31,99.44,12
202604,55183,"Nobel Cooperativa de Crédito, Vivienda y Servicio de Transporte Ltda.",No Financiero,Total,4,Con alto riesgo de insolvencia / riesgo alto,1,8841.0,8841.0,7.69,0.56,1
202604,55188,"Cooperativa de Vivienda, Crédito y Consumo del Litoral Ltda",No Financiero,Empresas,1,Situacion normal,6,1112330.0,185388.3,60.00,81.52,6
202604,55188,"Cooperativa de Vivienda, Crédito y Consumo del Litoral Ltda",No Financiero,Empresas,3,Con problemas / riesgo medio,1,46000.0,46000.0,10.00,3.37,1
202604,55188,"Cooperativa de Vivienda, Crédito y Consumo del Litoral Ltda",No Financiero,Empresas,4,Con alto riesgo de insolvencia / riesgo alto,1,200000.0,200000.0,10.00,14.66,1
202604,55188,"Cooperativa de Vivienda, Crédito y Consumo del Litoral Ltda",No Financiero,Empresas,5,Irrecuperable,2,6173.0,3086.5,20.00,0.45,2
202604,55188,"Cooperativa de Vivienda, Crédito y Consumo del Litoral Ltda",No Financiero,Familias,1,Situacion normal,1,82903.0,82903.0,100.00,100.00,1
202604,55188,"Cooperativa de Vivienda, Crédito y Consumo del Litoral Ltda",No Financiero,Total,1,Situacion normal,7,1195233.0,170747.6,63.64,82.58,7
202604,55188,"Cooperativa de Vivienda, Crédito y Consumo del Litoral Ltda",No Financiero,Total,3,Con problemas / riesgo medio,1,46000.0,46000.0,9.09,3.18,1
202604,55188,"Cooperativa de Vivienda, Crédito y Consumo del Litoral Ltda",No Financiero,Total,4,Con alto riesgo de insolvencia / riesgo alto,1,200000.0,200000.0,9.09,13.82,1
202604,55188,"Cooperativa de Vivienda, Crédito y Consumo del Litoral Ltda",No Financiero,Total,5,Irrecuperable,2,6173.0,3086.5,18.18,0.43,2
202604,55189,Compañía General de Finanzas S.A.,No Financiero,Empresas,1,Situacion normal,15,5552897.0,370193.1,57.69,92.25,15
202604,55189,Compañía General de Finanzas S.A.,No Financiero,Empresas,3,Con problemas / riesgo medio,2,368309.0,184154.5,7.69,6.12,2
202604,55189,Compañía General de Finanzas S.A.,No Financiero,Empresas,4,Con alto riesgo de insolvencia / riesgo alto,1,50003.0,50003.0,3.85,0.83,1
202604,55189,Compañía General de Finanzas S.A.,No Financiero,Empresas,5,Irrecuperable,8,48434.0,6054.2,30.77,0.80,8
202604,55189,Compañía General de Finanzas S.A.,No Financiero,Familias,1,Situacion normal,2,23737.0,11868.5,100.00,100.00,2
202604,55189,Compañía General de Finanzas S.A.,No Financiero,Total,1,Situacion normal,17,5576634.0,328037.3,60.71,92.28,17
202604,55189,Compañía General de Finanzas S.A.,No Financiero,Total,3,Con problemas / riesgo medio,2,368309.0,184154.5,7.14,6.09,2
202604,55189,Compañía General de Finanzas S.A.,No Financiero,Total,4,Con alto riesgo de insolvencia / riesgo alto,1,50003.0,50003.0,3.57,0.83,1
202604,55189,Compañía General de Finanzas S.A.,No Financiero,Total,5,Irrecuperable,8,48434.0,6054.2,28.57,0.80,8
202604,55190,Gestisur Cooperativa de crédito y vivienda Ltda,No Financiero,Empresas,1,Situacion normal,12,1406183.0,117181.9,100.00,100.00,12
202604,55190,Gestisur Cooperativa de crédito y vivienda Ltda,No Financiero,Familias,1,Situacion normal,7,55473.0,7924.7,100.00,100.00,7
202604,55190,Gestisur Cooperativa de crédito y vivienda Ltda,No Financiero,Total,1,Situacion normal,19,1461656.0,76929.3,100.00,100.00,19
202604,55192,G Y F Factoring S.A.,No Financiero,Empresas,1,Situacion normal,21,61620.0,2934.3,100.00,100.00,21
202604,55192,G Y F Factoring S.A.,No Financiero,Familias,1,Situacion normal,12,35631.0,2969.2,100.00,100.00,12
202604,55192,G Y F Factoring S.A.,No Financiero,Total,1,Situacion normal,33,97251.0,2947.0,100.00,100.00,33
202604,55194,Policredito Coop. Limitada de Crédito y Vivienda.,No Financiero,Empresas,1,Situacion normal,24,263651.0,10985.5,80.00,99.71,24
202604,55194,Policredito Coop. Limitada de Crédito y Vivienda.,No Financiero,Empresas,5,Irrecuperable,6,760.0,126.7,20.00,0.29,6
202604,55194,Policredito Coop. Limitada de Crédito y Vivienda.,No Financiero,Familias,1,Situacion normal,7,37811.0,5401.6,100.00,100.00,7
202604,55194,Policredito Coop. Limitada de Crédito y Vivienda.,No Financiero,Total,1,Situacion normal,31,301462.0,9724.6,83.78,99.75,31
202604,55194,Policredito Coop. Limitada de Crédito y Vivienda.,No Financiero,Total,5,Irrecuperable,6,760.0,126.7,16.22,0.25,6
202604,55195,Libertador Factoring S.A.,No Financiero,Empresas,1,Situacion normal,18,6540103.0,363339.1,51.43,94.33,18
202604,55195,Libertador Factoring S.A.,No Financiero,Empresas,2,Con seguimiento especial / riesgo bajo,2,21323.0,10661.5,5.71,0.31,2
202604,55195,Libertador Factoring S.A.,No Financiero,Empresas,3,Con problemas / riesgo medio,1,2592.0,2592.0,2.86,0.04,1
202604,55195,Libertador Factoring S.A.,No Financiero,Empresas,5,Irrecuperable,14,369305.0,26378.9,40.00,5.33,14
202604,55195,Libertador Factoring S.A.,No Financiero,Familias,1,Situacion normal,1,15159.0,15159.0,100.00,100.00,1
202604,55195,Libertador Factoring S.A.,No Financiero,Total,1,Situacion normal,19,6555262.0,345013.8,52.78,94.34,19
202604,55195,Libertador Factoring S.A.,No Financiero,Total,2,Con seguimiento especial / riesgo bajo,2,21323.0,10661.5,5.56,0.31,2
202604,55195,Libertador Factoring S.A.,No Financiero,Total,3,Con problemas / riesgo medio,1,2592.0,2592.0,2.78,0.04,1
202604,55195,Libertador Factoring S.A.,No Financiero,Total,5,Irrecuperable,14,369305.0,26378.9,38.89,5.31,14
202604,55196,Cooperativa Concred de crédito y vivienda Ltda.,No Financiero,Empresas,1,Situacion normal,30,1371579.0,45719.3,96.77,99.99,30
202604,55196,Cooperativa Concred de crédito y vivienda Ltda.,No Financiero,Empresas,3,Con problemas / riesgo medio,1,88.0,88.0,3.23,0.01,1
202604,55196,Cooperativa Concred de crédito y vivienda Ltda.,No Financiero,Familias,1,Situacion normal,5,58164.0,11632.8,100.00,100.00,5
202604,55196,Cooperativa Concred de crédito y vivienda Ltda.,No Financiero,Total,1,Situacion normal,35,1429743.0,40849.8,97.22,99.99,35
202604,55196,Cooperativa Concred de crédito y vivienda Ltda.,No Financiero,Total,3,Con problemas / riesgo medio,1,88.0,88.0,2.78,0.01,1
202604,55197,"Invercoop Cooperativa de Crédito, Consumo y Vivienda Limitada",No Financiero,Empresas,1,Situacion normal,22,2481703.0,112804.7,81.48,85.71,22
202604,55197,"Invercoop Cooperativa de Crédito, Consumo y Vivienda Limitada",No Financiero,Empresas,3,Con problemas / riesgo medio,1,60000.0,60000.0,3.70,2.07,1
202604,55197,"Invercoop Cooperativa de Crédito, Consumo y Vivienda Limitada",No Financiero,Empresas,5,Irrecuperable,4,353899.0,88474.8,14.81,12.22,4
202604,55197,"Invercoop Cooperativa de Crédito, Consumo y Vivienda Limitada",No Financiero,Familias,1,Situacion normal,5,704226.0,140845.2,62.50,65.60,5
202604,55197,"Invercoop Cooperativa de Crédito, Consumo y Vivienda Limitada",No Financiero,Familias,3,Con problemas / riesgo medio,1,128700.0,128700.0,12.50,11.99,1
202604,55197,"Invercoop Cooperativa de Crédito, Consumo y Vivienda Limitada",No Financiero,Familias,5,Irrecuperable,2,240638.0,120319.0,25.00,22.41,2
202604,55197,"Invercoop Cooperativa de Crédito, Consumo y Vivienda Limitada",No Financiero,Total,1,Situacion normal,27,3185929.0,117997.4,77.14,80.27,27
202604,55197,"Invercoop Cooperativa de Crédito, Consumo y Vivienda Limitada",No Financiero,Total,3,Con problemas / riesgo medio,2,188700.0,94350.0,5.71,4.75,2
202604,55197,"Invercoop Cooperativa de Crédito, Consumo y Vivienda Limitada",No Financiero,Total,5,Irrecuperable,6,594537.0,99089.5,17.14,14.98,6
202604,55198,Cooperativa de Vivienda Crédito y Consumo Concepción Limitada,No Financiero,Empresas,1,Situacion normal,49,1618977.0,33040.3,85.96,93.76,49
202604,55198,Cooperativa de Vivienda Crédito y Consumo Concepción Limitada,No Financiero,Empresas,3,Con problemas / riesgo medio,4,93376.0,23344.0,7.02,5.41,4
202604,55198,Cooperativa de Vivienda Crédito y Consumo Concepción Limitada,No Financiero,Empresas,4,Con alto riesgo de insolvencia / riesgo alto,1,162.0,162.0,1.75,0.01,1
202604,55198,Cooperativa de Vivienda Crédito y Consumo Concepción Limitada,No Financiero,Empresas,5,Irrecuperable,3,14198.0,4732.7,5.26,0.82,3
202604,55198,Cooperativa de Vivienda Crédito y Consumo Concepción Limitada,No Financiero,Familias,1,Situacion normal,205,18501.0,90.2,100.00,100.00,205
202604,55198,Cooperativa de Vivienda Crédito y Consumo Concepción Limitada,No Financiero,Total,1,Situacion normal,254,1637478.0,6446.8,96.95,93.83,254
202604,55198,Cooperativa de Vivienda Crédito y Consumo Concepción Limitada,No Financiero,Total,3,Con problemas / riesgo medio,4,93376.0,23344.0,1.53,5.35,4
202604,55198,Cooperativa de Vivienda Crédito y Consumo Concepción Limitada,No Financiero,Total,4,Con alto riesgo de insolvencia / riesgo alto,1,162.0,162.0,0.38,0.01,1
202604,55198,Cooperativa de Vivienda Crédito y Consumo Concepción Limitada,No Financiero,Total,5,Irrecuperable,3,14198.0,4732.7,1.15,0.81,3
202604,55200,"Cooperativa de Vivienda, Crédito y Consumo para el Desarrollo Ltda (CO",No Financiero,Empresas,1,Situacion normal,1,7140.0,7140.0,16.67,2.44,1
202604,55200,"Cooperativa de Vivienda, Crédito y Consumo para el Desarrollo Ltda (CO",No Financiero,Empresas,4,Con alto riesgo de insolvencia / riesgo alto,4,283082.0,70770.5,66.67,96.89,4
202604,55200,"Cooperativa de Vivienda, Crédito y Consumo para el Desarrollo Ltda (CO",No Financiero,Empresas,5,Irrecuperable,1,1949.0,1949.0,16.67,0.67,1
202604,55200,"Cooperativa de Vivienda, Crédito y Consumo para el Desarrollo Ltda (CO",No Financiero,Familias,1,Situacion normal,1,155.0,155.0,33.33,0.68,1
202604,55200,"Cooperativa de Vivienda, Crédito y Consumo para el Desarrollo Ltda (CO",No Financiero,Familias,4,Con alto riesgo de insolvencia / riesgo alto,2,22769.0,11384.5,66.67,99.32,2
202604,55200,"Cooperativa de Vivienda, Crédito y Consumo para el Desarrollo Ltda (CO",No Financiero,Total,1,Situacion normal,2,7295.0,3647.5,22.22,2.32,2
202604,55200,"Cooperativa de Vivienda, Crédito y Consumo para el Desarrollo Ltda (CO",No Financiero,Total,4,Con alto riesgo de insolvencia / riesgo alto,6,305851.0,50975.2,66.67,97.07,6
202604,55200,"Cooperativa de Vivienda, Crédito y Consumo para el Desarrollo Ltda (CO",No Financiero,Total,5,Irrecuperable,1,1949.0,1949.0,11.11,0.62,1
202604,55201,Credit & Investment SRL,No Financiero,Familias,1,Situacion normal,79,173313.0,2193.8,47.88,58.85,79
202604,55201,Credit & Investment SRL,No Financiero,Familias,2,Con seguimiento especial / riesgo bajo,12,20869.0,1739.1,7.27,7.09,12
202604,55201,Credit & Investment SRL,No Financiero,Familias,3,Con problemas / riesgo medio,21,51524.0,2453.5,12.73,17.49,21
202604,55201,Credit & Investment SRL,No Financiero,Familias,4,Con alto riesgo de insolvencia / riesgo alto,12,22928.0,1910.7,7.27,7.79,12
202604,55201,Credit & Investment SRL,No Financiero,Familias,5,Irrecuperable,41,25880.0,631.2,24.85,8.79,41
202604,55201,Credit & Investment SRL,No Financiero,Total,1,Situacion normal,79,173313.0,2193.8,47.88,58.85,79
202604,55201,Credit & Investment SRL,No Financiero,Total,2,Con seguimiento especial / riesgo bajo,12,20869.0,1739.1,7.27,7.09,12
202604,55201,Credit & Investment SRL,No Financiero,Total,3,Con problemas / riesgo medio,21,51524.0,2453.5,12.73,17.49,21
202604,55201,Credit & Investment SRL,No Financiero,Total,4,Con alto riesgo de insolvencia / riesgo alto,12,22928.0,1910.7,7.27,7.79,12
202604,55201,Credit & Investment SRL,No Financiero,Total,5,Irrecuperable,41,25880.0,631.2,24.85,8.79,41
202604,55202,Depsa Valores S.A.,No Financiero,Empresas,1,Situacion normal,55,7892724.0,143504.1,83.33,95.93,55
202604,55202,Depsa Valores S.A.,No Financiero,Empresas,2,Con seguimiento especial / riesgo bajo,2,2891.0,1445.5,3.03,0.04,2
202604,55202,Depsa Valores S.A.,No Financiero,Empresas,3,Con problemas / riesgo medio,5,156082.0,31216.4,7.58,1.90,5
202604,55202,Depsa Valores S.A.,No Financiero,Empresas,4,Con alto riesgo de insolvencia / riesgo alto,3,90851.0,30283.7,4.55,1.10,3
202604,55202,Depsa Valores S.A.,No Financiero,Empresas,5,Irrecuperable,1,84802.0,84802.0,1.52,1.03,1
202604,55202,Depsa Valores S.A.,No Financiero,Familias,1,Situacion normal,9,174219.0,19357.7,100.00,100.00,9
202604,55202,Depsa Valores S.A.,No Financiero,Total,1,Situacion normal,64,8066943.0,126046.0,85.33,96.02,64
202604,55202,Depsa Valores S.A.,No Financiero,Total,2,Con seguimiento especial / riesgo bajo,2,2891.0,1445.5,2.67,0.03,2
202604,55202,Depsa Valores S.A.,No Financiero,Total,3,Con problemas / riesgo medio,5,156082.0,31216.4,6.67,1.86,5
202604,55202,Depsa Valores S.A.,No Financiero,Total,4,Con alto riesgo de insolvencia / riesgo alto,3,90851.0,30283.7,4.00,1.08,3
202604,55202,Depsa Valores S.A.,No Financiero,Total,5,Irrecuperable,1,84802.0,84802.0,1.33,1.01,1
202604,55204,Development Corp S.A.,No Financiero,Empresas,1,Situacion normal,20,2437849.0,121892.4,68.97,94.47,20
202604,55204,Development Corp S.A.,No Financiero,Empresas,3,Con problemas / riesgo medio,2,73109.0,36554.5,6.90,2.83,2
202604,55204,Development Corp S.A.,No Financiero,Empresas,5,Irrecuperable,7,69661.0,9951.6,24.14,2.70,7
202604,55204,Development Corp S.A.,No Financiero,Familias,1,Situacion normal,2,35362.0,17681.0,100.00,100.00,2
202604,55204,Development Corp S.A.,No Financiero,Total,1,Situacion normal,22,2473211.0,112418.7,70.97,94.54,22
202604,55204,Development Corp S.A.,No Financiero,Total,3,Con problemas / riesgo medio,2,73109.0,36554.5,6.45,2.79,2
202604,55204,Development Corp S.A.,No Financiero,Total,5,Irrecuperable,7,69661.0,9951.6,22.58,2.66,7
202604,55207,Mills Capital S.A.,No Financiero,Empresas,1,Situacion normal,3,614181.0,204727.0,15.00,76.00,3
202604,55207,Mills Capital S.A.,No Financiero,Empresas,2,Con seguimiento especial / riesgo bajo,2,163703.0,81851.5,10.00,20.26,2
202604,55207,Mills Capital S.A.,No Financiero,Empresas,5,Irrecuperable,15,30239.0,2015.9,75.00,3.74,15
202604,55207,Mills Capital S.A.,No Financiero,Familias,5,Irrecuperable,4,2555.0,638.8,100.00,100.00,4
202604,55207,Mills Capital S.A.,No Financiero,Total,1,Situacion normal,3,614181.0,204727.0,12.50,75.76,3
202604,55207,Mills Capital S.A.,No Financiero,Total,2,Con seguimiento especial / riesgo bajo,2,163703.0,81851.5,8.33,20.19,2
202604,55207,Mills Capital S.A.,No Financiero,Total,5,Irrecuperable,19,32794.0,1726.0,79.17,4.05,19
202604,55208,GS Negocios S.A.,No Financiero,Empresas,1,Situacion normal,6,1546394.0,257732.3,40.00,53.81,6
202604,55208,GS Negocios S.A.,No Financiero,Empresas,3,Con problemas / riesgo medio,1,20000.0,20000.0,6.67,0.70,1
202604,55208,GS Negocios S.A.,No Financiero,Empresas,4,Con alto riesgo de insolvencia / riesgo alto,1,11300.0,11300.0,6.67,0.39,1
202604,55208,GS Negocios S.A.,No Financiero,Empresas,5,Irrecuperable,7,1296098.0,185156.9,46.67,45.10,7
202604,55208,GS Negocios S.A.,No Financiero,Total,1,Situacion normal,6,1546394.0,257732.3,40.00,53.81,6
202604,55208,GS Negocios S.A.,No Financiero,Total,3,Con problemas / riesgo medio,1,20000.0,20000.0,6.67,0.70,1
202604,55208,GS Negocios S.A.,No Financiero,Total,4,Con alto riesgo de insolvencia / riesgo alto,1,11300.0,11300.0,6.67,0.39,1
202604,55208,GS Negocios S.A.,No Financiero,Total,5,Irrecuperable,7,1296098.0,185156.9,46.67,45.10,7
202604,55213,Multiplycard S.A.,No Financiero,Familias,1,Situacion normal,15877,7594512.0,478.3,45.04,43.41,15877
202604,55213,Multiplycard S.A.,No Financiero,Familias,2,Con seguimiento especial / riesgo bajo,1720,1067487.0,620.6,4.88,6.10,1720
202604,55213,Multiplycard S.A.,No Financiero,Familias,3,Con problemas / riesgo medio,2148,1530913.0,712.7,6.09,8.75,2148
202604,55213,Multiplycard S.A.,No Financiero,Familias,4,Con alto riesgo de insolvencia / riesgo alto,3529,2655672.0,752.5,10.01,15.18,3529
202604,55213,Multiplycard S.A.,No Financiero,Familias,5,Irrecuperable,11974,4645802.0,388.0,33.97,26.56,11974
202604,55213,Multiplycard S.A.,No Financiero,Total,1,Situacion normal,15877,7594512.0,478.3,45.04,43.41,15877
202604,55213,Multiplycard S.A.,No Financiero,Total,2,Con seguimiento especial / riesgo bajo,1720,1067487.0,620.6,4.88,6.10,1720
202604,55213,Multiplycard S.A.,No Financiero,Total,3,Con problemas / riesgo medio,2148,1530913.0,712.7,6.09,8.75,2148
202604,55213,Multiplycard S.A.,No Financiero,Total,4,Con alto riesgo de insolvencia / riesgo alto,3529,2655672.0,752.5,10.01,15.18,3529
202604,55213,Multiplycard S.A.,No Financiero,Total,5,Irrecuperable,11974,4645802.0,388.0,33.97,26.56,11974
202604,55214,Credinegocios Moscasil S.A.,No Financiero,Familias,1,Situacion normal,292,534869.0,1831.7,41.30,58.32,292
202604,55214,Credinegocios Moscasil S.A.,No Financiero,Familias,2,Con seguimiento especial / riesgo bajo,74,95668.0,1292.8,10.47,10.43,74
202604,55214,Credinegocios Moscasil S.A.,No Financiero,Familias,3,Con problemas / riesgo medio,8,7666.0,958.2,1.13,0.84,8
202604,55214,Credinegocios Moscasil S.A.,No Financiero,Familias,5,Irrecuperable,333,278956.0,837.7,47.10,30.42,333
202604,55214,Credinegocios Moscasil S.A.,No Financiero,Total,1,Situacion normal,292,534869.0,1831.7,41.30,58.32,292
202604,55214,Credinegocios Moscasil S.A.,No Financiero,Total,2,Con seguimiento especial / riesgo bajo,74,95668.0,1292.8,10.47,10.43,74
202604,55214,Credinegocios Moscasil S.A.,No Financiero,Total,3,Con problemas / riesgo medio,8,7666.0,958.2,1.13,0.84,8
202604,55214,Credinegocios Moscasil S.A.,No Financiero,Total,5,Irrecuperable,333,278956.0,837.7,47.10,30.42,333
202604,55219,Cooperativa de Vivienda Crédito y Consumo La Integradora Limitada,No Financiero,Familias,1,Situacion normal,7645,494656.0,64.7,77.88,52.05,7645
202604,55219,Cooperativa de Vivienda Crédito y Consumo La Integradora Limitada,No Financiero,Familias,2,Con seguimiento especial / riesgo bajo,146,101573.0,695.7,1.49,10.69,146
202604,55219,Cooperativa de Vivienda Crédito y Consumo La Integradora Limitada,No Financiero,Familias,3,Con problemas / riesgo medio,117,100818.0,861.7,1.19,10.61,117
202604,55219,Cooperativa de Vivienda Crédito y Consumo La Integradora Limitada,No Financiero,Familias,4,Con alto riesgo de insolvencia / riesgo alto,171,172602.0,1009.4,1.74,18.16,171
202604,55219,Cooperativa de Vivienda Crédito y Consumo La Integradora Limitada,No Financiero,Familias,5,Irrecuperable,1738,80735.0,46.5,17.70,8.49,1738
202604,55219,Cooperativa de Vivienda Crédito y Consumo La Integradora Limitada,No Financiero,Total,1,Situacion normal,7645,494656.0,64.7,77.88,52.05,7645
202604,55219,Cooperativa de Vivienda Crédito y Consumo La Integradora Limitada,No Financiero,Total,2,Con seguimiento especial / riesgo bajo,146,101573.0,695.7,1.49,10.69,146
202604,55219,Cooperativa de Vivienda Crédito y Consumo La Integradora Limitada,No Financiero,Total,3,Con problemas / riesgo medio,117,100818.0,861.7,1.19,10.61,117
202604,55219,Cooperativa de Vivienda Crédito y Consumo La Integradora Limitada,No Financiero,Total,4,Con alto riesgo de insolvencia / riesgo alto,171,172602.0,1009.4,1.74,18.16,171
202604,55219,Cooperativa de Vivienda Crédito y Consumo La Integradora Limitada,No Financiero,Total,5,Irrecuperable,1738,80735.0,46.5,17.70,8.49,1738
202604,55222,BFA Inversiones y Finanzas S.A.,No Financiero,Empresas,1,Situacion normal,5,67641.0,13528.2,100.00,100.00,5
202604,55222,BFA Inversiones y Finanzas S.A.,No Financiero,Familias,1,Situacion normal,24,72454.0,3018.9,61.54,54.88,24
202604,55222,BFA Inversiones y Finanzas S.A.,No Financiero,Familias,2,Con seguimiento especial / riesgo bajo,1,30828.0,30828.0,2.56,23.35,1
202604,55222,BFA Inversiones y Finanzas S.A.,No Financiero,Familias,4,Con alto riesgo de insolvencia / riesgo alto,4,5699.0,1424.8,10.26,4.32,4
202604,55222,BFA Inversiones y Finanzas S.A.,No Financiero,Familias,5,Irrecuperable,10,23038.0,2303.8,25.64,17.45,10
202604,55222,BFA Inversiones y Finanzas S.A.,No Financiero,Total,1,Situacion normal,29,140095.0,4830.9,65.91,70.17,29
202604,55222,BFA Inversiones y Finanzas S.A.,No Financiero,Total,2,Con seguimiento especial / riesgo bajo,1,30828.0,30828.0,2.27,15.44,1
202604,55222,BFA Inversiones y Finanzas S.A.,No Financiero,Total,4,Con alto riesgo de insolvencia / riesgo alto,4,5699.0,1424.8,9.09,2.85,4
202604,55222,BFA Inversiones y Finanzas S.A.,No Financiero,Total,5,Irrecuperable,10,23038.0,2303.8,22.73,11.54,10
202604,55225,EXI S.A.,No Financiero,Familias,3,Con problemas / riesgo medio,974,542964.0,557.5,2.32,3.30,974
202604,55225,EXI S.A.,No Financiero,Familias,4,Con alto riesgo de insolvencia / riesgo alto,6343,3311157.0,522.0,15.14,20.10,6343
202604,55225,EXI S.A.,No Financiero,Familias,5,Irrecuperable,34587,12619628.0,364.9,82.54,76.60,34587
202604,55225,EXI S.A.,No Financiero,Total,3,Con problemas / riesgo medio,974,542964.0,557.5,2.32,3.30,974
202604,55225,EXI S.A.,No Financiero,Total,4,Con alto riesgo de insolvencia / riesgo alto,6343,3311157.0,522.0,15.14,20.10,6343
202604,55225,EXI S.A.,No Financiero,Total,5,Irrecuperable,34587,12619628.0,364.9,82.54,76.60,34587
202604,55226,MSM Leasing S.A.,No Financiero,Empresas,1,Situacion normal,7,1024363.0,146337.6,87.50,95.78,7
202604,55226,MSM Leasing S.A.,No Financiero,Empresas,3,Con problemas / riesgo medio,1,45167.0,45167.0,12.50,4.22,1
202604,55226,MSM Leasing S.A.,No Financiero,Familias,1,Situacion normal,4,107464.0,26866.0,80.00,74.87,4
202604,55226,MSM Leasing S.A.,No Financiero,Familias,3,Con problemas / riesgo medio,1,36076.0,36076.0,20.00,25.13,1
202604,55226,MSM Leasing S.A.,No Financiero,Total,1,Situacion normal,11,1131827.0,102893.4,84.62,93.30,11
202604,55226,MSM Leasing S.A.,No Financiero,Total,3,Con problemas / riesgo medio,2,81243.0,40621.5,15.38,6.70,2
202604,55227,Mutual Federada 25 de junio SPR,No Financiero,Empresas,1,Situacion normal,50,2354605.0,47092.1,78.12,78.54,50
202604,55227,Mutual Federada 25 de junio SPR,No Financiero,Empresas,2,Con seguimiento especial / riesgo bajo,1,18590.0,18590.0,1.56,0.62,1
202604,55227,Mutual Federada 25 de junio SPR,No Financiero,Empresas,3,Con problemas / riesgo medio,2,177474.0,88737.0,3.12,5.92,2
202604,55227,Mutual Federada 25 de junio SPR,No Financiero,Empresas,4,Con alto riesgo de insolvencia / riesgo alto,5,248201.0,49640.2,7.81,8.28,5
202604,55227,Mutual Federada 25 de junio SPR,No Financiero,Empresas,5,Irrecuperable,6,198912.0,33152.0,9.38,6.64,6
202604,55227,Mutual Federada 25 de junio SPR,No Financiero,Familias,1,Situacion normal,2250,6168441.0,2741.5,89.32,89.72,2250
202604,55227,Mutual Federada 25 de junio SPR,No Financiero,Familias,2,Con seguimiento especial / riesgo bajo,69,167439.0,2426.7,2.74,2.44,69
202604,55227,Mutual Federada 25 de junio SPR,No Financiero,Familias,3,Con problemas / riesgo medio,51,177031.0,3471.2,2.02,2.57,51
202604,55227,Mutual Federada 25 de junio SPR,No Financiero,Familias,4,Con alto riesgo de insolvencia / riesgo alto,12,14839.0,1236.6,0.48,0.22,12
202604,55227,Mutual Federada 25 de junio SPR,No Financiero,Familias,5,Irrecuperable,137,347546.0,2536.8,5.44,5.05,137
202604,55227,Mutual Federada 25 de junio SPR,No Financiero,Total,1,Situacion normal,2300,8523046.0,3705.7,89.04,86.33,2300
202604,55227,Mutual Federada 25 de junio SPR,No Financiero,Total,2,Con seguimiento especial / riesgo bajo,70,186029.0,2657.6,2.71,1.88,70
202604,55227,Mutual Federada 25 de junio SPR,No Financiero,Total,3,Con problemas / riesgo medio,53,354505.0,6688.8,2.05,3.59,53
202604,55227,Mutual Federada 25 de junio SPR,No Financiero,Total,4,Con alto riesgo de insolvencia / riesgo alto,17,263040.0,15472.9,0.66,2.66,17
202604,55227,Mutual Federada 25 de junio SPR,No Financiero,Total,5,Irrecuperable,143,546458.0,3821.4,5.54,5.53,143
202604,55234,"1° de Julio Cooperativa de Vivienda, Crédito y Consumo Ltda",No Financiero,Familias,5,Irrecuperable,1,96.0,96.0,100.00,100.00,1
202604,55234,"1° de Julio Cooperativa de Vivienda, Crédito y Consumo Ltda",No Financiero,Total,5,Irrecuperable,1,96.0,96.0,100.00,100.00,1
202604,55235,Valerza S.A.,No Financiero,Empresas,5,Irrecuperable,2,91202.0,45601.0,100.00,100.00,2
202604,55235,Valerza S.A.,No Financiero,Familias,1,Situacion normal,945,2163934.0,2289.9,73.43,93.30,945
202604,55235,Valerza S.A.,No Financiero,Familias,2,Con seguimiento especial / riesgo bajo,21,25629.0,1220.4,1.63,1.11,21
202604,55235,Valerza S.A.,No Financiero,Familias,3,Con problemas / riesgo medio,80,39828.0,497.8,6.22,1.72,80
202604,55235,Valerza S.A.,No Financiero,Familias,4,Con alto riesgo de insolvencia / riesgo alto,48,37569.0,782.7,3.73,1.62,48
202604,55235,Valerza S.A.,No Financiero,Familias,5,Irrecuperable,193,52324.0,271.1,15.00,2.26,193
202604,55235,Valerza S.A.,No Financiero,Total,1,Situacion normal,945,2163934.0,2289.9,73.31,89.77,945
202604,55235,Valerza S.A.,No Financiero,Total,2,Con seguimiento especial / riesgo bajo,21,25629.0,1220.4,1.63,1.06,21
202604,55235,Valerza S.A.,No Financiero,Total,3,Con problemas / riesgo medio,80,39828.0,497.8,6.21,1.65,80
202604,55235,Valerza S.A.,No Financiero,Total,4,Con alto riesgo de insolvencia / riesgo alto,48,37569.0,782.7,3.72,1.56,48
202604,55235,Valerza S.A.,No Financiero,Total,5,Irrecuperable,195,143526.0,736.0,15.13,5.95,195
202604,55241,Joamar S.A.,No Financiero,Empresas,1,Situacion normal,10,3123340.0,312334.0,90.91,98.15,10
202604,55241,Joamar S.A.,No Financiero,Empresas,3,Con problemas / riesgo medio,1,59000.0,59000.0,9.09,1.85,1
202604,55241,Joamar S.A.,No Financiero,Familias,1,Situacion normal,1,29917.0,29917.0,100.00,100.00,1
202604,55241,Joamar S.A.,No Financiero,Total,1,Situacion normal,11,3153257.0,286659.7,91.67,98.16,11
202604,55241,Joamar S.A.,No Financiero,Total,3,Con problemas / riesgo medio,1,59000.0,59000.0,8.33,1.84,1
202604,55242,MG-Group S.A.,No Financiero,Familias,1,Situacion normal,4151,10569995.0,2546.4,57.43,61.46,4151
202604,55242,MG-Group S.A.,No Financiero,Familias,2,Con seguimiento especial / riesgo bajo,619,1789532.0,2891.0,8.56,10.41,619
202604,55242,MG-Group S.A.,No Financiero,Familias,3,Con problemas / riesgo medio,382,1192441.0,3121.6,5.29,6.93,382
202604,55242,MG-Group S.A.,No Financiero,Familias,4,Con alto riesgo de insolvencia / riesgo alto,675,813937.0,1205.8,9.34,4.73,675
202604,55242,MG-Group S.A.,No Financiero,Familias,5,Irrecuperable,1401,2831806.0,2021.3,19.38,16.47,1401
202604,55242,MG-Group S.A.,No Financiero,Total,1,Situacion normal,4151,10569995.0,2546.4,57.43,61.46,4151
202604,55242,MG-Group S.A.,No Financiero,Total,2,Con seguimiento especial / riesgo bajo,619,1789532.0,2891.0,8.56,10.41,619
202604,55242,MG-Group S.A.,No Financiero,Total,3,Con problemas / riesgo medio,382,1192441.0,3121.6,5.29,6.93,382
202604,55242,MG-Group S.A.,No Financiero,Total,4,Con alto riesgo de insolvencia / riesgo alto,675,813937.0,1205.8,9.34,4.73,675
202604,55242,MG-Group S.A.,No Financiero,Total,5,Irrecuperable,1401,2831806.0,2021.3,19.38,16.47,1401
202604,55244,"Mutual del agro, la industria y el comercio de Santa Fe",No Financiero,Empresas,1,Situacion normal,163,22759217.0,139627.1,89.07,91.64,163
202604,55244,"Mutual del agro, la industria y el comercio de Santa Fe",No Financiero,Empresas,2,Con seguimiento especial / riesgo bajo,4,133203.0,33300.8,2.19,0.54,4
202604,55244,"Mutual del agro, la industria y el comercio de Santa Fe",No Financiero,Empresas,3,Con problemas / riesgo medio,2,863868.0,431934.0,1.09,3.48,2
202604,55244,"Mutual del agro, la industria y el comercio de Santa Fe",No Financiero,Empresas,4,Con alto riesgo de insolvencia / riesgo alto,7,506549.0,72364.1,3.83,2.04,7
202604,55244,"Mutual del agro, la industria y el comercio de Santa Fe",No Financiero,Empresas,5,Irrecuperable,7,571796.0,81685.1,3.83,2.30,7
202604,55244,"Mutual del agro, la industria y el comercio de Santa Fe",No Financiero,Familias,1,Situacion normal,8816,19558851.0,2218.6,62.25,72.83,8816
202604,55244,"Mutual del agro, la industria y el comercio de Santa Fe",No Financiero,Familias,2,Con seguimiento especial / riesgo bajo,976,1752095.0,1795.2,6.89,6.52,976
202604,55244,"Mutual del agro, la industria y el comercio de Santa Fe",No Financiero,Familias,3,Con problemas / riesgo medio,1109,2180348.0,1966.0,7.83,8.12,1109
202604,55244,"Mutual del agro, la industria y el comercio de Santa Fe",No Financiero,Familias,4,Con alto riesgo de insolvencia / riesgo alto,1315,2000857.0,1521.6,9.28,7.45,1315
202604,55244,"Mutual del agro, la industria y el comercio de Santa Fe",No Financiero,Familias,5,Irrecuperable,1947,1362028.0,699.6,13.75,5.07,1947
202604,55244,"Mutual del agro, la industria y el comercio de Santa Fe",No Financiero,Total,1,Situacion normal,8979,42318068.0,4713.0,62.59,81.87,8979
202604,55244,"Mutual del agro, la industria y el comercio de Santa Fe",No Financiero,Total,2,Con seguimiento especial / riesgo bajo,980,1885298.0,1923.8,6.83,3.65,980
202604,55244,"Mutual del agro, la industria y el comercio de Santa Fe",No Financiero,Total,3,Con problemas / riesgo medio,1111,3044216.0,2740.1,7.74,5.89,1111
202604,55244,"Mutual del agro, la industria y el comercio de Santa Fe",No Financiero,Total,4,Con alto riesgo de insolvencia / riesgo alto,1322,2507406.0,1896.7,9.22,4.85,1322
202604,55244,"Mutual del agro, la industria y el comercio de Santa Fe",No Financiero,Total,5,Irrecuperable,1954,1933824.0,989.7,13.62,3.74,1954
202604,55251,BR CAPITAL S.A.,No Financiero,Empresas,1,Situacion normal,17,6343813.0,373165.5,70.83,83.45,17
202604,55251,BR CAPITAL S.A.,No Financiero,Empresas,2,Con seguimiento especial / riesgo bajo,1,172964.0,172964.0,4.17,2.28,1
202604,55251,BR CAPITAL S.A.,No Financiero,Empresas,3,Con problemas / riesgo medio,2,521171.0,260585.5,8.33,6.86,2
202604,55251,BR CAPITAL S.A.,No Financiero,Empresas,4,Con alto riesgo de insolvencia / riesgo alto,1,451469.0,451469.0,4.17,5.94,1
202604,55251,BR CAPITAL S.A.,No Financiero,Empresas,5,Irrecuperable,3,112698.0,37566.0,12.50,1.48,3
202604,55251,BR CAPITAL S.A.,No Financiero,Familias,1,Situacion normal,3,916608.0,305536.0,50.00,70.36,3
202604,55251,BR CAPITAL S.A.,No Financiero,Familias,4,Con alto riesgo de insolvencia / riesgo alto,1,322307.0,322307.0,16.67,24.74,1
202604,55251,BR CAPITAL S.A.,No Financiero,Familias,5,Irrecuperable,2,63834.0,31917.0,33.33,4.90,2
202604,55251,BR CAPITAL S.A.,No Financiero,Total,1,Situacion normal,20,7260421.0,363021.0,66.67,81.53,20
202604,55251,BR CAPITAL S.A.,No Financiero,Total,2,Con seguimiento especial / riesgo bajo,1,172964.0,172964.0,3.33,1.94,1
202604,55251,BR CAPITAL S.A.,No Financiero,Total,3,Con problemas / riesgo medio,2,521171.0,260585.5,6.67,5.85,2
202604,55251,BR CAPITAL S.A.,No Financiero,Total,4,Con alto riesgo de insolvencia / riesgo alto,2,773776.0,386888.0,6.67,8.69,2
202604,55251,BR CAPITAL S.A.,No Financiero,Total,5,Irrecuperable,5,176532.0,35306.4,16.67,1.98,5
202604,55255,DINEFA S.R.L.,No Financiero,Familias,1,Situacion normal,79,15990.0,202.4,46.20,46.72,79
202604,55255,DINEFA S.R.L.,No Financiero,Familias,2,Con seguimiento especial / riesgo bajo,4,1311.0,327.8,2.34,3.83,4
202604,55255,DINEFA S.R.L.,No Financiero,Familias,3,Con problemas / riesgo medio,4,841.0,210.2,2.34,2.46,4
202604,55255,DINEFA S.R.L.,No Financiero,Familias,4,Con alto riesgo de insolvencia / riesgo alto,7,4094.0,584.9,4.09,11.96,7
202604,55255,DINEFA S.R.L.,No Financiero,Familias,5,Irrecuperable,77,11992.0,155.7,45.03,35.04,77
202604,55255,DINEFA S.R.L.,No Financiero,Total,1,Situacion normal,79,15990.0,202.4,46.20,46.72,79
202604,55255,DINEFA S.R.L.,No Financiero,Total,2,Con seguimiento especial / riesgo bajo,4,1311.0,327.8,2.34,3.83,4
202604,55255,DINEFA S.R.L.,No Financiero,Total,3,Con problemas / riesgo medio,4,841.0,210.2,2.34,2.46,4
202604,55255,DINEFA S.R.L.,No Financiero,Total,4,Con alto riesgo de insolvencia / riesgo alto,7,4094.0,584.9,4.09,11.96,7
202604,55255,DINEFA S.R.L.,No Financiero,Total,5,Irrecuperable,77,11992.0,155.7,45.03,35.04,77
202604,55256,MSA CREDITOS S.A.,No Financiero,Familias,1,Situacion normal,1,45.0,45.0,0.04,0.00,1
202604,55256,MSA CREDITOS S.A.,No Financiero,Familias,2,Con seguimiento especial / riesgo bajo,3,112.0,37.3,0.11,0.01,3
202604,55256,MSA CREDITOS S.A.,No Financiero,Familias,4,Con alto riesgo de insolvencia / riesgo alto,2,83.0,41.5,0.07,0.01,2
202604,55256,MSA CREDITOS S.A.,No Financiero,Familias,5,Irrecuperable,2723,1114576.0,409.3,99.78,99.98,2723
202604,55256,MSA CREDITOS S.A.,No Financiero,Total,1,Situacion normal,1,45.0,45.0,0.04,0.00,1
202604,55256,MSA CREDITOS S.A.,No Financiero,Total,2,Con seguimiento especial / riesgo bajo,3,112.0,37.3,0.11,0.01,3
202604,55256,MSA CREDITOS S.A.,No Financiero,Total,4,Con alto riesgo de insolvencia / riesgo alto,2,83.0,41.5,0.07,0.01,2
202604,55256,MSA CREDITOS S.A.,No Financiero,Total,5,Irrecuperable,2723,1114576.0,409.3,99.78,99.98,2723
202604,55265,CRE-DIN S. A.,No Financiero,Familias,5,Irrecuperable,1514,128603.0,84.9,100.00,100.00,1514
202604,55265,CRE-DIN S. A.,No Financiero,Total,5,Irrecuperable,1514,128603.0,84.9,100.00,100.00,1514
202604,55266,CRÉDITO DEL VALLE S.A.,No Financiero,Familias,5,Irrecuperable,511,68810.0,134.7,100.00,100.00,511
202604,55266,CRÉDITO DEL VALLE S.A.,No Financiero,Total,5,Irrecuperable,511,68810.0,134.7,100.00,100.00,511
202604,55267,ACUATRO S.A.,No Financiero,Familias,5,Irrecuperable,319,29194.0,91.5,100.00,100.00,319
202604,55267,ACUATRO S.A.,No Financiero,Total,5,Irrecuperable,319,29194.0,91.5,100.00,100.00,319
202604,55273,INSIGHT GROUP SA,No Financiero,Empresas,1,Situacion normal,4,83504.0,20876.0,66.67,70.37,4
202604,55273,INSIGHT GROUP SA,No Financiero,Empresas,5,Irrecuperable,2,35166.0,17583.0,33.33,29.63,2
202604,55273,INSIGHT GROUP SA,No Financiero,Familias,1,Situacion normal,203,414053.0,2039.7,89.43,99.01,203
202604,55273,INSIGHT GROUP SA,No Financiero,Familias,4,Con alto riesgo de insolvencia / riesgo alto,5,2441.0,488.2,2.20,0.58,5
202604,55273,INSIGHT GROUP SA,No Financiero,Familias,5,Irrecuperable,19,1704.0,89.7,8.37,0.41,19
202604,55273,INSIGHT GROUP SA,No Financiero,Total,1,Situacion normal,207,497557.0,2403.7,88.84,92.68,207
202604,55273,INSIGHT GROUP SA,No Financiero,Total,4,Con alto riesgo de insolvencia / riesgo alto,5,2441.0,488.2,2.15,0.45,5
202604,55273,INSIGHT GROUP SA,No Financiero,Total,5,Irrecuperable,21,36870.0,1755.7,9.01,6.87,21
202604,55282,MINS LFE SAS,No Financiero,Familias,1,Situacion normal,5923,2341282.0,395.3,11.22,6.74,5923
202604,55282,MINS LFE SAS,No Financiero,Familias,2,Con seguimiento especial / riesgo bajo,2303,1650765.0,716.8,4.36,4.75,2303
202604,55282,MINS LFE SAS,No Financiero,Familias,3,Con problemas / riesgo medio,2836,2518569.0,888.1,5.37,7.25,2836
202604,55282,MINS LFE SAS,No Financiero,Familias,4,Con alto riesgo de insolvencia / riesgo alto,12974,10515240.0,810.5,24.57,30.27,12974
202604,55282,MINS LFE SAS,No Financiero,Familias,5,Irrecuperable,28758,17715124.0,616.0,54.47,50.99,28758
202604,55282,MINS LFE SAS,No Financiero,Total,1,Situacion normal,5923,2341282.0,395.3,11.22,6.74,5923
202604,55282,MINS LFE SAS,No Financiero,Total,2,Con seguimiento especial / riesgo bajo,2303,1650765.0,716.8,4.36,4.75,2303
202604,55282,MINS LFE SAS,No Financiero,Total,3,Con problemas / riesgo medio,2836,2518569.0,888.1,5.37,7.25,2836
202604,55282,MINS LFE SAS,No Financiero,Total,4,Con alto riesgo de insolvencia / riesgo alto,12974,10515240.0,810.5,24.57,30.27,12974
202604,55282,MINS LFE SAS,No Financiero,Total,5,Irrecuperable,28758,17715124.0,616.0,54.47,50.99,28758
202604,55283,S&S SOLUTIONS SA,No Financiero,Empresas,1,Situacion normal,3,43138.0,14379.3,4.84,11.24,3
202604,55283,S&S SOLUTIONS SA,No Financiero,Empresas,2,Con seguimiento especial / riesgo bajo,9,94665.0,10518.3,14.52,24.67,9
202604,55283,S&S SOLUTIONS SA,No Financiero,Empresas,3,Con problemas / riesgo medio,27,141155.0,5228.0,43.55,36.79,27
202604,55283,S&S SOLUTIONS SA,No Financiero,Empresas,4,Con alto riesgo de insolvencia / riesgo alto,23,104753.0,4554.5,37.10,27.30,23
202604,55283,S&S SOLUTIONS SA,No Financiero,Familias,1,Situacion normal,6,38174.0,6362.3,5.00,13.85,6
202604,55283,S&S SOLUTIONS SA,No Financiero,Familias,2,Con seguimiento especial / riesgo bajo,16,43480.0,2717.5,13.33,15.77,16
202604,55283,S&S SOLUTIONS SA,No Financiero,Familias,3,Con problemas / riesgo medio,38,81255.0,2138.3,31.67,29.47,38
202604,55283,S&S SOLUTIONS SA,No Financiero,Familias,4,Con alto riesgo de insolvencia / riesgo alto,60,112768.0,1879.5,50.00,40.91,60
202604,55283,S&S SOLUTIONS SA,No Financiero,Total,1,Situacion normal,9,81312.0,9034.7,4.95,12.33,9
202604,55283,S&S SOLUTIONS SA,No Financiero,Total,2,Con seguimiento especial / riesgo bajo,25,138145.0,5525.8,13.74,20.95,25
202604,55283,S&S SOLUTIONS SA,No Financiero,Total,3,Con problemas / riesgo medio,65,222410.0,3421.7,35.71,33.73,65
202604,55283,S&S SOLUTIONS SA,No Financiero,Total,4,Con alto riesgo de insolvencia / riesgo alto,83,217521.0,2620.7,45.60,32.99,83
202604,55287,COBRO FACIL SRL,No Financiero,Familias,1,Situacion normal,567,197981.0,349.2,39.10,46.35,567
202604,55287,COBRO FACIL SRL,No Financiero,Familias,2,Con seguimiento especial / riesgo bajo,177,61681.0,348.5,12.21,14.44,177
202604,55287,COBRO FACIL SRL,No Financiero,Familias,3,Con problemas / riesgo medio,133,37790.0,284.1,9.17,8.85,133
202604,55287,COBRO FACIL SRL,No Financiero,Familias,4,Con alto riesgo de insolvencia / riesgo alto,154,43065.0,279.6,10.62,10.08,154
202604,55287,COBRO FACIL SRL,No Financiero,Familias,5,Irrecuperable,419,86599.0,206.7,28.90,20.28,419
202604,55287,COBRO FACIL SRL,No Financiero,Total,1,Situacion normal,567,197981.0,349.2,39.10,46.35,567
202604,55287,COBRO FACIL SRL,No Financiero,Total,2,Con seguimiento especial / riesgo bajo,177,61681.0,348.5,12.21,14.44,177
202604,55287,COBRO FACIL SRL,No Financiero,Total,3,Con problemas / riesgo medio,133,37790.0,284.1,9.17,8.85,133
202604,55287,COBRO FACIL SRL,No Financiero,Total,4,Con alto riesgo de insolvencia / riesgo alto,154,43065.0,279.6,10.62,10.08,154
202604,55287,COBRO FACIL SRL,No Financiero,Total,5,Irrecuperable,419,86599.0,206.7,28.90,20.28,419
202604,55292,TRANSCON S.A.U.,No Financiero,Familias,3,Con problemas / riesgo medio,1,211.0,211.0,16.67,23.34,1
202604,55292,TRANSCON S.A.U.,No Financiero,Familias,4,Con alto riesgo de insolvencia / riesgo alto,1,106.0,106.0,16.67,11.73,1
202604,55292,TRANSCON S.A.U.,No Financiero,Familias,5,Irrecuperable,4,587.0,146.8,66.67,64.93,4
202604,55292,TRANSCON S.A.U.,No Financiero,Total,3,Con problemas / riesgo medio,1,211.0,211.0,16.67,23.34,1
202604,55292,TRANSCON S.A.U.,No Financiero,Total,4,Con alto riesgo de insolvencia / riesgo alto,1,106.0,106.0,16.67,11.73,1
202604,55292,TRANSCON S.A.U.,No Financiero,Total,5,Irrecuperable,4,587.0,146.8,66.67,64.93,4
202604,55294,CREDITECH SA,No Financiero,Familias,1,Situacion normal,44267,69743639.0,1575.5,54.75,50.63,44267
202604,55294,CREDITECH SA,No Financiero,Familias,2,Con seguimiento especial / riesgo bajo,6258,12193571.0,1948.5,7.74,8.85,6258
202604,55294,CREDITECH SA,No Financiero,Familias,3,Con problemas / riesgo medio,6760,14328757.0,2119.6,8.36,10.40,6760
202604,55294,CREDITECH SA,No Financiero,Familias,4,Con alto riesgo de insolvencia / riesgo alto,12114,25088105.0,2071.0,14.98,18.21,12114
202604,55294,CREDITECH SA,No Financiero,Familias,5,Irrecuperable,11460,16389837.0,1430.2,14.17,11.90,11460
202604,55294,CREDITECH SA,No Financiero,Total,1,Situacion normal,44267,69743639.0,1575.5,54.75,50.63,44267
202604,55294,CREDITECH SA,No Financiero,Total,2,Con seguimiento especial / riesgo bajo,6258,12193571.0,1948.5,7.74,8.85,6258
202604,55294,CREDITECH SA,No Financiero,Total,3,Con problemas / riesgo medio,6760,14328757.0,2119.6,8.36,10.40,6760
202604,55294,CREDITECH SA,No Financiero,Total,4,Con alto riesgo de insolvencia / riesgo alto,12114,25088105.0,2071.0,14.98,18.21,12114
202604,55294,CREDITECH SA,No Financiero,Total,5,Irrecuperable,11460,16389837.0,1430.2,14.17,11.90,11460
202604,55295,CREDITAM LIMITADA S.A.,No Financiero,Familias,1,Situacion normal,361,756309.0,2095.0,40.65,77.44,361
202604,55295,CREDITAM LIMITADA S.A.,No Financiero,Familias,3,Con problemas / riesgo medio,30,26760.0,892.0,3.38,2.74,30
202604,55295,CREDITAM LIMITADA S.A.,No Financiero,Familias,4,Con alto riesgo de insolvencia / riesgo alto,497,193620.0,389.6,55.97,19.82,497
202604,55295,CREDITAM LIMITADA S.A.,No Financiero,Total,1,Situacion normal,361,756309.0,2095.0,40.65,77.44,361
202604,55295,CREDITAM LIMITADA S.A.,No Financiero,Total,3,Con problemas / riesgo medio,30,26760.0,892.0,3.38,2.74,30
202604,55295,CREDITAM LIMITADA S.A.,No Financiero,Total,4,Con alto riesgo de insolvencia / riesgo alto,497,193620.0,389.6,55.97,19.82,497
202604,55296,SANTANDER CONSUMER SA,No Financiero,Empresas,1,Situacion normal,7,926374.0,132339.1,100.00,100.00,7
202604,55296,SANTANDER CONSUMER SA,No Financiero,Familias,1,Situacion normal,130946,94675851.0,723.0,48.26,44.15,130946
202604,55296,SANTANDER CONSUMER SA,No Financiero,Familias,2,Con seguimiento especial / riesgo bajo,23642,21886062.0,925.7,8.71,10.21,23642
202604,55296,SANTANDER CONSUMER SA,No Financiero,Familias,3,Con problemas / riesgo medio,29720,28132583.0,946.6,10.95,13.12,29720
202604,55296,SANTANDER CONSUMER SA,No Financiero,Familias,4,Con alto riesgo de insolvencia / riesgo alto,40986,38695077.0,944.1,15.11,18.05,40986
202604,55296,SANTANDER CONSUMER SA,No Financiero,Familias,5,Irrecuperable,46023,31034855.0,674.3,16.96,14.47,46023
202604,55296,SANTANDER CONSUMER SA,No Financiero,Total,1,Situacion normal,130953,95602225.0,730.0,48.26,44.39,130953
202604,55296,SANTANDER CONSUMER SA,No Financiero,Total,2,Con seguimiento especial / riesgo bajo,23642,21886062.0,925.7,8.71,10.16,23642
202604,55296,SANTANDER CONSUMER SA,No Financiero,Total,3,Con problemas / riesgo medio,29720,28132583.0,946.6,10.95,13.06,29720
202604,55296,SANTANDER CONSUMER SA,No Financiero,Total,4,Con alto riesgo de insolvencia / riesgo alto,40986,38695077.0,944.1,15.11,17.97,40986
202604,55296,SANTANDER CONSUMER SA,No Financiero,Total,5,Irrecuperable,46023,31034855.0,674.3,16.96,14.41,46023
202604,55298,ESPACIO DIGITAL S.A,No Financiero,Familias,1,Situacion normal,10545,7923300.0,751.4,21.09,29.58,10545
202604,55298,ESPACIO DIGITAL S.A,No Financiero,Familias,2,Con seguimiento especial / riesgo bajo,2034,1628311.0,800.5,4.07,6.08,2034
202604,55298,ESPACIO DIGITAL S.A,No Financiero,Familias,3,Con problemas / riesgo medio,3036,2384828.0,785.5,6.07,8.90,3036
202604,55298,ESPACIO DIGITAL S.A,No Financiero,Familias,4,Con alto riesgo de insolvencia / riesgo alto,9572,6569937.0,686.4,19.15,24.53,9572
202604,55298,ESPACIO DIGITAL S.A,No Financiero,Familias,5,Irrecuperable,24806,8275874.0,333.6,49.62,30.90,24806
202604,55298,ESPACIO DIGITAL S.A,No Financiero,Total,1,Situacion normal,10545,7923300.0,751.4,21.09,29.58,10545
202604,55298,ESPACIO DIGITAL S.A,No Financiero,Total,2,Con seguimiento especial / riesgo bajo,2034,1628311.0,800.5,4.07,6.08,2034
202604,55298,ESPACIO DIGITAL S.A,No Financiero,Total,3,Con problemas / riesgo medio,3036,2384828.0,785.5,6.07,8.90,3036
202604,55298,ESPACIO DIGITAL S.A,No Financiero,Total,4,Con alto riesgo de insolvencia / riesgo alto,9572,6569937.0,686.4,19.15,24.53,9572
202604,55298,ESPACIO DIGITAL S.A,No Financiero,Total,5,Irrecuperable,24806,8275874.0,333.6,49.62,30.90,24806
202604,55300,Buenos Aires Creditos SA,No Financiero,Familias,1,Situacion normal,13,1834.0,141.1,5.49,4.89,13
202604,55300,Buenos Aires Creditos SA,No Financiero,Familias,2,Con seguimiento especial / riesgo bajo,12,3342.0,278.5,5.06,8.91,12
202604,55300,Buenos Aires Creditos SA,No Financiero,Familias,3,Con problemas / riesgo medio,6,1647.0,274.5,2.53,4.39,6
202604,55300,Buenos Aires Creditos SA,No Financiero,Familias,4,Con alto riesgo de insolvencia / riesgo alto,10,4739.0,473.9,4.22,12.63,10
202604,55300,Buenos Aires Creditos SA,No Financiero,Familias,5,Irrecuperable,196,25950.0,132.4,82.70,69.18,196
202604,55300,Buenos Aires Creditos SA,No Financiero,Total,1,Situacion normal,13,1834.0,141.1,5.49,4.89,13
202604,55300,Buenos Aires Creditos SA,No Financiero,Total,2,Con seguimiento especial / riesgo bajo,12,3342.0,278.5,5.06,8.91,12
202604,55300,Buenos Aires Creditos SA,No Financiero,Total,3,Con problemas / riesgo medio,6,1647.0,274.5,2.53,4.39,6
202604,55300,Buenos Aires Creditos SA,No Financiero,Total,4,Con alto riesgo de insolvencia / riesgo alto,10,4739.0,473.9,4.22,12.63,10
202604,55300,Buenos Aires Creditos SA,No Financiero,Total,5,Irrecuperable,196,25950.0,132.4,82.70,69.18,196
202604,55301,CRESCENS S.A,No Financiero,Empresas,1,Situacion normal,49,2780224.0,56739.3,80.33,33.58,49
202604,55301,CRESCENS S.A,No Financiero,Empresas,2,Con seguimiento especial / riesgo bajo,5,460022.0,92004.4,8.20,5.56,5
202604,55301,CRESCENS S.A,No Financiero,Empresas,3,Con problemas / riesgo medio,3,278592.0,92864.0,4.92,3.36,3
202604,55301,CRESCENS S.A,No Financiero,Empresas,4,Con alto riesgo de insolvencia / riesgo alto,2,4665176.0,2332588.0,3.28,56.34,2
202604,55301,CRESCENS S.A,No Financiero,Empresas,5,Irrecuperable,2,96415.0,48207.5,3.28,1.16,2
202604,55301,CRESCENS S.A,No Financiero,Familias,1,Situacion normal,801,5284799.0,6597.8,98.52,97.14,801
202604,55301,CRESCENS S.A,No Financiero,Familias,2,Con seguimiento especial / riesgo bajo,3,17729.0,5909.7,0.37,0.33,3
202604,55301,CRESCENS S.A,No Financiero,Familias,3,Con problemas / riesgo medio,1,97984.0,97984.0,0.12,1.80,1
202604,55301,CRESCENS S.A,No Financiero,Familias,4,Con alto riesgo de insolvencia / riesgo alto,4,37339.0,9334.8,0.49,0.69,4
202604,55301,CRESCENS S.A,No Financiero,Familias,5,Irrecuperable,4,2357.0,589.2,0.49,0.04,4
202604,55301,CRESCENS S.A,No Financiero,Total,1,Situacion normal,850,8065023.0,9488.3,97.25,58.78,850
202604,55301,CRESCENS S.A,No Financiero,Total,2,Con seguimiento especial / riesgo bajo,8,477751.0,59718.9,0.92,3.48,8
202604,55301,CRESCENS S.A,No Financiero,Total,3,Con problemas / riesgo medio,4,376576.0,94144.0,0.46,2.74,4
202604,55301,CRESCENS S.A,No Financiero,Total,4,Con alto riesgo de insolvencia / riesgo alto,6,4702515.0,783752.5,0.69,34.27,6
202604,55301,CRESCENS S.A,No Financiero,Total,5,Irrecuperable,6,98772.0,16462.0,0.69,0.72,6
202604,55302,TRAYECTORIA LEASING S.A.U.,No Financiero,Empresas,1,Situacion normal,12,942517.0,78543.1,85.71,92.81,12
202604,55302,TRAYECTORIA LEASING S.A.U.,No Financiero,Empresas,2,Con seguimiento especial / riesgo bajo,1,21398.0,21398.0,7.14,2.11,1
202604,55302,TRAYECTORIA LEASING S.A.U.,No Financiero,Empresas,5,Irrecuperable,1,51569.0,51569.0,7.14,5.08,1
202604,55302,TRAYECTORIA LEASING S.A.U.,No Financiero,Familias,1,Situacion normal,1,24768.0,24768.0,100.00,100.00,1
202604,55302,TRAYECTORIA LEASING S.A.U.,No Financiero,Total,1,Situacion normal,13,967285.0,74406.5,86.67,92.99,13
202604,55302,TRAYECTORIA LEASING S.A.U.,No Financiero,Total,2,Con seguimiento especial / riesgo bajo,1,21398.0,21398.0,6.67,2.06,1
202604,55302,TRAYECTORIA LEASING S.A.U.,No Financiero,Total,5,Irrecuperable,1,51569.0,51569.0,6.67,4.96,1
202604,55304,TU ADELANTO SA,No Financiero,Familias,1,Situacion normal,49,19020.0,388.2,7.49,7.52,49
202604,55304,TU ADELANTO SA,No Financiero,Familias,2,Con seguimiento especial / riesgo bajo,33,23386.0,708.7,5.05,9.25,33
202604,55304,TU ADELANTO SA,No Financiero,Familias,3,Con problemas / riesgo medio,60,55148.0,919.1,9.17,21.81,60
202604,55304,TU ADELANTO SA,No Financiero,Familias,4,Con alto riesgo de insolvencia / riesgo alto,138,92180.0,668.0,21.10,36.46,138
202604,55304,TU ADELANTO SA,No Financiero,Familias,5,Irrecuperable,374,63101.0,168.7,57.19,24.96,374
202604,55304,TU ADELANTO SA,No Financiero,Total,1,Situacion normal,49,19020.0,388.2,7.49,7.52,49
202604,55304,TU ADELANTO SA,No Financiero,Total,2,Con seguimiento especial / riesgo bajo,33,23386.0,708.7,5.05,9.25,33
202604,55304,TU ADELANTO SA,No Financiero,Total,3,Con problemas / riesgo medio,60,55148.0,919.1,9.17,21.81,60
202604,55304,TU ADELANTO SA,No Financiero,Total,4,Con alto riesgo de insolvencia / riesgo alto,138,92180.0,668.0,21.10,36.46,138
202604,55304,TU ADELANTO SA,No Financiero,Total,5,Irrecuperable,374,63101.0,168.7,57.19,24.96,374
202604,55307,RED DE PRESTAMOS SA,No Financiero,Familias,1,Situacion normal,434,351646.0,810.2,84.27,91.05,434
202604,55307,RED DE PRESTAMOS SA,No Financiero,Familias,2,Con seguimiento especial / riesgo bajo,7,4943.0,706.1,1.36,1.28,7
202604,55307,RED DE PRESTAMOS SA,No Financiero,Familias,3,Con problemas / riesgo medio,6,3585.0,597.5,1.17,0.93,6
202604,55307,RED DE PRESTAMOS SA,No Financiero,Familias,4,Con alto riesgo de insolvencia / riesgo alto,14,9998.0,714.1,2.72,2.59,14
202604,55307,RED DE PRESTAMOS SA,No Financiero,Familias,5,Irrecuperable,54,16046.0,297.1,10.49,4.15,54
202604,55307,RED DE PRESTAMOS SA,No Financiero,Total,1,Situacion normal,434,351646.0,810.2,84.27,91.05,434
202604,55307,RED DE PRESTAMOS SA,No Financiero,Total,2,Con seguimiento especial / riesgo bajo,7,4943.0,706.1,1.36,1.28,7
202604,55307,RED DE PRESTAMOS SA,No Financiero,Total,3,Con problemas / riesgo medio,6,3585.0,597.5,1.17,0.93,6
202604,55307,RED DE PRESTAMOS SA,No Financiero,Total,4,Con alto riesgo de insolvencia / riesgo alto,14,9998.0,714.1,2.72,2.59,14
202604,55307,RED DE PRESTAMOS SA,No Financiero,Total,5,Irrecuperable,54,16046.0,297.1,10.49,4.15,54
202604,55309,MUTUAL DEL PERSONAL DEL MINISTERIO DE EDUCACION Y JUSTICIA DE LA NACIO,No Financiero,Familias,1,Situacion normal,477,146537.0,307.2,60.53,51.96,477
202604,55309,MUTUAL DEL PERSONAL DEL MINISTERIO DE EDUCACION Y JUSTICIA DE LA NACIO,No Financiero,Familias,2,Con seguimiento especial / riesgo bajo,22,8113.0,368.8,2.79,2.88,22
202604,55309,MUTUAL DEL PERSONAL DEL MINISTERIO DE EDUCACION Y JUSTICIA DE LA NACIO,No Financiero,Familias,3,Con problemas / riesgo medio,54,20376.0,377.3,6.85,7.22,54
202604,55309,MUTUAL DEL PERSONAL DEL MINISTERIO DE EDUCACION Y JUSTICIA DE LA NACIO,No Financiero,Familias,4,Con alto riesgo de insolvencia / riesgo alto,87,44802.0,515.0,11.04,15.89,87
202604,55309,MUTUAL DEL PERSONAL DEL MINISTERIO DE EDUCACION Y JUSTICIA DE LA NACIO,No Financiero,Familias,5,Irrecuperable,148,62195.0,420.2,18.78,22.05,148
202604,55309,MUTUAL DEL PERSONAL DEL MINISTERIO DE EDUCACION Y JUSTICIA DE LA NACIO,No Financiero,Total,1,Situacion normal,477,146537.0,307.2,60.53,51.96,477
202604,55309,MUTUAL DEL PERSONAL DEL MINISTERIO DE EDUCACION Y JUSTICIA DE LA NACIO,No Financiero,Total,2,Con seguimiento especial / riesgo bajo,22,8113.0,368.8,2.79,2.88,22
202604,55309,MUTUAL DEL PERSONAL DEL MINISTERIO DE EDUCACION Y JUSTICIA DE LA NACIO,No Financiero,Total,3,Con problemas / riesgo medio,54,20376.0,377.3,6.85,7.22,54
202604,55309,MUTUAL DEL PERSONAL DEL MINISTERIO DE EDUCACION Y JUSTICIA DE LA NACIO,No Financiero,Total,4,Con alto riesgo de insolvencia / riesgo alto,87,44802.0,515.0,11.04,15.89,87
202604,55309,MUTUAL DEL PERSONAL DEL MINISTERIO DE EDUCACION Y JUSTICIA DE LA NACIO,No Financiero,Total,5,Irrecuperable,148,62195.0,420.2,18.78,22.05,148
202604,55312,ABAN DIGITAL S.A.,No Financiero,Familias,1,Situacion normal,7632,1053020.0,138.0,28.01,9.86,7632
202604,55312,ABAN DIGITAL S.A.,No Financiero,Familias,2,Con seguimiento especial / riesgo bajo,2057,476220.0,231.5,7.55,4.46,2057
202604,55312,ABAN DIGITAL S.A.,No Financiero,Familias,3,Con problemas / riesgo medio,2994,1078852.0,360.3,10.99,10.10,2994
202604,55312,ABAN DIGITAL S.A.,No Financiero,Familias,4,Con alto riesgo de insolvencia / riesgo alto,5352,2814845.0,525.9,19.64,26.35,5352
202604,55312,ABAN DIGITAL S.A.,No Financiero,Familias,5,Irrecuperable,9209,5260920.0,571.3,33.80,49.24,9209
202604,55312,ABAN DIGITAL S.A.,No Financiero,Total,1,Situacion normal,7632,1053020.0,138.0,28.01,9.86,7632
202604,55312,ABAN DIGITAL S.A.,No Financiero,Total,2,Con seguimiento especial / riesgo bajo,2057,476220.0,231.5,7.55,4.46,2057
202604,55312,ABAN DIGITAL S.A.,No Financiero,Total,3,Con problemas / riesgo medio,2994,1078852.0,360.3,10.99,10.10,2994
202604,55312,ABAN DIGITAL S.A.,No Financiero,Total,4,Con alto riesgo de insolvencia / riesgo alto,5352,2814845.0,525.9,19.64,26.35,5352
202604,55312,ABAN DIGITAL S.A.,No Financiero,Total,5,Irrecuperable,9209,5260920.0,571.3,33.80,49.24,9209
202604,55313,MICODEMO S.A.,No Financiero,Familias,1,Situacion normal,1,33.0,33.0,3.85,1.01,1
202604,55313,MICODEMO S.A.,No Financiero,Familias,2,Con seguimiento especial / riesgo bajo,8,883.0,110.4,30.77,26.93,8
202604,55313,MICODEMO S.A.,No Financiero,Familias,3,Con problemas / riesgo medio,3,395.0,131.7,11.54,12.05,3
202604,55313,MICODEMO S.A.,No Financiero,Familias,4,Con alto riesgo de insolvencia / riesgo alto,6,976.0,162.7,23.08,29.77,6
202604,55313,MICODEMO S.A.,No Financiero,Familias,5,Irrecuperable,8,992.0,124.0,30.77,30.25,8
202604,55313,MICODEMO S.A.,No Financiero,Total,1,Situacion normal,1,33.0,33.0,3.85,1.01,1
202604,55313,MICODEMO S.A.,No Financiero,Total,2,Con seguimiento especial / riesgo bajo,8,883.0,110.4,30.77,26.93,8
202604,55313,MICODEMO S.A.,No Financiero,Total,3,Con problemas / riesgo medio,3,395.0,131.7,11.54,12.05,3
202604,55313,MICODEMO S.A.,No Financiero,Total,4,Con alto riesgo de insolvencia / riesgo alto,6,976.0,162.7,23.08,29.77,6
202604,55313,MICODEMO S.A.,No Financiero,Total,5,Irrecuperable,8,992.0,124.0,30.77,30.25,8
202604,55315,FINANCRED SA,No Financiero,Familias,1,Situacion normal,1941,754212.0,388.6,58.91,52.30,1941
202604,55315,FINANCRED SA,No Financiero,Familias,2,Con seguimiento especial / riesgo bajo,330,168157.0,509.6,10.02,11.66,330
202604,55315,FINANCRED SA,No Financiero,Familias,3,Con problemas / riesgo medio,194,130405.0,672.2,5.89,9.04,194
202604,55315,FINANCRED SA,No Financiero,Familias,4,Con alto riesgo de insolvencia / riesgo alto,307,232058.0,755.9,9.32,16.09,307
202604,55315,FINANCRED SA,No Financiero,Familias,5,Irrecuperable,523,157287.0,300.7,15.87,10.91,523
202604,55315,FINANCRED SA,No Financiero,Total,1,Situacion normal,1941,754212.0,388.6,58.91,52.30,1941
202604,55315,FINANCRED SA,No Financiero,Total,2,Con seguimiento especial / riesgo bajo,330,168157.0,509.6,10.02,11.66,330
202604,55315,FINANCRED SA,No Financiero,Total,3,Con problemas / riesgo medio,194,130405.0,672.2,5.89,9.04,194
202604,55315,FINANCRED SA,No Financiero,Total,4,Con alto riesgo de insolvencia / riesgo alto,307,232058.0,755.9,9.32,16.09,307
202604,55315,FINANCRED SA,No Financiero,Total,5,Irrecuperable,523,157287.0,300.7,15.87,10.91,523
202604,55316,KALIMA S.A.,No Financiero,Familias,5,Irrecuperable,80,12299.0,153.7,100.00,100.00,80
202604,55316,KALIMA S.A.,No Financiero,Total,5,Irrecuperable,80,12299.0,153.7,100.00,100.00,80
202604,55317,BARSATEX S.A.,No Financiero,Familias,1,Situacion normal,2388,473020.0,198.1,4.94,4.47,2388
202604,55317,BARSATEX S.A.,No Financiero,Familias,2,Con seguimiento especial / riesgo bajo,2932,934390.0,318.7,6.06,8.83,2932
202604,55317,BARSATEX S.A.,No Financiero,Familias,3,Con problemas / riesgo medio,3345,1590641.0,475.5,6.92,15.03,3345
202604,55317,BARSATEX S.A.,No Financiero,Familias,4,Con alto riesgo de insolvencia / riesgo alto,6108,2948111.0,482.7,12.63,27.86,6108
202604,55317,BARSATEX S.A.,No Financiero,Familias,5,Irrecuperable,33585,4637590.0,138.1,69.45,43.82,33585
202604,55317,BARSATEX S.A.,No Financiero,Total,1,Situacion normal,2388,473020.0,198.1,4.94,4.47,2388
202604,55317,BARSATEX S.A.,No Financiero,Total,2,Con seguimiento especial / riesgo bajo,2932,934390.0,318.7,6.06,8.83,2932
202604,55317,BARSATEX S.A.,No Financiero,Total,3,Con problemas / riesgo medio,3345,1590641.0,475.5,6.92,15.03,3345
202604,55317,BARSATEX S.A.,No Financiero,Total,4,Con alto riesgo de insolvencia / riesgo alto,6108,2948111.0,482.7,12.63,27.86,6108
202604,55317,BARSATEX S.A.,No Financiero,Total,5,Irrecuperable,33585,4637590.0,138.1,69.45,43.82,33585
202604,55318,DLL LEASING ARGENTINA S.A.,No Financiero,Empresas,1,Situacion normal,1,101656.0,101656.0,100.00,100.00,1
202604,55318,DLL LEASING ARGENTINA S.A.,No Financiero,Familias,1,Situacion normal,1,15100.0,15100.0,50.00,6.29,1
202604,55318,DLL LEASING ARGENTINA S.A.,No Financiero,Familias,5,Irrecuperable,1,224879.0,224879.0,50.00,93.71,1
202604,55318,DLL LEASING ARGENTINA S.A.,No Financiero,Total,1,Situacion normal,2,116756.0,58378.0,66.67,34.18,2
202604,55318,DLL LEASING ARGENTINA S.A.,No Financiero,Total,5,Irrecuperable,1,224879.0,224879.0,33.33,65.82,1
202604,55320,POTSDAM S.A.,No Financiero,Familias,5,Irrecuperable,2,115.0,57.5,100.00,100.00,2
202604,55320,POTSDAM S.A.,No Financiero,Total,5,Irrecuperable,2,115.0,57.5,100.00,100.00,2
202604,55323,SOLUCIONES INTEGRALES S.A.,No Financiero,Familias,1,Situacion normal,3375,1334902.0,395.5,45.56,59.04,3375
202604,55323,SOLUCIONES INTEGRALES S.A.,No Financiero,Familias,2,Con seguimiento especial / riesgo bajo,430,116107.0,270.0,5.80,5.14,430
202604,55323,SOLUCIONES INTEGRALES S.A.,No Financiero,Familias,3,Con problemas / riesgo medio,390,124282.0,318.7,5.26,5.50,390
202604,55323,SOLUCIONES INTEGRALES S.A.,No Financiero,Familias,4,Con alto riesgo de insolvencia / riesgo alto,1072,357857.0,333.8,14.47,15.83,1072
202604,55323,SOLUCIONES INTEGRALES S.A.,No Financiero,Familias,5,Irrecuperable,2141,327899.0,153.2,28.90,14.50,2141
202604,55323,SOLUCIONES INTEGRALES S.A.,No Financiero,Total,1,Situacion normal,3375,1334902.0,395.5,45.56,59.04,3375
202604,55323,SOLUCIONES INTEGRALES S.A.,No Financiero,Total,2,Con seguimiento especial / riesgo bajo,430,116107.0,270.0,5.80,5.14,430
202604,55323,SOLUCIONES INTEGRALES S.A.,No Financiero,Total,3,Con problemas / riesgo medio,390,124282.0,318.7,5.26,5.50,390
202604,55323,SOLUCIONES INTEGRALES S.A.,No Financiero,Total,4,Con alto riesgo de insolvencia / riesgo alto,1072,357857.0,333.8,14.47,15.83,1072
202604,55323,SOLUCIONES INTEGRALES S.A.,No Financiero,Total,5,Irrecuperable,2141,327899.0,153.2,28.90,14.50,2141
202604,55328,LOGINCREDIT S.A.,No Financiero,Empresas,1,Situacion normal,10,115118.0,11511.8,100.00,100.00,10
202604,55328,LOGINCREDIT S.A.,No Financiero,Familias,1,Situacion normal,226,934025.0,4132.9,75.59,97.55,226
202604,55328,LOGINCREDIT S.A.,No Financiero,Familias,3,Con problemas / riesgo medio,1,941.0,941.0,0.33,0.10,1
202604,55328,LOGINCREDIT S.A.,No Financiero,Familias,4,Con alto riesgo de insolvencia / riesgo alto,3,9639.0,3213.0,1.00,1.01,3
202604,55328,LOGINCREDIT S.A.,No Financiero,Familias,5,Irrecuperable,69,12872.0,186.6,23.08,1.34,69
202604,55328,LOGINCREDIT S.A.,No Financiero,Total,1,Situacion normal,236,1049143.0,4445.5,76.38,97.81,236
202604,55328,LOGINCREDIT S.A.,No Financiero,Total,3,Con problemas / riesgo medio,1,941.0,941.0,0.32,0.09,1
202604,55328,LOGINCREDIT S.A.,No Financiero,Total,4,Con alto riesgo de insolvencia / riesgo alto,3,9639.0,3213.0,0.97,0.90,3
202604,55328,LOGINCREDIT S.A.,No Financiero,Total,5,Irrecuperable,69,12872.0,186.6,22.33,1.20,69
202604,55329,ALAU TECNOLOGIA S. A. U.,No Financiero,Familias,1,Situacion normal,6600,1403690.0,212.7,36.52,33.27,6600
202604,55329,ALAU TECNOLOGIA S. A. U.,No Financiero,Familias,2,Con seguimiento especial / riesgo bajo,805,243640.0,302.7,4.45,5.77,805
202604,55329,ALAU TECNOLOGIA S. A. U.,No Financiero,Familias,3,Con problemas / riesgo medio,978,258246.0,264.1,5.41,6.12,978
202604,55329,ALAU TECNOLOGIA S. A. U.,No Financiero,Familias,4,Con alto riesgo de insolvencia / riesgo alto,3643,878134.0,241.0,20.16,20.81,3643
202604,55329,ALAU TECNOLOGIA S. A. U.,No Financiero,Familias,5,Irrecuperable,6047,1435952.0,237.5,33.46,34.03,6047
202604,55329,ALAU TECNOLOGIA S. A. U.,No Financiero,Total,1,Situacion normal,6600,1403690.0,212.7,36.52,33.27,6600
202604,55329,ALAU TECNOLOGIA S. A. U.,No Financiero,Total,2,Con seguimiento especial / riesgo bajo,805,243640.0,302.7,4.45,5.77,805
202604,55329,ALAU TECNOLOGIA S. A. U.,No Financiero,Total,3,Con problemas / riesgo medio,978,258246.0,264.1,5.41,6.12,978
202604,55329,ALAU TECNOLOGIA S. A. U.,No Financiero,Total,4,Con alto riesgo de insolvencia / riesgo alto,3643,878134.0,241.0,20.16,20.81,3643
202604,55329,ALAU TECNOLOGIA S. A. U.,No Financiero,Total,5,Irrecuperable,6047,1435952.0,237.5,33.46,34.03,6047
202604,55330,CREDILOW S.A.,No Financiero,Familias,1,Situacion normal,3498,1969016.0,562.9,49.79,46.87,3498
202604,55330,CREDILOW S.A.,No Financiero,Familias,2,Con seguimiento especial / riesgo bajo,545,366282.0,672.1,7.76,8.72,545
202604,55330,CREDILOW S.A.,No Financiero,Familias,3,Con problemas / riesgo medio,651,490558.0,753.5,9.27,11.68,651
202604,55330,CREDILOW S.A.,No Financiero,Familias,4,Con alto riesgo de insolvencia / riesgo alto,1021,743322.0,728.0,14.53,17.69,1021
202604,55330,CREDILOW S.A.,No Financiero,Familias,5,Irrecuperable,1311,631802.0,481.9,18.66,15.04,1311
202604,55330,CREDILOW S.A.,No Financiero,Total,1,Situacion normal,3498,1969016.0,562.9,49.79,46.87,3498
202604,55330,CREDILOW S.A.,No Financiero,Total,2,Con seguimiento especial / riesgo bajo,545,366282.0,672.1,7.76,8.72,545
202604,55330,CREDILOW S.A.,No Financiero,Total,3,Con problemas / riesgo medio,651,490558.0,753.5,9.27,11.68,651
202604,55330,CREDILOW S.A.,No Financiero,Total,4,Con alto riesgo de insolvencia / riesgo alto,1021,743322.0,728.0,14.53,17.69,1021
202604,55330,CREDILOW S.A.,No Financiero,Total,5,Irrecuperable,1311,631802.0,481.9,18.66,15.04,1311
202604,55333,El Nexo S.A.,No Financiero,Familias,1,Situacion normal,1273,2612540.0,2052.3,100.00,100.00,1273
202604,55333,El Nexo S.A.,No Financiero,Total,1,Situacion normal,1273,2612540.0,2052.3,100.00,100.00,1273
202604,55334,VALUARTE SRL,No Financiero,Familias,1,Situacion normal,2296,2208583.0,961.9,57.46,55.97,2296
202604,55334,VALUARTE SRL,No Financiero,Familias,2,Con seguimiento especial / riesgo bajo,183,179349.0,980.0,4.58,4.55,183
202604,55334,VALUARTE SRL,No Financiero,Familias,3,Con problemas / riesgo medio,155,187444.0,1209.3,3.88,4.75,155
202604,55334,VALUARTE SRL,No Financiero,Familias,4,Con alto riesgo de insolvencia / riesgo alto,426,478706.0,1123.7,10.66,12.13,426
202604,55334,VALUARTE SRL,No Financiero,Familias,5,Irrecuperable,936,891694.0,952.7,23.42,22.60,936
202604,55334,VALUARTE SRL,No Financiero,Total,1,Situacion normal,2296,2208583.0,961.9,57.46,55.97,2296
202604,55334,VALUARTE SRL,No Financiero,Total,2,Con seguimiento especial / riesgo bajo,183,179349.0,980.0,4.58,4.55,183
202604,55334,VALUARTE SRL,No Financiero,Total,3,Con problemas / riesgo medio,155,187444.0,1209.3,3.88,4.75,155
202604,55334,VALUARTE SRL,No Financiero,Total,4,Con alto riesgo de insolvencia / riesgo alto,426,478706.0,1123.7,10.66,12.13,426
202604,55334,VALUARTE SRL,No Financiero,Total,5,Irrecuperable,936,891694.0,952.7,23.42,22.60,936
202604,55336,OSCAR BARBIERI S.A.,No Financiero,Familias,1,Situacion normal,10003,5679094.0,567.7,69.91,75.21,10003
202604,55336,OSCAR BARBIERI S.A.,No Financiero,Familias,2,Con seguimiento especial / riesgo bajo,905,609076.0,673.0,6.33,8.07,905
202604,55336,OSCAR BARBIERI S.A.,No Financiero,Familias,3,Con problemas / riesgo medio,504,348438.0,691.3,3.52,4.61,504
202604,55336,OSCAR BARBIERI S.A.,No Financiero,Familias,4,Con alto riesgo de insolvencia / riesgo alto,696,411513.0,591.3,4.86,5.45,696
202604,55336,OSCAR BARBIERI S.A.,No Financiero,Familias,5,Irrecuperable,2200,502939.0,228.6,15.38,6.66,2200
202604,55336,OSCAR BARBIERI S.A.,No Financiero,Total,1,Situacion normal,10003,5679094.0,567.7,69.91,75.21,10003
202604,55336,OSCAR BARBIERI S.A.,No Financiero,Total,2,Con seguimiento especial / riesgo bajo,905,609076.0,673.0,6.33,8.07,905
202604,55336,OSCAR BARBIERI S.A.,No Financiero,Total,3,Con problemas / riesgo medio,504,348438.0,691.3,3.52,4.61,504
202604,55336,OSCAR BARBIERI S.A.,No Financiero,Total,4,Con alto riesgo de insolvencia / riesgo alto,696,411513.0,591.3,4.86,5.45,696
202604,55336,OSCAR BARBIERI S.A.,No Financiero,Total,5,Irrecuperable,2200,502939.0,228.6,15.38,6.66,2200
202604,55339,MAEBA S.R.L.,No Financiero,Familias,1,Situacion normal,8135,9147772.0,1124.5,27.73,28.95,8135
202604,55339,MAEBA S.R.L.,No Financiero,Familias,2,Con seguimiento especial / riesgo bajo,2058,2758651.0,1340.5,7.02,8.73,2058
202604,55339,MAEBA S.R.L.,No Financiero,Familias,3,Con problemas / riesgo medio,2040,2605842.0,1277.4,6.95,8.25,2040
202604,55339,MAEBA S.R.L.,No Financiero,Familias,4,Con alto riesgo de insolvencia / riesgo alto,3932,5793079.0,1473.3,13.40,18.34,3932
202604,55339,MAEBA S.R.L.,No Financiero,Familias,5,Irrecuperable,13169,11288548.0,857.2,44.89,35.73,13169
202604,55339,MAEBA S.R.L.,No Financiero,Total,1,Situacion normal,8135,9147772.0,1124.5,27.73,28.95,8135
202604,55339,MAEBA S.R.L.,No Financiero,Total,2,Con seguimiento especial / riesgo bajo,2058,2758651.0,1340.5,7.02,8.73,2058
202604,55339,MAEBA S.R.L.,No Financiero,Total,3,Con problemas / riesgo medio,2040,2605842.0,1277.4,6.95,8.25,2040
202604,55339,MAEBA S.R.L.,No Financiero,Total,4,Con alto riesgo de insolvencia / riesgo alto,3932,5793079.0,1473.3,13.40,18.34,3932
202604,55339,MAEBA S.R.L.,No Financiero,Total,5,Irrecuperable,13169,11288548.0,857.2,44.89,35.73,13169
202604,55340,FINANPRO S.R.L.,No Financiero,Familias,1,Situacion normal,12893,16617453.0,1288.9,29.53,31.38,12893
202604,55340,FINANPRO S.R.L.,No Financiero,Familias,2,Con seguimiento especial / riesgo bajo,2924,4303161.0,1471.7,6.70,8.13,2924
202604,55340,FINANPRO S.R.L.,No Financiero,Familias,3,Con problemas / riesgo medio,2757,4241927.0,1538.6,6.31,8.01,2757
202604,55340,FINANPRO S.R.L.,No Financiero,Familias,4,Con alto riesgo de insolvencia / riesgo alto,5190,8915147.0,1717.8,11.89,16.83,5190
202604,55340,FINANPRO S.R.L.,No Financiero,Familias,5,Irrecuperable,19900,18878857.0,948.7,45.58,35.65,19900
202604,55340,FINANPRO S.R.L.,No Financiero,Total,1,Situacion normal,12893,16617453.0,1288.9,29.53,31.38,12893
202604,55340,FINANPRO S.R.L.,No Financiero,Total,2,Con seguimiento especial / riesgo bajo,2924,4303161.0,1471.7,6.70,8.13,2924
202604,55340,FINANPRO S.R.L.,No Financiero,Total,3,Con problemas / riesgo medio,2757,4241927.0,1538.6,6.31,8.01,2757
202604,55340,FINANPRO S.R.L.,No Financiero,Total,4,Con alto riesgo de insolvencia / riesgo alto,5190,8915147.0,1717.8,11.89,16.83,5190
202604,55340,FINANPRO S.R.L.,No Financiero,Total,5,Irrecuperable,19900,18878857.0,948.7,45.58,35.65,19900
202604,55341,PROAVALAR S.R.L,No Financiero,Familias,1,Situacion normal,5675,5771664.0,1017.0,14.27,17.51,5675
202604,55341,PROAVALAR S.R.L,No Financiero,Familias,2,Con seguimiento especial / riesgo bajo,2565,2983922.0,1163.3,6.45,9.05,2565
202604,55341,PROAVALAR S.R.L,No Financiero,Familias,3,Con problemas / riesgo medio,3038,3436980.0,1131.3,7.64,10.43,3038
202604,55341,PROAVALAR S.R.L,No Financiero,Familias,4,Con alto riesgo de insolvencia / riesgo alto,5452,7296283.0,1338.3,13.71,22.13,5452
202604,55341,PROAVALAR S.R.L,No Financiero,Familias,5,Irrecuperable,23036,13477396.0,585.1,57.93,40.88,23036
202604,55341,PROAVALAR S.R.L,No Financiero,Total,1,Situacion normal,5675,5771664.0,1017.0,14.27,17.51,5675
202604,55341,PROAVALAR S.R.L,No Financiero,Total,2,Con seguimiento especial / riesgo bajo,2565,2983922.0,1163.3,6.45,9.05,2565
202604,55341,PROAVALAR S.R.L,No Financiero,Total,3,Con problemas / riesgo medio,3038,3436980.0,1131.3,7.64,10.43,3038
202604,55341,PROAVALAR S.R.L,No Financiero,Total,4,Con alto riesgo de insolvencia / riesgo alto,5452,7296283.0,1338.3,13.71,22.13,5452
202604,55341,PROAVALAR S.R.L,No Financiero,Total,5,Irrecuperable,23036,13477396.0,585.1,57.93,40.88,23036
202604,55342,"Asistir Cooperativa de Vivienda, Credito, Consumo y Servicios Sociales",No Financiero,Familias,1,Situacion normal,338,1860090.0,5503.2,100.00,100.00,338
202604,55342,"Asistir Cooperativa de Vivienda, Credito, Consumo y Servicios Sociales",No Financiero,Total,1,Situacion normal,338,1860090.0,5503.2,100.00,100.00,338
202604,55344,JALIN S.A.,No Financiero,Empresas,1,Situacion normal,27,3444323.0,127567.5,57.45,44.04,27
202604,55344,JALIN S.A.,No Financiero,Empresas,2,Con seguimiento especial / riesgo bajo,4,1306422.0,326605.5,8.51,16.71,4
202604,55344,JALIN S.A.,No Financiero,Empresas,3,Con problemas / riesgo medio,1,34818.0,34818.0,2.13,0.45,1
202604,55344,JALIN S.A.,No Financiero,Empresas,4,Con alto riesgo de insolvencia / riesgo alto,1,1795.0,1795.0,2.13,0.02,1
202604,55344,JALIN S.A.,No Financiero,Empresas,5,Irrecuperable,14,3033089.0,216649.2,29.79,38.78,14
202604,55344,JALIN S.A.,No Financiero,Total,1,Situacion normal,27,3444323.0,127567.5,57.45,44.04,27
202604,55344,JALIN S.A.,No Financiero,Total,2,Con seguimiento especial / riesgo bajo,4,1306422.0,326605.5,8.51,16.71,4
202604,55344,JALIN S.A.,No Financiero,Total,3,Con problemas / riesgo medio,1,34818.0,34818.0,2.13,0.45,1
202604,55344,JALIN S.A.,No Financiero,Total,4,Con alto riesgo de insolvencia / riesgo alto,1,1795.0,1795.0,2.13,0.02,1
202604,55344,JALIN S.A.,No Financiero,Total,5,Irrecuperable,14,3033089.0,216649.2,29.79,38.78,14
202604,55345,CSPB INVERSIONES SA,No Financiero,Empresas,1,Situacion normal,17,16688418.0,981671.6,94.44,99.82,17
202604,55345,CSPB INVERSIONES SA,No Financiero,Empresas,5,Irrecuperable,1,30000.0,30000.0,5.56,0.18,1
202604,55345,CSPB INVERSIONES SA,No Financiero,Familias,1,Situacion normal,2,33860.0,16930.0,100.00,100.00,2
202604,55345,CSPB INVERSIONES SA,No Financiero,Total,1,Situacion normal,19,16722278.0,880119.9,95.00,99.82,19
202604,55345,CSPB INVERSIONES SA,No Financiero,Total,5,Irrecuperable,1,30000.0,30000.0,5.00,0.18,1
202604,55346,Number S.A.,No Financiero,Empresas,1,Situacion normal,14,3085237.0,220374.1,93.33,75.65,14
202604,55346,Number S.A.,No Financiero,Empresas,5,Irrecuperable,1,992933.0,992933.0,6.67,24.35,1
202604,55346,Number S.A.,No Financiero,Total,1,Situacion normal,14,3085237.0,220374.1,93.33,75.65,14
202604,55346,Number S.A.,No Financiero,Total,5,Irrecuperable,1,992933.0,992933.0,6.67,24.35,1
202604,55349,AGILCRED S.A.,No Financiero,Familias,1,Situacion normal,1943,3130712.0,1611.3,76.35,88.28,1943
202604,55349,AGILCRED S.A.,No Financiero,Familias,2,Con seguimiento especial / riesgo bajo,104,134111.0,1289.5,4.09,3.78,104
202604,55349,AGILCRED S.A.,No Financiero,Familias,3,Con problemas / riesgo medio,105,127046.0,1210.0,4.13,3.58,105
202604,55349,AGILCRED S.A.,No Financiero,Familias,4,Con alto riesgo de insolvencia / riesgo alto,121,79164.0,654.2,4.75,2.23,121
202604,55349,AGILCRED S.A.,No Financiero,Familias,5,Irrecuperable,272,75169.0,276.4,10.69,2.12,272
202604,55349,AGILCRED S.A.,No Financiero,Total,1,Situacion normal,1943,3130712.0,1611.3,76.35,88.28,1943
202604,55349,AGILCRED S.A.,No Financiero,Total,2,Con seguimiento especial / riesgo bajo,104,134111.0,1289.5,4.09,3.78,104
202604,55349,AGILCRED S.A.,No Financiero,Total,3,Con problemas / riesgo medio,105,127046.0,1210.0,4.13,3.58,105
202604,55349,AGILCRED S.A.,No Financiero,Total,4,Con alto riesgo de insolvencia / riesgo alto,121,79164.0,654.2,4.75,2.23,121
202604,55349,AGILCRED S.A.,No Financiero,Total,5,Irrecuperable,272,75169.0,276.4,10.69,2.12,272
202604,55352,Cooperativa de vivienda crédito y consumo San José Ltda,No Financiero,Empresas,1,Situacion normal,1,6630.0,6630.0,50.00,92.07,1
202604,55352,Cooperativa de vivienda crédito y consumo San José Ltda,No Financiero,Empresas,5,Irrecuperable,1,571.0,571.0,50.00,7.93,1
202604,55352,Cooperativa de vivienda crédito y consumo San José Ltda,No Financiero,Familias,1,Situacion normal,219,186371.0,851.0,87.60,93.64,219
202604,55352,Cooperativa de vivienda crédito y consumo San José Ltda,No Financiero,Familias,2,Con seguimiento especial / riesgo bajo,4,2240.0,560.0,1.60,1.13,4
202604,55352,Cooperativa de vivienda crédito y consumo San José Ltda,No Financiero,Familias,3,Con problemas / riesgo medio,1,750.0,750.0,0.40,0.38,1
202604,55352,Cooperativa de vivienda crédito y consumo San José Ltda,No Financiero,Familias,4,Con alto riesgo de insolvencia / riesgo alto,10,5980.0,598.0,4.00,3.00,10
202604,55352,Cooperativa de vivienda crédito y consumo San José Ltda,No Financiero,Familias,5,Irrecuperable,16,3684.0,230.2,6.40,1.85,16
202604,55352,Cooperativa de vivienda crédito y consumo San José Ltda,No Financiero,Total,1,Situacion normal,220,193001.0,877.3,87.30,93.59,220
202604,55352,Cooperativa de vivienda crédito y consumo San José Ltda,No Financiero,Total,2,Con seguimiento especial / riesgo bajo,4,2240.0,560.0,1.59,1.09,4
202604,55352,Cooperativa de vivienda crédito y consumo San José Ltda,No Financiero,Total,3,Con problemas / riesgo medio,1,750.0,750.0,0.40,0.36,1
202604,55352,Cooperativa de vivienda crédito y consumo San José Ltda,No Financiero,Total,4,Con alto riesgo de insolvencia / riesgo alto,10,5980.0,598.0,3.97,2.90,10
202604,55352,Cooperativa de vivienda crédito y consumo San José Ltda,No Financiero,Total,5,Irrecuperable,17,4255.0,250.3,6.75,2.06,17
202604,55353,VIKA 2010 S.A.,No Financiero,Empresas,1,Situacion normal,9,112361.0,12484.6,100.00,100.00,9
202604,55353,VIKA 2010 S.A.,No Financiero,Familias,1,Situacion normal,1,1721.0,1721.0,100.00,100.00,1
202604,55353,VIKA 2010 S.A.,No Financiero,Total,1,Situacion normal,10,114082.0,11408.2,100.00,100.00,10
202604,55356,G10 EMPRENDIMIENTOS SA,No Financiero,Familias,1,Situacion normal,2192,931687.0,425.0,42.76,63.63,2192
202604,55356,G10 EMPRENDIMIENTOS SA,No Financiero,Familias,2,Con seguimiento especial / riesgo bajo,206,85512.0,415.1,4.02,5.84,206
202604,55356,G10 EMPRENDIMIENTOS SA,No Financiero,Familias,3,Con problemas / riesgo medio,204,91829.0,450.1,3.98,6.27,204
202604,55356,G10 EMPRENDIMIENTOS SA,No Financiero,Familias,4,Con alto riesgo de insolvencia / riesgo alto,344,124077.0,360.7,6.71,8.47,344
202604,55356,G10 EMPRENDIMIENTOS SA,No Financiero,Familias,5,Irrecuperable,2180,231199.0,106.1,42.53,15.79,2180
202604,55356,G10 EMPRENDIMIENTOS SA,No Financiero,Total,1,Situacion normal,2192,931687.0,425.0,42.76,63.63,2192
202604,55356,G10 EMPRENDIMIENTOS SA,No Financiero,Total,2,Con seguimiento especial / riesgo bajo,206,85512.0,415.1,4.02,5.84,206
202604,55356,G10 EMPRENDIMIENTOS SA,No Financiero,Total,3,Con problemas / riesgo medio,204,91829.0,450.1,3.98,6.27,204
202604,55356,G10 EMPRENDIMIENTOS SA,No Financiero,Total,4,Con alto riesgo de insolvencia / riesgo alto,344,124077.0,360.7,6.71,8.47,344
202604,55356,G10 EMPRENDIMIENTOS SA,No Financiero,Total,5,Irrecuperable,2180,231199.0,106.1,42.53,15.79,2180
202604,55359,DHF SA,No Financiero,Empresas,1,Situacion normal,42,2006173.0,47766.0,91.30,95.67,42
202604,55359,DHF SA,No Financiero,Empresas,4,Con alto riesgo de insolvencia / riesgo alto,1,79228.0,79228.0,2.17,3.78,1
202604,55359,DHF SA,No Financiero,Empresas,5,Irrecuperable,3,11631.0,3877.0,6.52,0.55,3
202604,55359,DHF SA,No Financiero,Familias,1,Situacion normal,5,26003.0,5200.6,100.00,100.00,5
202604,55359,DHF SA,No Financiero,Total,1,Situacion normal,47,2032176.0,43237.8,92.16,95.72,47
202604,55359,DHF SA,No Financiero,Total,4,Con alto riesgo de insolvencia / riesgo alto,1,79228.0,79228.0,1.96,3.73,1
202604,55359,DHF SA,No Financiero,Total,5,Irrecuperable,3,11631.0,3877.0,5.88,0.55,3
202604,55360,Credi-Full S.A.,No Financiero,Familias,5,Irrecuperable,13,512.0,39.4,100.00,100.00,13
202604,55360,Credi-Full S.A.,No Financiero,Total,5,Irrecuperable,13,512.0,39.4,100.00,100.00,13
202604,55361,DESARROLLOS AYTER S.A.,No Financiero,Familias,1,Situacion normal,81,44096.0,544.4,74.31,71.75,81
202604,55361,DESARROLLOS AYTER S.A.,No Financiero,Familias,2,Con seguimiento especial / riesgo bajo,5,4145.0,829.0,4.59,6.74,5
202604,55361,DESARROLLOS AYTER S.A.,No Financiero,Familias,3,Con problemas / riesgo medio,2,355.0,177.5,1.83,0.58,2
202604,55361,DESARROLLOS AYTER S.A.,No Financiero,Familias,4,Con alto riesgo de insolvencia / riesgo alto,8,5125.0,640.6,7.34,8.34,8
202604,55361,DESARROLLOS AYTER S.A.,No Financiero,Familias,5,Irrecuperable,13,7738.0,595.2,11.93,12.59,13
202604,55361,DESARROLLOS AYTER S.A.,No Financiero,Total,1,Situacion normal,81,44096.0,544.4,74.31,71.75,81
202604,55361,DESARROLLOS AYTER S.A.,No Financiero,Total,2,Con seguimiento especial / riesgo bajo,5,4145.0,829.0,4.59,6.74,5
202604,55361,DESARROLLOS AYTER S.A.,No Financiero,Total,3,Con problemas / riesgo medio,2,355.0,177.5,1.83,0.58,2
202604,55361,DESARROLLOS AYTER S.A.,No Financiero,Total,4,Con alto riesgo de insolvencia / riesgo alto,8,5125.0,640.6,7.34,8.34,8
202604,55361,DESARROLLOS AYTER S.A.,No Financiero,Total,5,Irrecuperable,13,7738.0,595.2,11.93,12.59,13
202604,55366,CYAP NOW S.A.,No Financiero,Familias,1,Situacion normal,833,473251.0,568.1,77.20,85.52,833
202604,55366,CYAP NOW S.A.,No Financiero,Familias,2,Con seguimiento especial / riesgo bajo,72,30219.0,419.7,6.67,5.46,72
202604,55366,CYAP NOW S.A.,No Financiero,Familias,3,Con problemas / riesgo medio,41,18971.0,462.7,3.80,3.43,41
202604,55366,CYAP NOW S.A.,No Financiero,Familias,4,Con alto riesgo de insolvencia / riesgo alto,42,14496.0,345.1,3.89,2.62,42
202604,55366,CYAP NOW S.A.,No Financiero,Familias,5,Irrecuperable,91,16429.0,180.5,8.43,2.97,91
202604,55366,CYAP NOW S.A.,No Financiero,Total,1,Situacion normal,833,473251.0,568.1,77.20,85.52,833
202604,55366,CYAP NOW S.A.,No Financiero,Total,2,Con seguimiento especial / riesgo bajo,72,30219.0,419.7,6.67,5.46,72
202604,55366,CYAP NOW S.A.,No Financiero,Total,3,Con problemas / riesgo medio,41,18971.0,462.7,3.80,3.43,41
202604,55366,CYAP NOW S.A.,No Financiero,Total,4,Con alto riesgo de insolvencia / riesgo alto,42,14496.0,345.1,3.89,2.62,42
202604,55366,CYAP NOW S.A.,No Financiero,Total,5,Irrecuperable,91,16429.0,180.5,8.43,2.97,91
202604,55367,INVERSORA DEL NORTE S.A.,No Financiero,Familias,1,Situacion normal,20,31823.0,1591.2,28.99,59.30,20
202604,55367,INVERSORA DEL NORTE S.A.,No Financiero,Familias,2,Con seguimiento especial / riesgo bajo,1,717.0,717.0,1.45,1.34,1
202604,55367,INVERSORA DEL NORTE S.A.,No Financiero,Familias,3,Con problemas / riesgo medio,1,579.0,579.0,1.45,1.08,1
202604,55367,INVERSORA DEL NORTE S.A.,No Financiero,Familias,4,Con alto riesgo de insolvencia / riesgo alto,8,3633.0,454.1,11.59,6.77,8
202604,55367,INVERSORA DEL NORTE S.A.,No Financiero,Familias,5,Irrecuperable,39,16911.0,433.6,56.52,31.51,39
202604,55367,INVERSORA DEL NORTE S.A.,No Financiero,Total,1,Situacion normal,20,31823.0,1591.2,28.99,59.30,20
202604,55367,INVERSORA DEL NORTE S.A.,No Financiero,Total,2,Con seguimiento especial / riesgo bajo,1,717.0,717.0,1.45,1.34,1
202604,55367,INVERSORA DEL NORTE S.A.,No Financiero,Total,3,Con problemas / riesgo medio,1,579.0,579.0,1.45,1.08,1
202604,55367,INVERSORA DEL NORTE S.A.,No Financiero,Total,4,Con alto riesgo de insolvencia / riesgo alto,8,3633.0,454.1,11.59,6.77,8
202604,55367,INVERSORA DEL NORTE S.A.,No Financiero,Total,5,Irrecuperable,39,16911.0,433.6,56.52,31.51,39
202604,55370,CREDIL S.R.L.,No Financiero,Familias,1,Situacion normal,92781,51010345.0,549.8,29.99,29.20,92781
202604,55370,CREDIL S.R.L.,No Financiero,Familias,2,Con seguimiento especial / riesgo bajo,15916,12475500.0,783.8,5.15,7.14,15916
202604,55370,CREDIL S.R.L.,No Financiero,Familias,3,Con problemas / riesgo medio,20523,19271035.0,939.0,6.63,11.03,20523
202604,55370,CREDIL S.R.L.,No Financiero,Familias,4,Con alto riesgo de insolvencia / riesgo alto,40106,35424160.0,883.3,12.97,20.28,40106
202604,55370,CREDIL S.R.L.,No Financiero,Familias,5,Irrecuperable,139996,56518465.0,403.7,45.26,32.35,139996
202604,55370,CREDIL S.R.L.,No Financiero,Total,1,Situacion normal,92781,51010345.0,549.8,29.99,29.20,92781
202604,55370,CREDIL S.R.L.,No Financiero,Total,2,Con seguimiento especial / riesgo bajo,15916,12475500.0,783.8,5.15,7.14,15916
202604,55370,CREDIL S.R.L.,No Financiero,Total,3,Con problemas / riesgo medio,20523,19271035.0,939.0,6.63,11.03,20523
202604,55370,CREDIL S.R.L.,No Financiero,Total,4,Con alto riesgo de insolvencia / riesgo alto,40106,35424160.0,883.3,12.97,20.28,40106
202604,55370,CREDIL S.R.L.,No Financiero,Total,5,Irrecuperable,139996,56518465.0,403.7,45.26,32.35,139996
202604,55371,ASOCIACION MUTUAL EMLEADOS DE COMERCIO DE ROSARIO,No Financiero,Familias,1,Situacion normal,523,305699.0,584.5,98.31,98.81,523
202604,55371,ASOCIACION MUTUAL EMLEADOS DE COMERCIO DE ROSARIO,No Financiero,Familias,2,Con seguimiento especial / riesgo bajo,2,1089.0,544.5,0.38,0.35,2
202604,55371,ASOCIACION MUTUAL EMLEADOS DE COMERCIO DE ROSARIO,No Financiero,Familias,3,Con problemas / riesgo medio,2,1302.0,651.0,0.38,0.42,2
202604,55371,ASOCIACION MUTUAL EMLEADOS DE COMERCIO DE ROSARIO,No Financiero,Familias,5,Irrecuperable,5,1292.0,258.4,0.94,0.42,5
202604,55371,ASOCIACION MUTUAL EMLEADOS DE COMERCIO DE ROSARIO,No Financiero,Total,1,Situacion normal,523,305699.0,584.5,98.31,98.81,523
202604,55371,ASOCIACION MUTUAL EMLEADOS DE COMERCIO DE ROSARIO,No Financiero,Total,2,Con seguimiento especial / riesgo bajo,2,1089.0,544.5,0.38,0.35,2
202604,55371,ASOCIACION MUTUAL EMLEADOS DE COMERCIO DE ROSARIO,No Financiero,Total,3,Con problemas / riesgo medio,2,1302.0,651.0,0.38,0.42,2
202604,55371,ASOCIACION MUTUAL EMLEADOS DE COMERCIO DE ROSARIO,No Financiero,Total,5,Irrecuperable,5,1292.0,258.4,0.94,0.42,5
202604,55374,EJS S.A.,No Financiero,Familias,1,Situacion normal,294,234721.0,798.4,84.00,83.28,294
202604,55374,EJS S.A.,No Financiero,Familias,2,Con seguimiento especial / riesgo bajo,11,8642.0,785.6,3.14,3.07,11
202604,55374,EJS S.A.,No Financiero,Familias,3,Con problemas / riesgo medio,14,12755.0,911.1,4.00,4.53,14
202604,55374,EJS S.A.,No Financiero,Familias,4,Con alto riesgo de insolvencia / riesgo alto,30,22957.0,765.2,8.57,8.15,30
202604,55374,EJS S.A.,No Financiero,Familias,5,Irrecuperable,1,2767.0,2767.0,0.29,0.98,1
202604,55374,EJS S.A.,No Financiero,Total,1,Situacion normal,294,234721.0,798.4,84.00,83.28,294
202604,55374,EJS S.A.,No Financiero,Total,2,Con seguimiento especial / riesgo bajo,11,8642.0,785.6,3.14,3.07,11
202604,55374,EJS S.A.,No Financiero,Total,3,Con problemas / riesgo medio,14,12755.0,911.1,4.00,4.53,14
202604,55374,EJS S.A.,No Financiero,Total,4,Con alto riesgo de insolvencia / riesgo alto,30,22957.0,765.2,8.57,8.15,30
202604,55374,EJS S.A.,No Financiero,Total,5,Irrecuperable,1,2767.0,2767.0,0.29,0.98,1
202604,55375,COOP. DE CRED. CONS. Y VIV. MASELE LTDA,No Financiero,Familias,1,Situacion normal,3554,11172500.0,3143.6,100.00,100.00,3554
202604,55375,COOP. DE CRED. CONS. Y VIV. MASELE LTDA,No Financiero,Total,1,Situacion normal,3554,11172500.0,3143.6,100.00,100.00,3554
202604,55376,COMERPYSRL,No Financiero,Familias,1,Situacion normal,1993,426400.0,213.9,44.49,37.77,1993
202604,55376,COMERPYSRL,No Financiero,Familias,2,Con seguimiento especial / riesgo bajo,193,62002.0,321.3,4.31,5.49,193
202604,55376,COMERPYSRL,No Financiero,Familias,3,Con problemas / riesgo medio,233,103126.0,442.6,5.20,9.13,233
202604,55376,COMERPYSRL,No Financiero,Familias,4,Con alto riesgo de insolvencia / riesgo alto,422,204969.0,485.7,9.42,18.15,422
202604,55376,COMERPYSRL,No Financiero,Familias,5,Irrecuperable,1639,332572.0,202.9,36.58,29.46,1639
202604,55376,COMERPYSRL,No Financiero,Total,1,Situacion normal,1993,426400.0,213.9,44.49,37.77,1993
202604,55376,COMERPYSRL,No Financiero,Total,2,Con seguimiento especial / riesgo bajo,193,62002.0,321.3,4.31,5.49,193
202604,55376,COMERPYSRL,No Financiero,Total,3,Con problemas / riesgo medio,233,103126.0,442.6,5.20,9.13,233
202604,55376,COMERPYSRL,No Financiero,Total,4,Con alto riesgo de insolvencia / riesgo alto,422,204969.0,485.7,9.42,18.15,422
202604,55376,COMERPYSRL,No Financiero,Total,5,Irrecuperable,1639,332572.0,202.9,36.58,29.46,1639
202604,55377,Clave Creditos S.A.,No Financiero,Familias,1,Situacion normal,604,244289.0,404.5,58.93,50.89,604
202604,55377,Clave Creditos S.A.,No Financiero,Familias,2,Con seguimiento especial / riesgo bajo,74,32704.0,441.9,7.22,6.81,74
202604,55377,Clave Creditos S.A.,No Financiero,Familias,3,Con problemas / riesgo medio,82,38283.0,466.9,8.00,7.97,82
202604,55377,Clave Creditos S.A.,No Financiero,Familias,4,Con alto riesgo de insolvencia / riesgo alto,137,90236.0,658.7,13.37,18.80,137
202604,55377,Clave Creditos S.A.,No Financiero,Familias,5,Irrecuperable,128,74539.0,582.3,12.49,15.53,128
202604,55377,Clave Creditos S.A.,No Financiero,Total,1,Situacion normal,604,244289.0,404.5,58.93,50.89,604
202604,55377,Clave Creditos S.A.,No Financiero,Total,2,Con seguimiento especial / riesgo bajo,74,32704.0,441.9,7.22,6.81,74
202604,55377,Clave Creditos S.A.,No Financiero,Total,3,Con problemas / riesgo medio,82,38283.0,466.9,8.00,7.97,82
202604,55377,Clave Creditos S.A.,No Financiero,Total,4,Con alto riesgo de insolvencia / riesgo alto,137,90236.0,658.7,13.37,18.80,137
202604,55377,Clave Creditos S.A.,No Financiero,Total,5,Irrecuperable,128,74539.0,582.3,12.49,15.53,128
202604,55381,CREDIGOL S.A.,No Financiero,Familias,1,Situacion normal,2120,2941654.0,1387.6,36.10,39.50,2120
202604,55381,CREDIGOL S.A.,No Financiero,Familias,2,Con seguimiento especial / riesgo bajo,508,666050.0,1311.1,8.65,8.94,508
202604,55381,CREDIGOL S.A.,No Financiero,Familias,3,Con problemas / riesgo medio,491,729187.0,1485.1,8.36,9.79,491
202604,55381,CREDIGOL S.A.,No Financiero,Familias,4,Con alto riesgo de insolvencia / riesgo alto,986,1457871.0,1478.6,16.79,19.58,986
202604,55381,CREDIGOL S.A.,No Financiero,Familias,5,Irrecuperable,1768,1652370.0,934.6,30.10,22.19,1768
202604,55381,CREDIGOL S.A.,No Financiero,Total,1,Situacion normal,2120,2941654.0,1387.6,36.10,39.50,2120
202604,55381,CREDIGOL S.A.,No Financiero,Total,2,Con seguimiento especial / riesgo bajo,508,666050.0,1311.1,8.65,8.94,508
202604,55381,CREDIGOL S.A.,No Financiero,Total,3,Con problemas / riesgo medio,491,729187.0,1485.1,8.36,9.79,491
202604,55381,CREDIGOL S.A.,No Financiero,Total,4,Con alto riesgo de insolvencia / riesgo alto,986,1457871.0,1478.6,16.79,19.58,986
202604,55381,CREDIGOL S.A.,No Financiero,Total,5,Irrecuperable,1768,1652370.0,934.6,30.10,22.19,1768
202604,55387,"Asociacion Mutual Integracion Solidaria Villa Maria ""AMISVIMA""",No Financiero,Familias,1,Situacion normal,821,782768.0,953.4,65.21,62.35,821
202604,55387,"Asociacion Mutual Integracion Solidaria Villa Maria ""AMISVIMA""",No Financiero,Familias,2,Con seguimiento especial / riesgo bajo,42,71239.0,1696.2,3.34,5.67,42
202604,55387,"Asociacion Mutual Integracion Solidaria Villa Maria ""AMISVIMA""",No Financiero,Familias,3,Con problemas / riesgo medio,26,44815.0,1723.7,2.07,3.57,26
202604,55387,"Asociacion Mutual Integracion Solidaria Villa Maria ""AMISVIMA""",No Financiero,Familias,4,Con alto riesgo de insolvencia / riesgo alto,83,170464.0,2053.8,6.59,13.58,83
202604,55387,"Asociacion Mutual Integracion Solidaria Villa Maria ""AMISVIMA""",No Financiero,Familias,5,Irrecuperable,287,186176.0,648.7,22.80,14.83,287
202604,55387,"Asociacion Mutual Integracion Solidaria Villa Maria ""AMISVIMA""",No Financiero,Total,1,Situacion normal,821,782768.0,953.4,65.21,62.35,821
202604,55387,"Asociacion Mutual Integracion Solidaria Villa Maria ""AMISVIMA""",No Financiero,Total,2,Con seguimiento especial / riesgo bajo,42,71239.0,1696.2,3.34,5.67,42
202604,55387,"Asociacion Mutual Integracion Solidaria Villa Maria ""AMISVIMA""",No Financiero,Total,3,Con problemas / riesgo medio,26,44815.0,1723.7,2.07,3.57,26
202604,55387,"Asociacion Mutual Integracion Solidaria Villa Maria ""AMISVIMA""",No Financiero,Total,4,Con alto riesgo de insolvencia / riesgo alto,83,170464.0,2053.8,6.59,13.58,83
202604,55387,"Asociacion Mutual Integracion Solidaria Villa Maria ""AMISVIMA""",No Financiero,Total,5,Irrecuperable,287,186176.0,648.7,22.80,14.83,287
202604,55388,CREDLAP S.A.,No Financiero,Familias,1,Situacion normal,461,306155.0,664.1,4.85,2.07,461
202604,55388,CREDLAP S.A.,No Financiero,Familias,2,Con seguimiento especial / riesgo bajo,233,121755.0,522.6,2.45,0.82,233
202604,55388,CREDLAP S.A.,No Financiero,Familias,3,Con problemas / riesgo medio,560,663385.0,1184.6,5.89,4.49,560
202604,55388,CREDLAP S.A.,No Financiero,Familias,4,Con alto riesgo de insolvencia / riesgo alto,1131,1836152.0,1623.5,11.89,12.44,1131
202604,55388,CREDLAP S.A.,No Financiero,Familias,5,Irrecuperable,7128,11833791.0,1660.2,74.93,80.17,7128
202604,55388,CREDLAP S.A.,No Financiero,Total,1,Situacion normal,461,306155.0,664.1,4.85,2.07,461
202604,55388,CREDLAP S.A.,No Financiero,Total,2,Con seguimiento especial / riesgo bajo,233,121755.0,522.6,2.45,0.82,233
202604,55388,CREDLAP S.A.,No Financiero,Total,3,Con problemas / riesgo medio,560,663385.0,1184.6,5.89,4.49,560
202604,55388,CREDLAP S.A.,No Financiero,Total,4,Con alto riesgo de insolvencia / riesgo alto,1131,1836152.0,1623.5,11.89,12.44,1131
202604,55388,CREDLAP S.A.,No Financiero,Total,5,Irrecuperable,7128,11833791.0,1660.2,74.93,80.17,7128
202604,55392,NEGOCIOS FINANCIEROS CREDILOMAS S.A.,No Financiero,Familias,5,Irrecuperable,49,7272.0,148.4,100.00,100.00,49
202604,55392,NEGOCIOS FINANCIEROS CREDILOMAS S.A.,No Financiero,Total,5,Irrecuperable,49,7272.0,148.4,100.00,100.00,49
202604,55393,SEILOP S.R.L.,No Financiero,Empresas,1,Situacion normal,29,8309623.0,286538.7,69.05,77.45,29
202604,55393,SEILOP S.R.L.,No Financiero,Empresas,2,Con seguimiento especial / riesgo bajo,5,864718.0,172943.6,11.90,8.06,5
202604,55393,SEILOP S.R.L.,No Financiero,Empresas,3,Con problemas / riesgo medio,2,71889.0,35944.5,4.76,0.67,2
202604,55393,SEILOP S.R.L.,No Financiero,Empresas,4,Con alto riesgo de insolvencia / riesgo alto,4,643771.0,160942.8,9.52,6.00,4
202604,55393,SEILOP S.R.L.,No Financiero,Empresas,5,Irrecuperable,2,839559.0,419779.5,4.76,7.82,2
202604,55393,SEILOP S.R.L.,No Financiero,Familias,2,Con seguimiento especial / riesgo bajo,1,34965.0,34965.0,100.00,100.00,1
202604,55393,SEILOP S.R.L.,No Financiero,Total,1,Situacion normal,29,8309623.0,286538.7,67.44,77.19,29
202604,55393,SEILOP S.R.L.,No Financiero,Total,2,Con seguimiento especial / riesgo bajo,6,899683.0,149947.2,13.95,8.36,6
202604,55393,SEILOP S.R.L.,No Financiero,Total,3,Con problemas / riesgo medio,2,71889.0,35944.5,4.65,0.67,2
202604,55393,SEILOP S.R.L.,No Financiero,Total,4,Con alto riesgo de insolvencia / riesgo alto,4,643771.0,160942.8,9.30,5.98,4
202604,55393,SEILOP S.R.L.,No Financiero,Total,5,Irrecuperable,2,839559.0,419779.5,4.65,7.80,2
202604,55395,CIGANDA & MASARIE,No Financiero,Familias,1,Situacion normal,373,724229.0,1941.6,51.03,55.53,373
202604,55395,CIGANDA & MASARIE,No Financiero,Familias,2,Con seguimiento especial / riesgo bajo,55,101198.0,1840.0,7.52,7.76,55
202604,55395,CIGANDA & MASARIE,No Financiero,Familias,3,Con problemas / riesgo medio,4,4412.0,1103.0,0.55,0.34,4
202604,55395,CIGANDA & MASARIE,No Financiero,Familias,5,Irrecuperable,299,474329.0,1586.4,40.90,36.37,299
202604,55395,CIGANDA & MASARIE,No Financiero,Total,1,Situacion normal,373,724229.0,1941.6,51.03,55.53,373
202604,55395,CIGANDA & MASARIE,No Financiero,Total,2,Con seguimiento especial / riesgo bajo,55,101198.0,1840.0,7.52,7.76,55
202604,55395,CIGANDA & MASARIE,No Financiero,Total,3,Con problemas / riesgo medio,4,4412.0,1103.0,0.55,0.34,4
202604,55395,CIGANDA & MASARIE,No Financiero,Total,5,Irrecuperable,299,474329.0,1586.4,40.90,36.37,299
202604,55396,MERIDIANO NORTE S.A.,No Financiero,Empresas,1,Situacion normal,109,11033322.0,101223.1,75.17,80.61,109
202604,55396,MERIDIANO NORTE S.A.,No Financiero,Empresas,2,Con seguimiento especial / riesgo bajo,10,686293.0,68629.3,6.90,5.01,10
202604,55396,MERIDIANO NORTE S.A.,No Financiero,Empresas,3,Con problemas / riesgo medio,7,149010.0,21287.1,4.83,1.09,7
202604,55396,MERIDIANO NORTE S.A.,No Financiero,Empresas,4,Con alto riesgo de insolvencia / riesgo alto,8,1020245.0,127530.6,5.52,7.45,8
202604,55396,MERIDIANO NORTE S.A.,No Financiero,Empresas,5,Irrecuperable,11,798107.0,72555.2,7.59,5.83,11
202604,55396,MERIDIANO NORTE S.A.,No Financiero,Familias,1,Situacion normal,62,544455.0,8781.5,68.13,81.66,62
202604,55396,MERIDIANO NORTE S.A.,No Financiero,Familias,2,Con seguimiento especial / riesgo bajo,3,3878.0,1292.7,3.30,0.58,3
202604,55396,MERIDIANO NORTE S.A.,No Financiero,Familias,3,Con problemas / riesgo medio,7,69315.0,9902.1,7.69,10.40,7
202604,55396,MERIDIANO NORTE S.A.,No Financiero,Familias,4,Con alto riesgo de insolvencia / riesgo alto,13,30461.0,2343.2,14.29,4.57,13
202604,55396,MERIDIANO NORTE S.A.,No Financiero,Familias,5,Irrecuperable,6,18651.0,3108.5,6.59,2.80,6
202604,55396,MERIDIANO NORTE S.A.,No Financiero,Total,1,Situacion normal,171,11577777.0,67706.3,72.46,80.66,171
202604,55396,MERIDIANO NORTE S.A.,No Financiero,Total,2,Con seguimiento especial / riesgo bajo,13,690171.0,53090.1,5.51,4.81,13
202604,55396,MERIDIANO NORTE S.A.,No Financiero,Total,3,Con problemas / riesgo medio,14,218325.0,15594.6,5.93,1.52,14
202604,55396,MERIDIANO NORTE S.A.,No Financiero,Total,4,Con alto riesgo de insolvencia / riesgo alto,21,1050706.0,50033.6,8.90,7.32,21
202604,55396,MERIDIANO NORTE S.A.,No Financiero,Total,5,Irrecuperable,17,816758.0,48044.6,7.20,5.69,17
202604,55397,BELMONT CAPITAL S.A.,No Financiero,Empresas,1,Situacion normal,1,6785.0,6785.0,100.00,100.00,1
202604,55397,BELMONT CAPITAL S.A.,No Financiero,Familias,1,Situacion normal,4540,9556726.0,2105.0,93.98,94.80,4540
202604,55397,BELMONT CAPITAL S.A.,No Financiero,Familias,3,Con problemas / riesgo medio,199,357665.0,1797.3,4.12,3.55,199
202604,55397,BELMONT CAPITAL S.A.,No Financiero,Familias,4,Con alto riesgo de insolvencia / riesgo alto,80,147532.0,1844.2,1.66,1.46,80
202604,55397,BELMONT CAPITAL S.A.,No Financiero,Familias,5,Irrecuperable,12,18729.0,1560.8,0.25,0.19,12
202604,55397,BELMONT CAPITAL S.A.,No Financiero,Total,1,Situacion normal,4541,9563511.0,2106.0,93.98,94.81,4541
202604,55397,BELMONT CAPITAL S.A.,No Financiero,Total,3,Con problemas / riesgo medio,199,357665.0,1797.3,4.12,3.55,199
202604,55397,BELMONT CAPITAL S.A.,No Financiero,Total,4,Con alto riesgo de insolvencia / riesgo alto,80,147532.0,1844.2,1.66,1.46,80
202604,55397,BELMONT CAPITAL S.A.,No Financiero,Total,5,Irrecuperable,12,18729.0,1560.8,0.25,0.19,12
202604,55399,MAMLUSENA S.A.,No Financiero,Familias,1,Situacion normal,719,240970.0,335.1,59.97,69.43,719
202604,55399,MAMLUSENA S.A.,No Financiero,Familias,2,Con seguimiento especial / riesgo bajo,53,19883.0,375.2,4.42,5.73,53
202604,55399,MAMLUSENA S.A.,No Financiero,Familias,3,Con problemas / riesgo medio,85,22713.0,267.2,7.09,6.54,85
202604,55399,MAMLUSENA S.A.,No Financiero,Familias,4,Con alto riesgo de insolvencia / riesgo alto,112,35520.0,317.1,9.34,10.23,112
202604,55399,MAMLUSENA S.A.,No Financiero,Familias,5,Irrecuperable,230,27989.0,121.7,19.18,8.06,230
202604,55399,MAMLUSENA S.A.,No Financiero,Total,1,Situacion normal,719,240970.0,335.1,59.97,69.43,719
202604,55399,MAMLUSENA S.A.,No Financiero,Total,2,Con seguimiento especial / riesgo bajo,53,19883.0,375.2,4.42,5.73,53
202604,55399,MAMLUSENA S.A.,No Financiero,Total,3,Con problemas / riesgo medio,85,22713.0,267.2,7.09,6.54,85
202604,55399,MAMLUSENA S.A.,No Financiero,Total,4,Con alto riesgo de insolvencia / riesgo alto,112,35520.0,317.1,9.34,10.23,112
202604,55399,MAMLUSENA S.A.,No Financiero,Total,5,Irrecuperable,230,27989.0,121.7,19.18,8.06,230
202604,55400,MICRO SISTEMAS S. A. U.,No Financiero,Familias,1,Situacion normal,51731,12388993.0,239.5,51.16,53.98,51731
202604,55400,MICRO SISTEMAS S. A. U.,No Financiero,Familias,2,Con seguimiento especial / riesgo bajo,5296,1584972.0,299.3,5.24,6.91,5296
202604,55400,MICRO SISTEMAS S. A. U.,No Financiero,Familias,3,Con problemas / riesgo medio,6015,1585758.0,263.6,5.95,6.91,6015
202604,55400,MICRO SISTEMAS S. A. U.,No Financiero,Familias,4,Con alto riesgo de insolvencia / riesgo alto,22306,4555707.0,204.2,22.06,19.85,22306
202604,55400,MICRO SISTEMAS S. A. U.,No Financiero,Familias,5,Irrecuperable,15763,2834425.0,179.8,15.59,12.35,15763
202604,55400,MICRO SISTEMAS S. A. U.,No Financiero,Total,1,Situacion normal,51731,12388993.0,239.5,51.16,53.98,51731
202604,55400,MICRO SISTEMAS S. A. U.,No Financiero,Total,2,Con seguimiento especial / riesgo bajo,5296,1584972.0,299.3,5.24,6.91,5296
202604,55400,MICRO SISTEMAS S. A. U.,No Financiero,Total,3,Con problemas / riesgo medio,6015,1585758.0,263.6,5.95,6.91,6015
202604,55400,MICRO SISTEMAS S. A. U.,No Financiero,Total,4,Con alto riesgo de insolvencia / riesgo alto,22306,4555707.0,204.2,22.06,19.85,22306
202604,55400,MICRO SISTEMAS S. A. U.,No Financiero,Total,5,Irrecuperable,15763,2834425.0,179.8,15.59,12.35,15763
202604,55405,Oneri Bilancio S.A.,No Financiero,Familias,1,Situacion normal,1391,96777.0,69.6,7.19,1.11,1391
202604,55405,Oneri Bilancio S.A.,No Financiero,Familias,2,Con seguimiento especial / riesgo bajo,1472,247426.0,168.1,7.61,2.83,1472
202604,55405,Oneri Bilancio S.A.,No Financiero,Familias,3,Con problemas / riesgo medio,2449,1099538.0,449.0,12.66,12.57,2449
202604,55405,Oneri Bilancio S.A.,No Financiero,Familias,4,Con alto riesgo de insolvencia / riesgo alto,4097,2129339.0,519.7,21.18,24.33,4097
202604,55405,Oneri Bilancio S.A.,No Financiero,Familias,5,Irrecuperable,9939,5177462.0,520.9,51.37,59.17,9939
202604,55405,Oneri Bilancio S.A.,No Financiero,Total,1,Situacion normal,1391,96777.0,69.6,7.19,1.11,1391
202604,55405,Oneri Bilancio S.A.,No Financiero,Total,2,Con seguimiento especial / riesgo bajo,1472,247426.0,168.1,7.61,2.83,1472
202604,55405,Oneri Bilancio S.A.,No Financiero,Total,3,Con problemas / riesgo medio,2449,1099538.0,449.0,12.66,12.57,2449
202604,55405,Oneri Bilancio S.A.,No Financiero,Total,4,Con alto riesgo de insolvencia / riesgo alto,4097,2129339.0,519.7,21.18,24.33,4097
202604,55405,Oneri Bilancio S.A.,No Financiero,Total,5,Irrecuperable,9939,5177462.0,520.9,51.37,59.17,9939
202604,55408,SCANIA CREDIT ARGENTINA S.A.U.,No Financiero,Empresas,1,Situacion normal,585,189236899.0,323481.9,97.01,95.25,585
202604,55408,SCANIA CREDIT ARGENTINA S.A.U.,No Financiero,Empresas,2,Con seguimiento especial / riesgo bajo,6,1465059.0,244176.5,1.00,0.74,6
202604,55408,SCANIA CREDIT ARGENTINA S.A.U.,No Financiero,Empresas,3,Con problemas / riesgo medio,7,914210.0,130601.4,1.16,0.46,7
202604,55408,SCANIA CREDIT ARGENTINA S.A.U.,No Financiero,Empresas,4,Con alto riesgo de insolvencia / riesgo alto,5,7061318.0,1412263.6,0.83,3.55,5
202604,55408,SCANIA CREDIT ARGENTINA S.A.U.,No Financiero,Familias,1,Situacion normal,320,41068182.0,128338.1,97.56,95.95,320
202604,55408,SCANIA CREDIT ARGENTINA S.A.U.,No Financiero,Familias,2,Con seguimiento especial / riesgo bajo,3,481761.0,160587.0,0.91,1.13,3
202604,55408,SCANIA CREDIT ARGENTINA S.A.U.,No Financiero,Familias,3,Con problemas / riesgo medio,2,867959.0,433979.5,0.61,2.03,2
202604,55408,SCANIA CREDIT ARGENTINA S.A.U.,No Financiero,Familias,4,Con alto riesgo de insolvencia / riesgo alto,3,385885.0,128628.3,0.91,0.90,3
202604,55408,SCANIA CREDIT ARGENTINA S.A.U.,No Financiero,Total,1,Situacion normal,905,230305081.0,254480.8,97.21,95.37,905
202604,55408,SCANIA CREDIT ARGENTINA S.A.U.,No Financiero,Total,2,Con seguimiento especial / riesgo bajo,9,1946820.0,216313.3,0.97,0.81,9
202604,55408,SCANIA CREDIT ARGENTINA S.A.U.,No Financiero,Total,3,Con problemas / riesgo medio,9,1782169.0,198018.8,0.97,0.74,9
202604,55408,SCANIA CREDIT ARGENTINA S.A.U.,No Financiero,Total,4,Con alto riesgo de insolvencia / riesgo alto,8,7447203.0,930900.4,0.86,3.08,8
202604,55412,Delivery Hero Financial Services SA,No Financiero,Empresas,1,Situacion normal,561,7872351.0,14032.7,78.57,90.62,561
202604,55412,Delivery Hero Financial Services SA,No Financiero,Empresas,2,Con seguimiento especial / riesgo bajo,18,157947.0,8774.8,2.52,1.82,18
202604,55412,Delivery Hero Financial Services SA,No Financiero,Empresas,3,Con problemas / riesgo medio,26,163538.0,6289.9,3.64,1.88,26
202604,55412,Delivery Hero Financial Services SA,No Financiero,Empresas,4,Con alto riesgo de insolvencia / riesgo alto,33,256751.0,7780.3,4.62,2.96,33
202604,55412,Delivery Hero Financial Services SA,No Financiero,Empresas,5,Irrecuperable,76,236720.0,3114.7,10.64,2.72,76
202604,55412,Delivery Hero Financial Services SA,No Financiero,Familias,1,Situacion normal,11541,17571875.0,1522.6,74.87,85.22,11541
202604,55412,Delivery Hero Financial Services SA,No Financiero,Familias,2,Con seguimiento especial / riesgo bajo,738,599660.0,812.5,4.79,2.91,738
202604,55412,Delivery Hero Financial Services SA,No Financiero,Familias,3,Con problemas / riesgo medio,975,788176.0,808.4,6.33,3.82,975
202604,55412,Delivery Hero Financial Services SA,No Financiero,Familias,4,Con alto riesgo de insolvencia / riesgo alto,1245,1020534.0,819.7,8.08,4.95,1245
202604,55412,Delivery Hero Financial Services SA,No Financiero,Familias,5,Irrecuperable,915,639395.0,698.8,5.94,3.10,915
202604,55412,Delivery Hero Financial Services SA,No Financiero,Total,1,Situacion normal,12102,25444226.0,2102.5,75.04,86.82,12102
202604,55412,Delivery Hero Financial Services SA,No Financiero,Total,2,Con seguimiento especial / riesgo bajo,756,757607.0,1002.1,4.69,2.59,756
202604,55412,Delivery Hero Financial Services SA,No Financiero,Total,3,Con problemas / riesgo medio,1001,951714.0,950.8,6.21,3.25,1001
202604,55412,Delivery Hero Financial Services SA,No Financiero,Total,4,Con alto riesgo de insolvencia / riesgo alto,1278,1277285.0,999.4,7.92,4.36,1278
202604,55412,Delivery Hero Financial Services SA,No Financiero,Total,5,Irrecuperable,991,876115.0,884.1,6.14,2.99,991
202604,55415,BLM SERVICIOS SA,No Financiero,Empresas,1,Situacion normal,32,5693219.0,177913.1,68.09,87.67,32
202604,55415,BLM SERVICIOS SA,No Financiero,Empresas,3,Con problemas / riesgo medio,1,3002.0,3002.0,2.13,0.05,1
202604,55415,BLM SERVICIOS SA,No Financiero,Empresas,4,Con alto riesgo de insolvencia / riesgo alto,3,61487.0,20495.7,6.38,0.95,3
202604,55415,BLM SERVICIOS SA,No Financiero,Empresas,5,Irrecuperable,11,735853.0,66895.7,23.40,11.33,11
202604,55415,BLM SERVICIOS SA,No Financiero,Familias,1,Situacion normal,5,121205.0,24241.0,100.00,100.00,5
202604,55415,BLM SERVICIOS SA,No Financiero,Total,1,Situacion normal,37,5814424.0,157146.6,71.15,87.90,37
202604,55415,BLM SERVICIOS SA,No Financiero,Total,3,Con problemas / riesgo medio,1,3002.0,3002.0,1.92,0.05,1
202604,55415,BLM SERVICIOS SA,No Financiero,Total,4,Con alto riesgo de insolvencia / riesgo alto,3,61487.0,20495.7,5.77,0.93,3
202604,55415,BLM SERVICIOS SA,No Financiero,Total,5,Irrecuperable,11,735853.0,66895.7,21.15,11.12,11
202604,55419,Daneio SA,No Financiero,Familias,1,Situacion normal,771,614770.0,797.4,54.84,58.30,771
202604,55419,Daneio SA,No Financiero,Familias,2,Con seguimiento especial / riesgo bajo,111,91429.0,823.7,7.89,8.67,111
202604,55419,Daneio SA,No Financiero,Familias,3,Con problemas / riesgo medio,124,107195.0,864.5,8.82,10.16,124
202604,55419,Daneio SA,No Financiero,Familias,4,Con alto riesgo de insolvencia / riesgo alto,197,158727.0,805.7,14.01,15.05,197
202604,55419,Daneio SA,No Financiero,Familias,5,Irrecuperable,203,82456.0,406.2,14.44,7.82,203
202604,55419,Daneio SA,No Financiero,Total,1,Situacion normal,771,614770.0,797.4,54.84,58.30,771
202604,55419,Daneio SA,No Financiero,Total,2,Con seguimiento especial / riesgo bajo,111,91429.0,823.7,7.89,8.67,111
202604,55419,Daneio SA,No Financiero,Total,3,Con problemas / riesgo medio,124,107195.0,864.5,8.82,10.16,124
202604,55419,Daneio SA,No Financiero,Total,4,Con alto riesgo de insolvencia / riesgo alto,197,158727.0,805.7,14.01,15.05,197
202604,55419,Daneio SA,No Financiero,Total,5,Irrecuperable,203,82456.0,406.2,14.44,7.82,203
202604,55420,MARIAS CAPITAL SA,No Financiero,Empresas,1,Situacion normal,10,3218473.0,321847.3,71.43,87.36,10
202604,55420,MARIAS CAPITAL SA,No Financiero,Empresas,3,Con problemas / riesgo medio,1,412160.0,412160.0,7.14,11.19,1
202604,55420,MARIAS CAPITAL SA,No Financiero,Empresas,4,Con alto riesgo de insolvencia / riesgo alto,2,30339.0,15169.5,14.29,0.82,2
202604,55420,MARIAS CAPITAL SA,No Financiero,Empresas,5,Irrecuperable,1,23224.0,23224.0,7.14,0.63,1
202604,55420,MARIAS CAPITAL SA,No Financiero,Familias,1,Situacion normal,2,59603.0,29801.5,100.00,100.00,2
202604,55420,MARIAS CAPITAL SA,No Financiero,Total,1,Situacion normal,12,3278076.0,273173.0,75.00,87.56,12
202604,55420,MARIAS CAPITAL SA,No Financiero,Total,3,Con problemas / riesgo medio,1,412160.0,412160.0,6.25,11.01,1
202604,55420,MARIAS CAPITAL SA,No Financiero,Total,4,Con alto riesgo de insolvencia / riesgo alto,2,30339.0,15169.5,12.50,0.81,2
202604,55420,MARIAS CAPITAL SA,No Financiero,Total,5,Irrecuperable,1,23224.0,23224.0,6.25,0.62,1
202604,55424,SOLUCIONES FINANCORP SA,No Financiero,Familias,1,Situacion normal,2261,484955.0,214.5,11.82,15.39,2261
202604,55424,SOLUCIONES FINANCORP SA,No Financiero,Familias,2,Con seguimiento especial / riesgo bajo,638,209406.0,328.2,3.34,6.64,638
202604,55424,SOLUCIONES FINANCORP SA,No Financiero,Familias,3,Con problemas / riesgo medio,1368,432854.0,316.4,7.15,13.73,1368
202604,55424,SOLUCIONES FINANCORP SA,No Financiero,Familias,4,Con alto riesgo de insolvencia / riesgo alto,3055,806010.0,263.8,15.97,25.57,3055
202604,55424,SOLUCIONES FINANCORP SA,No Financiero,Familias,5,Irrecuperable,11806,1218554.0,103.2,61.72,38.66,11806
202604,55424,SOLUCIONES FINANCORP SA,No Financiero,Total,1,Situacion normal,2261,484955.0,214.5,11.82,15.39,2261
202604,55424,SOLUCIONES FINANCORP SA,No Financiero,Total,2,Con seguimiento especial / riesgo bajo,638,209406.0,328.2,3.34,6.64,638
202604,55424,SOLUCIONES FINANCORP SA,No Financiero,Total,3,Con problemas / riesgo medio,1368,432854.0,316.4,7.15,13.73,1368
202604,55424,SOLUCIONES FINANCORP SA,No Financiero,Total,4,Con alto riesgo de insolvencia / riesgo alto,3055,806010.0,263.8,15.97,25.57,3055
202604,55424,SOLUCIONES FINANCORP SA,No Financiero,Total,5,Irrecuperable,11806,1218554.0,103.2,61.72,38.66,11806
202604,55425,MOOVITECH S.A.,No Financiero,Familias,1,Situacion normal,2945,1577375.0,535.6,33.46,41.47,2945
202604,55425,MOOVITECH S.A.,No Financiero,Familias,2,Con seguimiento especial / riesgo bajo,454,232430.0,512.0,5.16,6.11,454
202604,55425,MOOVITECH S.A.,No Financiero,Familias,3,Con problemas / riesgo medio,915,480816.0,525.5,10.40,12.64,915
202604,55425,MOOVITECH S.A.,No Financiero,Familias,4,Con alto riesgo de insolvencia / riesgo alto,1031,501888.0,486.8,11.71,13.19,1031
202604,55425,MOOVITECH S.A.,No Financiero,Familias,5,Irrecuperable,3457,1011178.0,292.5,39.28,26.58,3457
202604,55425,MOOVITECH S.A.,No Financiero,Total,1,Situacion normal,2945,1577375.0,535.6,33.46,41.47,2945
202604,55425,MOOVITECH S.A.,No Financiero,Total,2,Con seguimiento especial / riesgo bajo,454,232430.0,512.0,5.16,6.11,454
202604,55425,MOOVITECH S.A.,No Financiero,Total,3,Con problemas / riesgo medio,915,480816.0,525.5,10.40,12.64,915
202604,55425,MOOVITECH S.A.,No Financiero,Total,4,Con alto riesgo de insolvencia / riesgo alto,1031,501888.0,486.8,11.71,13.19,1031
202604,55425,MOOVITECH S.A.,No Financiero,Total,5,Irrecuperable,3457,1011178.0,292.5,39.28,26.58,3457
202604,55429,POLO VALORES S.A.,No Financiero,Empresas,1,Situacion normal,12,1025336.0,85444.7,80.00,64.01,12
202604,55429,POLO VALORES S.A.,No Financiero,Empresas,3,Con problemas / riesgo medio,1,2027.0,2027.0,6.67,0.13,1
202604,55429,POLO VALORES S.A.,No Financiero,Empresas,4,Con alto riesgo de insolvencia / riesgo alto,1,107843.0,107843.0,6.67,6.73,1
202604,55429,POLO VALORES S.A.,No Financiero,Empresas,5,Irrecuperable,1,466539.0,466539.0,6.67,29.13,1
202604,55429,POLO VALORES S.A.,No Financiero,Total,1,Situacion normal,12,1025336.0,85444.7,80.00,64.01,12
202604,55429,POLO VALORES S.A.,No Financiero,Total,3,Con problemas / riesgo medio,1,2027.0,2027.0,6.67,0.13,1
202604,55429,POLO VALORES S.A.,No Financiero,Total,4,Con alto riesgo de insolvencia / riesgo alto,1,107843.0,107843.0,6.67,6.73,1
202604,55429,POLO VALORES S.A.,No Financiero,Total,5,Irrecuperable,1,466539.0,466539.0,6.67,29.13,1
202604,55432,LUCSE INVERSIONES S.A.,No Financiero,Familias,1,Situacion normal,1509,1215458.0,805.5,74.12,82.28,1509
202604,55432,LUCSE INVERSIONES S.A.,No Financiero,Familias,2,Con seguimiento especial / riesgo bajo,74,66683.0,901.1,3.63,4.51,74
202604,55432,LUCSE INVERSIONES S.A.,No Financiero,Familias,3,Con problemas / riesgo medio,92,67286.0,731.4,4.52,4.55,92
202604,55432,LUCSE INVERSIONES S.A.,No Financiero,Familias,4,Con alto riesgo de insolvencia / riesgo alto,117,77783.0,664.8,5.75,5.27,117
202604,55432,LUCSE INVERSIONES S.A.,No Financiero,Familias,5,Irrecuperable,244,50101.0,205.3,11.98,3.39,244
202604,55432,LUCSE INVERSIONES S.A.,No Financiero,Total,1,Situacion normal,1509,1215458.0,805.5,74.12,82.28,1509
202604,55432,LUCSE INVERSIONES S.A.,No Financiero,Total,2,Con seguimiento especial / riesgo bajo,74,66683.0,901.1,3.63,4.51,74
202604,55432,LUCSE INVERSIONES S.A.,No Financiero,Total,3,Con problemas / riesgo medio,92,67286.0,731.4,4.52,4.55,92
202604,55432,LUCSE INVERSIONES S.A.,No Financiero,Total,4,Con alto riesgo de insolvencia / riesgo alto,117,77783.0,664.8,5.75,5.27,117
202604,55432,LUCSE INVERSIONES S.A.,No Financiero,Total,5,Irrecuperable,244,50101.0,205.3,11.98,3.39,244
202604,55435,PARABENS TRUST S.A.,No Financiero,Empresas,1,Situacion normal,2,1502046.0,751023.0,100.00,100.00,2
202604,55435,PARABENS TRUST S.A.,No Financiero,Familias,1,Situacion normal,1,85416.0,85416.0,100.00,100.00,1
202604,55435,PARABENS TRUST S.A.,No Financiero,Total,1,Situacion normal,3,1587462.0,529154.0,100.00,100.00,3
202604,55439,MUTUAL DE PORTEÑA ASOCIACION CULTURAL Y DEPORTIVA,No Financiero,Empresas,1,Situacion normal,6,284711.0,47451.8,100.00,100.00,6
202604,55439,MUTUAL DE PORTEÑA ASOCIACION CULTURAL Y DEPORTIVA,No Financiero,Familias,1,Situacion normal,492,3843453.0,7811.9,92.13,93.52,492
202604,55439,MUTUAL DE PORTEÑA ASOCIACION CULTURAL Y DEPORTIVA,No Financiero,Familias,2,Con seguimiento especial / riesgo bajo,4,33127.0,8281.8,0.75,0.81,4
202604,55439,MUTUAL DE PORTEÑA ASOCIACION CULTURAL Y DEPORTIVA,No Financiero,Familias,3,Con problemas / riesgo medio,11,58854.0,5350.4,2.06,1.43,11
202604,55439,MUTUAL DE PORTEÑA ASOCIACION CULTURAL Y DEPORTIVA,No Financiero,Familias,4,Con alto riesgo de insolvencia / riesgo alto,18,111603.0,6200.2,3.37,2.72,18
202604,55439,MUTUAL DE PORTEÑA ASOCIACION CULTURAL Y DEPORTIVA,No Financiero,Familias,5,Irrecuperable,9,62936.0,6992.9,1.69,1.53,9
202604,55439,MUTUAL DE PORTEÑA ASOCIACION CULTURAL Y DEPORTIVA,No Financiero,Total,1,Situacion normal,498,4128164.0,8289.5,92.22,93.94,498
202604,55439,MUTUAL DE PORTEÑA ASOCIACION CULTURAL Y DEPORTIVA,No Financiero,Total,2,Con seguimiento especial / riesgo bajo,4,33127.0,8281.8,0.74,0.75,4
202604,55439,MUTUAL DE PORTEÑA ASOCIACION CULTURAL Y DEPORTIVA,No Financiero,Total,3,Con problemas / riesgo medio,11,58854.0,5350.4,2.04,1.34,11
202604,55439,MUTUAL DE PORTEÑA ASOCIACION CULTURAL Y DEPORTIVA,No Financiero,Total,4,Con alto riesgo de insolvencia / riesgo alto,18,111603.0,6200.2,3.33,2.54,18
202604,55439,MUTUAL DE PORTEÑA ASOCIACION CULTURAL Y DEPORTIVA,No Financiero,Total,5,Irrecuperable,9,62936.0,6992.9,1.67,1.43,9
202604,55442,LA LOMITA CAPITAL S.A.,No Financiero,Familias,1,Situacion normal,406,381212.0,938.9,76.32,72.17,406
202604,55442,LA LOMITA CAPITAL S.A.,No Financiero,Familias,2,Con seguimiento especial / riesgo bajo,61,72455.0,1187.8,11.47,13.72,61
202604,55442,LA LOMITA CAPITAL S.A.,No Financiero,Familias,3,Con problemas / riesgo medio,39,53063.0,1360.6,7.33,10.05,39
202604,55442,LA LOMITA CAPITAL S.A.,No Financiero,Familias,4,Con alto riesgo de insolvencia / riesgo alto,19,15808.0,832.0,3.57,2.99,19
202604,55442,LA LOMITA CAPITAL S.A.,No Financiero,Familias,5,Irrecuperable,7,5661.0,808.7,1.32,1.07,7
202604,55442,LA LOMITA CAPITAL S.A.,No Financiero,Total,1,Situacion normal,406,381212.0,938.9,76.32,72.17,406
202604,55442,LA LOMITA CAPITAL S.A.,No Financiero,Total,2,Con seguimiento especial / riesgo bajo,61,72455.0,1187.8,11.47,13.72,61
202604,55442,LA LOMITA CAPITAL S.A.,No Financiero,Total,3,Con problemas / riesgo medio,39,53063.0,1360.6,7.33,10.05,39
202604,55442,LA LOMITA CAPITAL S.A.,No Financiero,Total,4,Con alto riesgo de insolvencia / riesgo alto,19,15808.0,832.0,3.57,2.99,19
202604,55442,LA LOMITA CAPITAL S.A.,No Financiero,Total,5,Irrecuperable,7,5661.0,808.7,1.32,1.07,7
202604,55444,CREDISE S.A.,No Financiero,Empresas,1,Situacion normal,1,2418.0,2418.0,50.00,68.62,1
202604,55444,CREDISE S.A.,No Financiero,Empresas,2,Con seguimiento especial / riesgo bajo,1,1106.0,1106.0,50.00,31.38,1
202604,55444,CREDISE S.A.,No Financiero,Familias,1,Situacion normal,2206,2392053.0,1084.3,87.47,91.44,2206
202604,55444,CREDISE S.A.,No Financiero,Familias,2,Con seguimiento especial / riesgo bajo,55,66599.0,1210.9,2.18,2.55,55
202604,55444,CREDISE S.A.,No Financiero,Familias,3,Con problemas / riesgo medio,33,41123.0,1246.2,1.31,1.57,33
202604,55444,CREDISE S.A.,No Financiero,Familias,4,Con alto riesgo de insolvencia / riesgo alto,57,55269.0,969.6,2.26,2.11,57
202604,55444,CREDISE S.A.,No Financiero,Familias,5,Irrecuperable,171,61078.0,357.2,6.78,2.33,171
202604,55444,CREDISE S.A.,No Financiero,Total,1,Situacion normal,2207,2394471.0,1084.9,87.44,91.40,2207
202604,55444,CREDISE S.A.,No Financiero,Total,2,Con seguimiento especial / riesgo bajo,56,67705.0,1209.0,2.22,2.58,56
202604,55444,CREDISE S.A.,No Financiero,Total,3,Con problemas / riesgo medio,33,41123.0,1246.2,1.31,1.57,33
202604,55444,CREDISE S.A.,No Financiero,Total,4,Con alto riesgo de insolvencia / riesgo alto,57,55269.0,969.6,2.26,2.11,57
202604,55444,CREDISE S.A.,No Financiero,Total,5,Irrecuperable,171,61078.0,357.2,6.77,2.33,171
202604,55445,BLM DESARROLLOS SA,No Financiero,Empresas,1,Situacion normal,5,404266.0,80853.2,100.00,100.00,5
202604,55445,BLM DESARROLLOS SA,No Financiero,Total,1,Situacion normal,5,404266.0,80853.2,100.00,100.00,5
202604,55449,FIDEICOMISO PRIVADO DE ADMINISTRACION CENFIDE,No Financiero,Empresas,5,Irrecuperable,364,276639.0,760.0,100.00,100.00,364
202604,55449,FIDEICOMISO PRIVADO DE ADMINISTRACION CENFIDE,No Financiero,Familias,5,Irrecuperable,147657,87823107.0,594.8,100.00,100.00,147657
202604,55449,FIDEICOMISO PRIVADO DE ADMINISTRACION CENFIDE,No Financiero,Total,5,Irrecuperable,148021,88099746.0,595.2,100.00,100.00,148021
202604,55450,PRESTY SRL,No Financiero,Familias,1,Situacion normal,1045,580965.0,555.9,42.07,31.54,1045
202604,55450,PRESTY SRL,No Financiero,Familias,2,Con seguimiento especial / riesgo bajo,201,155790.0,775.1,8.09,8.46,201
202604,55450,PRESTY SRL,No Financiero,Familias,3,Con problemas / riesgo medio,403,298835.0,741.5,16.22,16.22,403
202604,55450,PRESTY SRL,No Financiero,Familias,4,Con alto riesgo de insolvencia / riesgo alto,548,582049.0,1062.1,22.06,31.60,548
202604,55450,PRESTY SRL,No Financiero,Familias,5,Irrecuperable,287,224180.0,781.1,11.55,12.17,287
202604,55450,PRESTY SRL,No Financiero,Total,1,Situacion normal,1045,580965.0,555.9,42.07,31.54,1045
202604,55450,PRESTY SRL,No Financiero,Total,2,Con seguimiento especial / riesgo bajo,201,155790.0,775.1,8.09,8.46,201
202604,55450,PRESTY SRL,No Financiero,Total,3,Con problemas / riesgo medio,403,298835.0,741.5,16.22,16.22,403
202604,55450,PRESTY SRL,No Financiero,Total,4,Con alto riesgo de insolvencia / riesgo alto,548,582049.0,1062.1,22.06,31.60,548
202604,55450,PRESTY SRL,No Financiero,Total,5,Irrecuperable,287,224180.0,781.1,11.55,12.17,287
202604,55453,Cooperativa de Credito Consumo y Vivienda Baymor Ltda,No Financiero,Familias,1,Situacion normal,6,705.0,117.5,8.00,1.00,6
202604,55453,Cooperativa de Credito Consumo y Vivienda Baymor Ltda,No Financiero,Familias,2,Con seguimiento especial / riesgo bajo,5,2759.0,551.8,6.67,3.92,5
202604,55453,Cooperativa de Credito Consumo y Vivienda Baymor Ltda,No Financiero,Familias,3,Con problemas / riesgo medio,5,5336.0,1067.2,6.67,7.58,5
202604,55453,Cooperativa de Credito Consumo y Vivienda Baymor Ltda,No Financiero,Familias,4,Con alto riesgo de insolvencia / riesgo alto,17,24227.0,1425.1,22.67,34.41,17
202604,55453,Cooperativa de Credito Consumo y Vivienda Baymor Ltda,No Financiero,Familias,5,Irrecuperable,42,37389.0,890.2,56.00,53.10,42
202604,55453,Cooperativa de Credito Consumo y Vivienda Baymor Ltda,No Financiero,Total,1,Situacion normal,6,705.0,117.5,8.00,1.00,6
202604,55453,Cooperativa de Credito Consumo y Vivienda Baymor Ltda,No Financiero,Total,2,Con seguimiento especial / riesgo bajo,5,2759.0,551.8,6.67,3.92,5
202604,55453,Cooperativa de Credito Consumo y Vivienda Baymor Ltda,No Financiero,Total,3,Con problemas / riesgo medio,5,5336.0,1067.2,6.67,7.58,5
202604,55453,Cooperativa de Credito Consumo y Vivienda Baymor Ltda,No Financiero,Total,4,Con alto riesgo de insolvencia / riesgo alto,17,24227.0,1425.1,22.67,34.41,17
202604,55453,Cooperativa de Credito Consumo y Vivienda Baymor Ltda,No Financiero,Total,5,Irrecuperable,42,37389.0,890.2,56.00,53.10,42
202604,55454,BIA SRL,No Financiero,Familias,4,Con alto riesgo de insolvencia / riesgo alto,6,2158.0,359.7,0.01,0.01,6
202604,55454,BIA SRL,No Financiero,Familias,5,Irrecuperable,51004,25830216.0,506.4,99.99,99.99,51004
202604,55454,BIA SRL,No Financiero,Total,4,Con alto riesgo de insolvencia / riesgo alto,6,2158.0,359.7,0.01,0.01,6
202604,55454,BIA SRL,No Financiero,Total,5,Irrecuperable,51004,25830216.0,506.4,99.99,99.99,51004
202604,55456,PREST SPC SAS,No Financiero,Familias,1,Situacion normal,11,2490.0,226.4,6.15,2.17,11
202604,55456,PREST SPC SAS,No Financiero,Familias,2,Con seguimiento especial / riesgo bajo,13,2843.0,218.7,7.26,2.48,13
202604,55456,PREST SPC SAS,No Financiero,Familias,3,Con problemas / riesgo medio,22,8938.0,406.3,12.29,7.79,22
202604,55456,PREST SPC SAS,No Financiero,Familias,4,Con alto riesgo de insolvencia / riesgo alto,34,18550.0,545.6,18.99,16.16,34
202604,55456,PREST SPC SAS,No Financiero,Familias,5,Irrecuperable,99,81980.0,828.1,55.31,71.41,99
202604,55456,PREST SPC SAS,No Financiero,Total,1,Situacion normal,11,2490.0,226.4,6.15,2.17,11
202604,55456,PREST SPC SAS,No Financiero,Total,2,Con seguimiento especial / riesgo bajo,13,2843.0,218.7,7.26,2.48,13
202604,55456,PREST SPC SAS,No Financiero,Total,3,Con problemas / riesgo medio,22,8938.0,406.3,12.29,7.79,22
202604,55456,PREST SPC SAS,No Financiero,Total,4,Con alto riesgo de insolvencia / riesgo alto,34,18550.0,545.6,18.99,16.16,34
202604,55456,PREST SPC SAS,No Financiero,Total,5,Irrecuperable,99,81980.0,828.1,55.31,71.41,99
202604,55457,MIGXION S.A.,No Financiero,Empresas,1,Situacion normal,13,646083.0,49698.7,92.86,76.28,13
202604,55457,MIGXION S.A.,No Financiero,Empresas,3,Con problemas / riesgo medio,1,200867.0,200867.0,7.14,23.72,1
202604,55457,MIGXION S.A.,No Financiero,Familias,1,Situacion normal,12,64564.0,5380.3,100.00,100.00,12
202604,55457,MIGXION S.A.,No Financiero,Total,1,Situacion normal,25,710647.0,28425.9,96.15,77.96,25
202604,55457,MIGXION S.A.,No Financiero,Total,3,Con problemas / riesgo medio,1,200867.0,200867.0,3.85,22.04,1
202604,55459,Admiral Finance SA,No Financiero,Empresas,1,Situacion normal,40,4722233.0,118055.8,88.89,97.24,40
202604,55459,Admiral Finance SA,No Financiero,Empresas,3,Con problemas / riesgo medio,5,134103.0,26820.6,11.11,2.76,5
202604,55459,Admiral Finance SA,No Financiero,Familias,1,Situacion normal,26,698959.0,26883.0,100.00,100.00,26
202604,55459,Admiral Finance SA,No Financiero,Total,1,Situacion normal,66,5421192.0,82139.3,92.96,97.59,66
202604,55459,Admiral Finance SA,No Financiero,Total,3,Con problemas / riesgo medio,5,134103.0,26820.6,7.04,2.41,5
202604,55462,CORVALAN 1160 SA,No Financiero,Familias,1,Situacion normal,1810,894769.0,494.3,16.05,39.61,1810
202604,55462,CORVALAN 1160 SA,No Financiero,Familias,2,Con seguimiento especial / riesgo bajo,702,196947.0,280.6,6.22,8.72,702
202604,55462,CORVALAN 1160 SA,No Financiero,Familias,3,Con problemas / riesgo medio,880,232827.0,264.6,7.80,10.31,880
202604,55462,CORVALAN 1160 SA,No Financiero,Familias,4,Con alto riesgo de insolvencia / riesgo alto,1946,411102.0,211.3,17.25,18.20,1946
202604,55462,CORVALAN 1160 SA,No Financiero,Familias,5,Irrecuperable,5940,523587.0,88.1,52.67,23.18,5940
202604,55462,CORVALAN 1160 SA,No Financiero,Total,1,Situacion normal,1810,894769.0,494.3,16.05,39.61,1810
202604,55462,CORVALAN 1160 SA,No Financiero,Total,2,Con seguimiento especial / riesgo bajo,702,196947.0,280.6,6.22,8.72,702
202604,55462,CORVALAN 1160 SA,No Financiero,Total,3,Con problemas / riesgo medio,880,232827.0,264.6,7.80,10.31,880
202604,55462,CORVALAN 1160 SA,No Financiero,Total,4,Con alto riesgo de insolvencia / riesgo alto,1946,411102.0,211.3,17.25,18.20,1946
202604,55462,CORVALAN 1160 SA,No Financiero,Total,5,Irrecuperable,5940,523587.0,88.1,52.67,23.18,5940
202604,55463,MILLASA S.A.,No Financiero,Familias,1,Situacion normal,836,413121.0,494.2,49.56,42.77,836
202604,55463,MILLASA S.A.,No Financiero,Familias,2,Con seguimiento especial / riesgo bajo,250,216475.0,865.9,14.82,22.41,250
202604,55463,MILLASA S.A.,No Financiero,Familias,3,Con problemas / riesgo medio,268,179198.0,668.6,15.89,18.55,268
202604,55463,MILLASA S.A.,No Financiero,Familias,4,Con alto riesgo de insolvencia / riesgo alto,275,124801.0,453.8,16.30,12.92,275
202604,55463,MILLASA S.A.,No Financiero,Familias,5,Irrecuperable,58,32429.0,559.1,3.44,3.36,58
202604,55463,MILLASA S.A.,No Financiero,Total,1,Situacion normal,836,413121.0,494.2,49.56,42.77,836
202604,55463,MILLASA S.A.,No Financiero,Total,2,Con seguimiento especial / riesgo bajo,250,216475.0,865.9,14.82,22.41,250
202604,55463,MILLASA S.A.,No Financiero,Total,3,Con problemas / riesgo medio,268,179198.0,668.6,15.89,18.55,268
202604,55463,MILLASA S.A.,No Financiero,Total,4,Con alto riesgo de insolvencia / riesgo alto,275,124801.0,453.8,16.30,12.92,275
202604,55463,MILLASA S.A.,No Financiero,Total,5,Irrecuperable,58,32429.0,559.1,3.44,3.36,58
202604,55464,MUTUAL DE INTEGRANTES DEL PODER JUDICIAL,No Financiero,Familias,1,Situacion normal,214,63685.0,297.6,100.00,100.00,214
202604,55464,MUTUAL DE INTEGRANTES DEL PODER JUDICIAL,No Financiero,Total,1,Situacion normal,214,63685.0,297.6,100.00,100.00,214
202604,55465,Dar Prestamos S.A.,No Financiero,Familias,1,Situacion normal,65,12756.0,196.2,4.60,3.35,65
202604,55465,Dar Prestamos S.A.,No Financiero,Familias,2,Con seguimiento especial / riesgo bajo,20,6246.0,312.3,1.42,1.64,20
202604,55465,Dar Prestamos S.A.,No Financiero,Familias,3,Con problemas / riesgo medio,79,23070.0,292.0,5.59,6.07,79
202604,55465,Dar Prestamos S.A.,No Financiero,Familias,4,Con alto riesgo de insolvencia / riesgo alto,459,128102.0,279.1,32.51,33.69,459
202604,55465,Dar Prestamos S.A.,No Financiero,Familias,5,Irrecuperable,789,210064.0,266.2,55.88,55.25,789
202604,55465,Dar Prestamos S.A.,No Financiero,Total,1,Situacion normal,65,12756.0,196.2,4.60,3.35,65
202604,55465,Dar Prestamos S.A.,No Financiero,Total,2,Con seguimiento especial / riesgo bajo,20,6246.0,312.3,1.42,1.64,20
202604,55465,Dar Prestamos S.A.,No Financiero,Total,3,Con problemas / riesgo medio,79,23070.0,292.0,5.59,6.07,79
202604,55465,Dar Prestamos S.A.,No Financiero,Total,4,Con alto riesgo de insolvencia / riesgo alto,459,128102.0,279.1,32.51,33.69,459
202604,55465,Dar Prestamos S.A.,No Financiero,Total,5,Irrecuperable,789,210064.0,266.2,55.88,55.25,789
202604,55466,AXXIA LENDING S.A.,No Financiero,Empresas,5,Irrecuperable,38,8151.0,214.5,100.00,100.00,38
202604,55466,AXXIA LENDING S.A.,No Financiero,Familias,2,Con seguimiento especial / riesgo bajo,10,2900.0,290.0,0.14,0.05,10
202604,55466,AXXIA LENDING S.A.,No Financiero,Familias,3,Con problemas / riesgo medio,69,40884.0,592.5,0.95,0.77,69
202604,55466,AXXIA LENDING S.A.,No Financiero,Familias,4,Con alto riesgo de insolvencia / riesgo alto,788,2235803.0,2837.3,10.83,42.17,788
202604,55466,AXXIA LENDING S.A.,No Financiero,Familias,5,Irrecuperable,6410,3022395.0,471.5,88.09,57.01,6410
202604,55466,AXXIA LENDING S.A.,No Financiero,Total,2,Con seguimiento especial / riesgo bajo,10,2900.0,290.0,0.14,0.05,10
202604,55466,AXXIA LENDING S.A.,No Financiero,Total,3,Con problemas / riesgo medio,69,40884.0,592.5,0.94,0.77,69
202604,55466,AXXIA LENDING S.A.,No Financiero,Total,4,Con alto riesgo de insolvencia / riesgo alto,788,2235803.0,2837.3,10.77,42.10,788
202604,55466,AXXIA LENDING S.A.,No Financiero,Total,5,Irrecuperable,6448,3030546.0,470.0,88.15,57.07,6448
202604,55467,UQUIA S.R.L,No Financiero,Familias,2,Con seguimiento especial / riesgo bajo,3,90.0,30.0,100.00,100.00,3
202604,55467,UQUIA S.R.L,No Financiero,Total,2,Con seguimiento especial / riesgo bajo,3,90.0,30.0,100.00,100.00,3
202604,55469,BOCAS DEL TORO S.A.,No Financiero,Familias,1,Situacion normal,152,134445.0,884.5,63.87,46.88,152
202604,55469,BOCAS DEL TORO S.A.,No Financiero,Familias,2,Con seguimiento especial / riesgo bajo,18,26683.0,1482.4,7.56,9.30,18
202604,55469,BOCAS DEL TORO S.A.,No Financiero,Familias,3,Con problemas / riesgo medio,15,34665.0,2311.0,6.30,12.09,15
202604,55469,BOCAS DEL TORO S.A.,No Financiero,Familias,4,Con alto riesgo de insolvencia / riesgo alto,43,73681.0,1713.5,18.07,25.69,43
202604,55469,BOCAS DEL TORO S.A.,No Financiero,Familias,5,Irrecuperable,10,17289.0,1728.9,4.20,6.03,10
202604,55469,BOCAS DEL TORO S.A.,No Financiero,Total,1,Situacion normal,152,134445.0,884.5,63.87,46.88,152
202604,55469,BOCAS DEL TORO S.A.,No Financiero,Total,2,Con seguimiento especial / riesgo bajo,18,26683.0,1482.4,7.56,9.30,18
202604,55469,BOCAS DEL TORO S.A.,No Financiero,Total,3,Con problemas / riesgo medio,15,34665.0,2311.0,6.30,12.09,15
202604,55469,BOCAS DEL TORO S.A.,No Financiero,Total,4,Con alto riesgo de insolvencia / riesgo alto,43,73681.0,1713.5,18.07,25.69,43
202604,55469,BOCAS DEL TORO S.A.,No Financiero,Total,5,Irrecuperable,10,17289.0,1728.9,4.20,6.03,10
202604,55470,CAMELUS S.A.,No Financiero,Empresas,3,Con problemas / riesgo medio,1,29007.0,29007.0,100.00,100.00,1
202604,55470,CAMELUS S.A.,No Financiero,Familias,1,Situacion normal,158,346409.0,2192.5,88.76,68.02,158
202604,55470,CAMELUS S.A.,No Financiero,Familias,2,Con seguimiento especial / riesgo bajo,1,4581.0,4581.0,0.56,0.90,1
202604,55470,CAMELUS S.A.,No Financiero,Familias,3,Con problemas / riesgo medio,2,2870.0,1435.0,1.12,0.56,2
202604,55470,CAMELUS S.A.,No Financiero,Familias,4,Con alto riesgo de insolvencia / riesgo alto,11,140350.0,12759.1,6.18,27.56,11
202604,55470,CAMELUS S.A.,No Financiero,Familias,5,Irrecuperable,6,15081.0,2513.5,3.37,2.96,6
202604,55470,CAMELUS S.A.,No Financiero,Total,1,Situacion normal,158,346409.0,2192.5,88.27,64.35,158
202604,55470,CAMELUS S.A.,No Financiero,Total,2,Con seguimiento especial / riesgo bajo,1,4581.0,4581.0,0.56,0.85,1
202604,55470,CAMELUS S.A.,No Financiero,Total,3,Con problemas / riesgo medio,3,31877.0,10625.7,1.68,5.92,3
202604,55470,CAMELUS S.A.,No Financiero,Total,4,Con alto riesgo de insolvencia / riesgo alto,11,140350.0,12759.1,6.15,26.07,11
202604,55470,CAMELUS S.A.,No Financiero,Total,5,Irrecuperable,6,15081.0,2513.5,3.35,2.80,6
202604,55473,GrupoCDG SA,No Financiero,Familias,1,Situacion normal,4,1833.0,458.2,25.00,15.65,4
202604,55473,GrupoCDG SA,No Financiero,Familias,2,Con seguimiento especial / riesgo bajo,4,2924.0,731.0,25.00,24.96,4
202604,55473,GrupoCDG SA,No Financiero,Familias,3,Con problemas / riesgo medio,5,4000.0,800.0,31.25,34.15,5
202604,55473,GrupoCDG SA,No Financiero,Familias,4,Con alto riesgo de insolvencia / riesgo alto,3,2956.0,985.3,18.75,25.24,3
202604,55473,GrupoCDG SA,No Financiero,Total,1,Situacion normal,4,1833.0,458.2,25.00,15.65,4
202604,55473,GrupoCDG SA,No Financiero,Total,2,Con seguimiento especial / riesgo bajo,4,2924.0,731.0,25.00,24.96,4
202604,55473,GrupoCDG SA,No Financiero,Total,3,Con problemas / riesgo medio,5,4000.0,800.0,31.25,34.15,5
202604,55473,GrupoCDG SA,No Financiero,Total,4,Con alto riesgo de insolvencia / riesgo alto,3,2956.0,985.3,18.75,25.24,3
202604,55474,FIDEICOMISOS MANDATOS E INVERSIONES SA,No Financiero,Empresas,1,Situacion normal,7,107717.0,15388.1,58.33,25.89,7
202604,55474,FIDEICOMISOS MANDATOS E INVERSIONES SA,No Financiero,Empresas,4,Con alto riesgo de insolvencia / riesgo alto,2,64530.0,32265.0,16.67,15.51,2
202604,55474,FIDEICOMISOS MANDATOS E INVERSIONES SA,No Financiero,Empresas,5,Irrecuperable,3,243831.0,81277.0,25.00,58.60,3
202604,55474,FIDEICOMISOS MANDATOS E INVERSIONES SA,No Financiero,Familias,1,Situacion normal,2,19947.0,9973.5,100.00,100.00,2
202604,55474,FIDEICOMISOS MANDATOS E INVERSIONES SA,No Financiero,Total,1,Situacion normal,9,127664.0,14184.9,64.29,29.28,9
202604,55474,FIDEICOMISOS MANDATOS E INVERSIONES SA,No Financiero,Total,4,Con alto riesgo de insolvencia / riesgo alto,2,64530.0,32265.0,14.29,14.80,2
202604,55474,FIDEICOMISOS MANDATOS E INVERSIONES SA,No Financiero,Total,5,Irrecuperable,3,243831.0,81277.0,21.43,55.92,3
202604,55477,MERITE S.A.,No Financiero,Familias,1,Situacion normal,631,79994.0,126.8,18.44,22.02,631
202604,55477,MERITE S.A.,No Financiero,Familias,2,Con seguimiento especial / riesgo bajo,324,37910.0,117.0,9.47,10.44,324
202604,55477,MERITE S.A.,No Financiero,Familias,3,Con problemas / riesgo medio,429,53530.0,124.8,12.54,14.74,429
202604,55477,MERITE S.A.,No Financiero,Familias,4,Con alto riesgo de insolvencia / riesgo alto,681,73901.0,108.5,19.90,20.34,681
202604,55477,MERITE S.A.,No Financiero,Familias,5,Irrecuperable,1357,117913.0,86.9,39.66,32.46,1357
202604,55477,MERITE S.A.,No Financiero,Total,1,Situacion normal,631,79994.0,126.8,18.44,22.02,631
202604,55477,MERITE S.A.,No Financiero,Total,2,Con seguimiento especial / riesgo bajo,324,37910.0,117.0,9.47,10.44,324
202604,55477,MERITE S.A.,No Financiero,Total,3,Con problemas / riesgo medio,429,53530.0,124.8,12.54,14.74,429
202604,55477,MERITE S.A.,No Financiero,Total,4,Con alto riesgo de insolvencia / riesgo alto,681,73901.0,108.5,19.90,20.34,681
202604,55477,MERITE S.A.,No Financiero,Total,5,Irrecuperable,1357,117913.0,86.9,39.66,32.46,1357
202604,55479,FIDUCIA ARGENTINA S.A.S.,No Financiero,Familias,1,Situacion normal,172,93205.0,541.9,100.00,100.00,172
202604,55479,FIDUCIA ARGENTINA S.A.S.,No Financiero,Total,1,Situacion normal,172,93205.0,541.9,100.00,100.00,172
202604,55482,Asociación Mutual de Ayuda Entre Asociados y Adherentes de Romang Futb,No Financiero,Empresas,1,Situacion normal,20,844341.0,42217.0,62.50,78.54,20
202604,55482,Asociación Mutual de Ayuda Entre Asociados y Adherentes de Romang Futb,No Financiero,Empresas,2,Con seguimiento especial / riesgo bajo,4,76507.0,19126.8,12.50,7.12,4
202604,55482,Asociación Mutual de Ayuda Entre Asociados y Adherentes de Romang Futb,No Financiero,Empresas,3,Con problemas / riesgo medio,3,58216.0,19405.3,9.38,5.42,3
202604,55482,Asociación Mutual de Ayuda Entre Asociados y Adherentes de Romang Futb,No Financiero,Empresas,4,Con alto riesgo de insolvencia / riesgo alto,3,95579.0,31859.7,9.38,8.89,3
202604,55482,Asociación Mutual de Ayuda Entre Asociados y Adherentes de Romang Futb,No Financiero,Empresas,5,Irrecuperable,2,377.0,188.5,6.25,0.04,2
202604,55482,Asociación Mutual de Ayuda Entre Asociados y Adherentes de Romang Futb,No Financiero,Familias,1,Situacion normal,4087,13888972.0,3398.3,80.18,81.61,4087
202604,55482,Asociación Mutual de Ayuda Entre Asociados y Adherentes de Romang Futb,No Financiero,Familias,2,Con seguimiento especial / riesgo bajo,465,1326790.0,2853.3,9.12,7.80,465
202604,55482,Asociación Mutual de Ayuda Entre Asociados y Adherentes de Romang Futb,No Financiero,Familias,3,Con problemas / riesgo medio,215,1047119.0,4870.3,4.22,6.15,215
202604,55482,Asociación Mutual de Ayuda Entre Asociados y Adherentes de Romang Futb,No Financiero,Familias,4,Con alto riesgo de insolvencia / riesgo alto,157,568870.0,3623.4,3.08,3.34,157
202604,55482,Asociación Mutual de Ayuda Entre Asociados y Adherentes de Romang Futb,No Financiero,Familias,5,Irrecuperable,173,187834.0,1085.7,3.39,1.10,173
202604,55482,Asociación Mutual de Ayuda Entre Asociados y Adherentes de Romang Futb,No Financiero,Total,1,Situacion normal,4107,14733313.0,3587.4,80.07,81.42,4107
202604,55482,Asociación Mutual de Ayuda Entre Asociados y Adherentes de Romang Futb,No Financiero,Total,2,Con seguimiento especial / riesgo bajo,469,1403297.0,2992.1,9.14,7.76,469
202604,55482,Asociación Mutual de Ayuda Entre Asociados y Adherentes de Romang Futb,No Financiero,Total,3,Con problemas / riesgo medio,218,1105335.0,5070.3,4.25,6.11,218
202604,55482,Asociación Mutual de Ayuda Entre Asociados y Adherentes de Romang Futb,No Financiero,Total,4,Con alto riesgo de insolvencia / riesgo alto,160,664449.0,4152.8,3.12,3.67,160
202604,55482,Asociación Mutual de Ayuda Entre Asociados y Adherentes de Romang Futb,No Financiero,Total,5,Irrecuperable,175,188211.0,1075.5,3.41,1.04,175
202604,55483,Longcred S.A.,No Financiero,Familias,1,Situacion normal,208,114925.0,552.5,49.88,32.86,208
202604,55483,Longcred S.A.,No Financiero,Familias,2,Con seguimiento especial / riesgo bajo,37,25948.0,701.3,8.87,7.42,37
202604,55483,Longcred S.A.,No Financiero,Familias,3,Con problemas / riesgo medio,11,9522.0,865.6,2.64,2.72,11
202604,55483,Longcred S.A.,No Financiero,Familias,4,Con alto riesgo de insolvencia / riesgo alto,7,4137.0,591.0,1.68,1.18,7
202604,55483,Longcred S.A.,No Financiero,Familias,5,Irrecuperable,154,195184.0,1267.4,36.93,55.81,154
202604,55483,Longcred S.A.,No Financiero,Total,1,Situacion normal,208,114925.0,552.5,49.88,32.86,208
202604,55483,Longcred S.A.,No Financiero,Total,2,Con seguimiento especial / riesgo bajo,37,25948.0,701.3,8.87,7.42,37
202604,55483,Longcred S.A.,No Financiero,Total,3,Con problemas / riesgo medio,11,9522.0,865.6,2.64,2.72,11
202604,55483,Longcred S.A.,No Financiero,Total,4,Con alto riesgo de insolvencia / riesgo alto,7,4137.0,591.0,1.68,1.18,7
202604,55483,Longcred S.A.,No Financiero,Total,5,Irrecuperable,154,195184.0,1267.4,36.93,55.81,154
202604,55484,Inclusión Financiera Integral SRL,No Financiero,Familias,1,Situacion normal,70,102650.0,1466.4,72.92,79.39,70
202604,55484,Inclusión Financiera Integral SRL,No Financiero,Familias,2,Con seguimiento especial / riesgo bajo,5,7250.0,1450.0,5.21,5.61,5
202604,55484,Inclusión Financiera Integral SRL,No Financiero,Familias,3,Con problemas / riesgo medio,5,8200.0,1640.0,5.21,6.34,5
202604,55484,Inclusión Financiera Integral SRL,No Financiero,Familias,4,Con alto riesgo de insolvencia / riesgo alto,6,9300.0,1550.0,6.25,7.19,6
202604,55484,Inclusión Financiera Integral SRL,No Financiero,Familias,5,Irrecuperable,10,1905.0,190.5,10.42,1.47,10
202604,55484,Inclusión Financiera Integral SRL,No Financiero,Total,1,Situacion normal,70,102650.0,1466.4,72.92,79.39,70
202604,55484,Inclusión Financiera Integral SRL,No Financiero,Total,2,Con seguimiento especial / riesgo bajo,5,7250.0,1450.0,5.21,5.61,5
202604,55484,Inclusión Financiera Integral SRL,No Financiero,Total,3,Con problemas / riesgo medio,5,8200.0,1640.0,5.21,6.34,5
202604,55484,Inclusión Financiera Integral SRL,No Financiero,Total,4,Con alto riesgo de insolvencia / riesgo alto,6,9300.0,1550.0,6.25,7.19,6
202604,55484,Inclusión Financiera Integral SRL,No Financiero,Total,5,Irrecuperable,10,1905.0,190.5,10.42,1.47,10
202604,55485,G&T GESTIONES COMERCIALES S.A.,No Financiero,Empresas,1,Situacion normal,4,9862.0,2465.5,100.00,100.00,4
202604,55485,G&T GESTIONES COMERCIALES S.A.,No Financiero,Total,1,Situacion normal,4,9862.0,2465.5,100.00,100.00,4
202604,55487,ASOCIACION MUTUAL PARA EL PERSONAL DEL PODER JUDICIAL Y TRABAJADORES I,No Financiero,Familias,1,Situacion normal,1360,992935.0,730.1,65.29,59.48,1360
202604,55487,ASOCIACION MUTUAL PARA EL PERSONAL DEL PODER JUDICIAL Y TRABAJADORES I,No Financiero,Familias,2,Con seguimiento especial / riesgo bajo,208,183992.0,884.6,9.99,11.02,208
202604,55487,ASOCIACION MUTUAL PARA EL PERSONAL DEL PODER JUDICIAL Y TRABAJADORES I,No Financiero,Familias,3,Con problemas / riesgo medio,259,242868.0,937.7,12.43,14.55,259
202604,55487,ASOCIACION MUTUAL PARA EL PERSONAL DEL PODER JUDICIAL Y TRABAJADORES I,No Financiero,Familias,4,Con alto riesgo de insolvencia / riesgo alto,240,222799.0,928.3,11.52,13.35,240
202604,55487,ASOCIACION MUTUAL PARA EL PERSONAL DEL PODER JUDICIAL Y TRABAJADORES I,No Financiero,Familias,5,Irrecuperable,16,26708.0,1669.2,0.77,1.60,16
202604,55487,ASOCIACION MUTUAL PARA EL PERSONAL DEL PODER JUDICIAL Y TRABAJADORES I,No Financiero,Total,1,Situacion normal,1360,992935.0,730.1,65.29,59.48,1360
202604,55487,ASOCIACION MUTUAL PARA EL PERSONAL DEL PODER JUDICIAL Y TRABAJADORES I,No Financiero,Total,2,Con seguimiento especial / riesgo bajo,208,183992.0,884.6,9.99,11.02,208
202604,55487,ASOCIACION MUTUAL PARA EL PERSONAL DEL PODER JUDICIAL Y TRABAJADORES I,No Financiero,Total,3,Con problemas / riesgo medio,259,242868.0,937.7,12.43,14.55,259
202604,55487,ASOCIACION MUTUAL PARA EL PERSONAL DEL PODER JUDICIAL Y TRABAJADORES I,No Financiero,Total,4,Con alto riesgo de insolvencia / riesgo alto,240,222799.0,928.3,11.52,13.35,240
202604,55487,ASOCIACION MUTUAL PARA EL PERSONAL DEL PODER JUDICIAL Y TRABAJADORES I,No Financiero,Total,5,Irrecuperable,16,26708.0,1669.2,0.77,1.60,16
202604,55488,RIO FRANCO SA,No Financiero,Empresas,1,Situacion normal,6,57102.0,9517.0,60.00,72.99,6
202604,55488,RIO FRANCO SA,No Financiero,Empresas,3,Con problemas / riesgo medio,4,21128.0,5282.0,40.00,27.01,4
202604,55488,RIO FRANCO SA,No Financiero,Familias,1,Situacion normal,8,53272.0,6659.0,57.14,20.25,8
202604,55488,RIO FRANCO SA,No Financiero,Familias,3,Con problemas / riesgo medio,6,209764.0,34960.7,42.86,79.75,6
202604,55488,RIO FRANCO SA,No Financiero,Total,1,Situacion normal,14,110374.0,7883.9,58.33,32.34,14
202604,55488,RIO FRANCO SA,No Financiero,Total,3,Con problemas / riesgo medio,10,230892.0,23089.2,41.67,67.66,10
202604,55490,ASOCIACION MUTUAL DE ASOCIADOS DEL CLUB ATLETICO UNION,No Financiero,Empresas,1,Situacion normal,77,5305236.0,68899.2,79.38,85.45,77
202604,55490,ASOCIACION MUTUAL DE ASOCIADOS DEL CLUB ATLETICO UNION,No Financiero,Empresas,2,Con seguimiento especial / riesgo bajo,8,657929.0,82241.1,8.25,10.60,8
202604,55490,ASOCIACION MUTUAL DE ASOCIADOS DEL CLUB ATLETICO UNION,No Financiero,Empresas,3,Con problemas / riesgo medio,4,61030.0,15257.5,4.12,0.98,4
202604,55490,ASOCIACION MUTUAL DE ASOCIADOS DEL CLUB ATLETICO UNION,No Financiero,Empresas,4,Con alto riesgo de insolvencia / riesgo alto,4,50803.0,12700.8,4.12,0.82,4
202604,55490,ASOCIACION MUTUAL DE ASOCIADOS DEL CLUB ATLETICO UNION,No Financiero,Empresas,5,Irrecuperable,4,133879.0,33469.8,4.12,2.16,4
202604,55490,ASOCIACION MUTUAL DE ASOCIADOS DEL CLUB ATLETICO UNION,No Financiero,Familias,1,Situacion normal,1361,10621297.0,7804.0,83.04,84.40,1361
202604,55490,ASOCIACION MUTUAL DE ASOCIADOS DEL CLUB ATLETICO UNION,No Financiero,Familias,2,Con seguimiento especial / riesgo bajo,120,896092.0,7467.4,7.32,7.12,120
202604,55490,ASOCIACION MUTUAL DE ASOCIADOS DEL CLUB ATLETICO UNION,No Financiero,Familias,3,Con problemas / riesgo medio,67,751451.0,11215.7,4.09,5.97,67
202604,55490,ASOCIACION MUTUAL DE ASOCIADOS DEL CLUB ATLETICO UNION,No Financiero,Familias,4,Con alto riesgo de insolvencia / riesgo alto,54,191623.0,3548.6,3.29,1.52,54
202604,55490,ASOCIACION MUTUAL DE ASOCIADOS DEL CLUB ATLETICO UNION,No Financiero,Familias,5,Irrecuperable,37,123362.0,3334.1,2.26,0.98,37
202604,55490,ASOCIACION MUTUAL DE ASOCIADOS DEL CLUB ATLETICO UNION,No Financiero,Total,1,Situacion normal,1438,15926533.0,11075.5,82.83,84.75,1438
202604,55490,ASOCIACION MUTUAL DE ASOCIADOS DEL CLUB ATLETICO UNION,No Financiero,Total,2,Con seguimiento especial / riesgo bajo,128,1554021.0,12140.8,7.37,8.27,128
202604,55490,ASOCIACION MUTUAL DE ASOCIADOS DEL CLUB ATLETICO UNION,No Financiero,Total,3,Con problemas / riesgo medio,71,812481.0,11443.4,4.09,4.32,71
202604,55490,ASOCIACION MUTUAL DE ASOCIADOS DEL CLUB ATLETICO UNION,No Financiero,Total,4,Con alto riesgo de insolvencia / riesgo alto,58,242426.0,4179.8,3.34,1.29,58
202604,55490,ASOCIACION MUTUAL DE ASOCIADOS DEL CLUB ATLETICO UNION,No Financiero,Total,5,Irrecuperable,41,257241.0,6274.2,2.36,1.37,41
202604,55492,Asociación Mutual de Trabajadores Argentinos Estatales,No Financiero,Familias,1,Situacion normal,371,949450.0,2559.2,85.68,88.15,371
202604,55492,Asociación Mutual de Trabajadores Argentinos Estatales,No Financiero,Familias,2,Con seguimiento especial / riesgo bajo,32,61332.0,1916.6,7.39,5.69,32
202604,55492,Asociación Mutual de Trabajadores Argentinos Estatales,No Financiero,Familias,3,Con problemas / riesgo medio,13,30313.0,2331.8,3.00,2.81,13
202604,55492,Asociación Mutual de Trabajadores Argentinos Estatales,No Financiero,Familias,4,Con alto riesgo de insolvencia / riesgo alto,17,35951.0,2114.8,3.93,3.34,17
202604,55492,Asociación Mutual de Trabajadores Argentinos Estatales,No Financiero,Total,1,Situacion normal,371,949450.0,2559.2,85.68,88.15,371
202604,55492,Asociación Mutual de Trabajadores Argentinos Estatales,No Financiero,Total,2,Con seguimiento especial / riesgo bajo,32,61332.0,1916.6,7.39,5.69,32
202604,55492,Asociación Mutual de Trabajadores Argentinos Estatales,No Financiero,Total,3,Con problemas / riesgo medio,13,30313.0,2331.8,3.00,2.81,13
202604,55492,Asociación Mutual de Trabajadores Argentinos Estatales,No Financiero,Total,4,Con alto riesgo de insolvencia / riesgo alto,17,35951.0,2114.8,3.93,3.34,17
202604,55494,Mifloder SAS,No Financiero,Familias,1,Situacion normal,17127,4598321.0,268.5,76.89,72.97,17127
202604,55494,Mifloder SAS,No Financiero,Familias,2,Con seguimiento especial / riesgo bajo,2058,622115.0,302.3,9.24,9.87,2058
202604,55494,Mifloder SAS,No Financiero,Familias,3,Con problemas / riesgo medio,2536,842654.0,332.3,11.38,13.37,2536
202604,55494,Mifloder SAS,No Financiero,Familias,4,Con alto riesgo de insolvencia / riesgo alto,410,194741.0,475.0,1.84,3.09,410
202604,55494,Mifloder SAS,No Financiero,Familias,5,Irrecuperable,145,43960.0,303.2,0.65,0.70,145
202604,55494,Mifloder SAS,No Financiero,Total,1,Situacion normal,17127,4598321.0,268.5,76.89,72.97,17127
202604,55494,Mifloder SAS,No Financiero,Total,2,Con seguimiento especial / riesgo bajo,2058,622115.0,302.3,9.24,9.87,2058
202604,55494,Mifloder SAS,No Financiero,Total,3,Con problemas / riesgo medio,2536,842654.0,332.3,11.38,13.37,2536
202604,55494,Mifloder SAS,No Financiero,Total,4,Con alto riesgo de insolvencia / riesgo alto,410,194741.0,475.0,1.84,3.09,410
202604,55494,Mifloder SAS,No Financiero,Total,5,Irrecuperable,145,43960.0,303.2,0.65,0.70,145
202604,55495,SOCIEDAD DE CREDITO SA,No Financiero,Familias,5,Irrecuperable,19381,11345027.0,585.4,100.00,100.00,19381
202604,55495,SOCIEDAD DE CREDITO SA,No Financiero,Total,5,Irrecuperable,19381,11345027.0,585.4,100.00,100.00,19381
202604,55496,Cash Online S.A.,No Financiero,Familias,1,Situacion normal,2659,2850101.0,1071.9,90.87,88.81,2659
202604,55496,Cash Online S.A.,No Financiero,Familias,2,Con seguimiento especial / riesgo bajo,145,181332.0,1250.6,4.96,5.65,145
202604,55496,Cash Online S.A.,No Financiero,Familias,3,Con problemas / riesgo medio,95,124256.0,1308.0,3.25,3.87,95
202604,55496,Cash Online S.A.,No Financiero,Familias,4,Con alto riesgo de insolvencia / riesgo alto,27,53516.0,1982.1,0.92,1.67,27
202604,55496,Cash Online S.A.,No Financiero,Total,1,Situacion normal,2659,2850101.0,1071.9,90.87,88.81,2659
202604,55496,Cash Online S.A.,No Financiero,Total,2,Con seguimiento especial / riesgo bajo,145,181332.0,1250.6,4.96,5.65,145
202604,55496,Cash Online S.A.,No Financiero,Total,3,Con problemas / riesgo medio,95,124256.0,1308.0,3.25,3.87,95
202604,55496,Cash Online S.A.,No Financiero,Total,4,Con alto riesgo de insolvencia / riesgo alto,27,53516.0,1982.1,0.92,1.67,27
202604,55501,DIE ZUKUNFT SA,No Financiero,Empresas,1,Situacion normal,24,1209797.0,50408.2,96.00,98.98,24
202604,55501,DIE ZUKUNFT SA,No Financiero,Empresas,4,Con alto riesgo de insolvencia / riesgo alto,1,12527.0,12527.0,4.00,1.02,1
202604,55501,DIE ZUKUNFT SA,No Financiero,Familias,1,Situacion normal,23,708830.0,30818.7,92.00,97.52,23
202604,55501,DIE ZUKUNFT SA,No Financiero,Familias,3,Con problemas / riesgo medio,1,8950.0,8950.0,4.00,1.23,1
202604,55501,DIE ZUKUNFT SA,No Financiero,Familias,4,Con alto riesgo de insolvencia / riesgo alto,1,9054.0,9054.0,4.00,1.25,1
202604,55501,DIE ZUKUNFT SA,No Financiero,Total,1,Situacion normal,47,1918627.0,40821.9,94.00,98.43,47
202604,55501,DIE ZUKUNFT SA,No Financiero,Total,3,Con problemas / riesgo medio,1,8950.0,8950.0,2.00,0.46,1
202604,55501,DIE ZUKUNFT SA,No Financiero,Total,4,Con alto riesgo de insolvencia / riesgo alto,2,21581.0,10790.5,4.00,1.11,2
202604,55502,ATYLIUM FINANCE GROUP SA,No Financiero,Empresas,1,Situacion normal,3,156261.0,52087.0,100.00,100.00,3
202604,55502,ATYLIUM FINANCE GROUP SA,No Financiero,Familias,1,Situacion normal,1,30100.0,30100.0,100.00,100.00,1
202604,55502,ATYLIUM FINANCE GROUP SA,No Financiero,Total,1,Situacion normal,4,186361.0,46590.2,100.00,100.00,4
202604,55505,Cash Market SA,No Financiero,Familias,1,Situacion normal,3816,1235942.0,323.9,19.07,23.74,3816
202604,55505,Cash Market SA,No Financiero,Familias,2,Con seguimiento especial / riesgo bajo,677,369270.0,545.5,3.38,7.09,677
202604,55505,Cash Market SA,No Financiero,Familias,3,Con problemas / riesgo medio,1901,826346.0,434.7,9.50,15.87,1901
202604,55505,Cash Market SA,No Financiero,Familias,4,Con alto riesgo de insolvencia / riesgo alto,4989,1615587.0,323.8,24.93,31.03,4989
202604,55505,Cash Market SA,No Financiero,Familias,5,Irrecuperable,8631,1159686.0,134.4,43.12,22.27,8631
202604,55505,Cash Market SA,No Financiero,Total,1,Situacion normal,3816,1235942.0,323.9,19.07,23.74,3816
202604,55505,Cash Market SA,No Financiero,Total,2,Con seguimiento especial / riesgo bajo,677,369270.0,545.5,3.38,7.09,677
202604,55505,Cash Market SA,No Financiero,Total,3,Con problemas / riesgo medio,1901,826346.0,434.7,9.50,15.87,1901
202604,55505,Cash Market SA,No Financiero,Total,4,Con alto riesgo de insolvencia / riesgo alto,4989,1615587.0,323.8,24.93,31.03,4989
202604,55505,Cash Market SA,No Financiero,Total,5,Irrecuperable,8631,1159686.0,134.4,43.12,22.27,8631
202604,55506,CYFSA S.A.,No Financiero,Familias,1,Situacion normal,103,94564.0,918.1,100.00,100.00,103
202604,55506,CYFSA S.A.,No Financiero,Total,1,Situacion normal,103,94564.0,918.1,100.00,100.00,103
202604,55507,FINANZAS DIGITALES SAS,No Financiero,Familias,1,Situacion normal,137019,9324125.0,68.0,48.40,48.09,137019
202604,55507,FINANZAS DIGITALES SAS,No Financiero,Familias,2,Con seguimiento especial / riesgo bajo,42556,2520692.0,59.2,15.03,13.00,42556
202604,55507,FINANZAS DIGITALES SAS,No Financiero,Familias,3,Con problemas / riesgo medio,78038,5432986.0,69.6,27.57,28.02,78038
202604,55507,FINANZAS DIGITALES SAS,No Financiero,Familias,4,Con alto riesgo de insolvencia / riesgo alto,25238,2051557.0,81.3,8.91,10.58,25238
202604,55507,FINANZAS DIGITALES SAS,No Financiero,Familias,5,Irrecuperable,254,59889.0,235.8,0.09,0.31,254
202604,55507,FINANZAS DIGITALES SAS,No Financiero,Total,1,Situacion normal,137019,9324125.0,68.0,48.40,48.09,137019
202604,55507,FINANZAS DIGITALES SAS,No Financiero,Total,2,Con seguimiento especial / riesgo bajo,42556,2520692.0,59.2,15.03,13.00,42556
202604,55507,FINANZAS DIGITALES SAS,No Financiero,Total,3,Con problemas / riesgo medio,78038,5432986.0,69.6,27.57,28.02,78038
202604,55507,FINANZAS DIGITALES SAS,No Financiero,Total,4,Con alto riesgo de insolvencia / riesgo alto,25238,2051557.0,81.3,8.91,10.58,25238
202604,55507,FINANZAS DIGITALES SAS,No Financiero,Total,5,Irrecuperable,254,59889.0,235.8,0.09,0.31,254
202604,55510,FINANLEASE S.A,No Financiero,Empresas,1,Situacion normal,64,11667666.0,182307.3,95.52,97.69,64
202604,55510,FINANLEASE S.A,No Financiero,Empresas,2,Con seguimiento especial / riesgo bajo,2,151524.0,75762.0,2.99,1.27,2
202604,55510,FINANLEASE S.A,No Financiero,Empresas,3,Con problemas / riesgo medio,1,124855.0,124855.0,1.49,1.05,1
202604,55510,FINANLEASE S.A,No Financiero,Familias,1,Situacion normal,12,483809.0,40317.4,100.00,100.00,12
202604,55510,FINANLEASE S.A,No Financiero,Total,1,Situacion normal,76,12151475.0,159887.8,96.20,97.78,76
202604,55510,FINANLEASE S.A,No Financiero,Total,2,Con seguimiento especial / riesgo bajo,2,151524.0,75762.0,2.53,1.22,2
202604,55510,FINANLEASE S.A,No Financiero,Total,3,Con problemas / riesgo medio,1,124855.0,124855.0,1.27,1.00,1
202604,55511,ASOCIACION MUTUAL 9 DE JULIO OLIMPICO FREYRE,No Financiero,Empresas,1,Situacion normal,12,311892.0,25991.0,80.00,35.84,12
202604,55511,ASOCIACION MUTUAL 9 DE JULIO OLIMPICO FREYRE,No Financiero,Empresas,2,Con seguimiento especial / riesgo bajo,1,235599.0,235599.0,6.67,27.07,1
202604,55511,ASOCIACION MUTUAL 9 DE JULIO OLIMPICO FREYRE,No Financiero,Empresas,3,Con problemas / riesgo medio,1,303900.0,303900.0,6.67,34.92,1
202604,55511,ASOCIACION MUTUAL 9 DE JULIO OLIMPICO FREYRE,No Financiero,Empresas,4,Con alto riesgo de insolvencia / riesgo alto,1,18849.0,18849.0,6.67,2.17,1
202604,55511,ASOCIACION MUTUAL 9 DE JULIO OLIMPICO FREYRE,No Financiero,Familias,1,Situacion normal,274,1100874.0,4017.8,79.42,79.12,274
202604,55511,ASOCIACION MUTUAL 9 DE JULIO OLIMPICO FREYRE,No Financiero,Familias,2,Con seguimiento especial / riesgo bajo,34,107963.0,3175.4,9.86,7.76,34
202604,55511,ASOCIACION MUTUAL 9 DE JULIO OLIMPICO FREYRE,No Financiero,Familias,3,Con problemas / riesgo medio,22,151133.0,6869.7,6.38,10.86,22
202604,55511,ASOCIACION MUTUAL 9 DE JULIO OLIMPICO FREYRE,No Financiero,Familias,4,Con alto riesgo de insolvencia / riesgo alto,10,23610.0,2361.0,2.90,1.70,10
202604,55511,ASOCIACION MUTUAL 9 DE JULIO OLIMPICO FREYRE,No Financiero,Familias,5,Irrecuperable,5,7800.0,1560.0,1.45,0.56,5
202604,55511,ASOCIACION MUTUAL 9 DE JULIO OLIMPICO FREYRE,No Financiero,Total,1,Situacion normal,286,1412766.0,4939.7,79.44,62.47,286
202604,55511,ASOCIACION MUTUAL 9 DE JULIO OLIMPICO FREYRE,No Financiero,Total,2,Con seguimiento especial / riesgo bajo,35,343562.0,9816.1,9.72,15.19,35
202604,55511,ASOCIACION MUTUAL 9 DE JULIO OLIMPICO FREYRE,No Financiero,Total,3,Con problemas / riesgo medio,23,455033.0,19784.0,6.39,20.12,23
202604,55511,ASOCIACION MUTUAL 9 DE JULIO OLIMPICO FREYRE,No Financiero,Total,4,Con alto riesgo de insolvencia / riesgo alto,11,42459.0,3859.9,3.06,1.88,11
202604,55511,ASOCIACION MUTUAL 9 DE JULIO OLIMPICO FREYRE,No Financiero,Total,5,Irrecuperable,5,7800.0,1560.0,1.39,0.34,5
202604,55513,IXPAY SA,No Financiero,Familias,1,Situacion normal,479,123000.0,256.8,27.58,22.11,479
202604,55513,IXPAY SA,No Financiero,Familias,2,Con seguimiento especial / riesgo bajo,270,95689.0,354.4,15.54,17.20,270
202604,55513,IXPAY SA,No Financiero,Familias,3,Con problemas / riesgo medio,318,105697.0,332.4,18.31,19.00,318
202604,55513,IXPAY SA,No Financiero,Familias,4,Con alto riesgo de insolvencia / riesgo alto,594,203929.0,343.3,34.20,36.66,594
202604,55513,IXPAY SA,No Financiero,Familias,5,Irrecuperable,76,27934.0,367.6,4.38,5.02,76
202604,55513,IXPAY SA,No Financiero,Total,1,Situacion normal,479,123000.0,256.8,27.58,22.11,479
202604,55513,IXPAY SA,No Financiero,Total,2,Con seguimiento especial / riesgo bajo,270,95689.0,354.4,15.54,17.20,270
202604,55513,IXPAY SA,No Financiero,Total,3,Con problemas / riesgo medio,318,105697.0,332.4,18.31,19.00,318
202604,55513,IXPAY SA,No Financiero,Total,4,Con alto riesgo de insolvencia / riesgo alto,594,203929.0,343.3,34.20,36.66,594
202604,55513,IXPAY SA,No Financiero,Total,5,Irrecuperable,76,27934.0,367.6,4.38,5.02,76
202604,55514,CARTASUR CARDS S.A.U,No Financiero,Familias,1,Situacion normal,43919,52651307.0,1198.8,35.73,40.28,43919
202604,55514,CARTASUR CARDS S.A.U,No Financiero,Familias,2,Con seguimiento especial / riesgo bajo,6383,9981307.0,1563.7,5.19,7.64,6383
202604,55514,CARTASUR CARDS S.A.U,No Financiero,Familias,3,Con problemas / riesgo medio,9624,13553084.0,1408.3,7.83,10.37,9624
202604,55514,CARTASUR CARDS S.A.U,No Financiero,Familias,4,Con alto riesgo de insolvencia / riesgo alto,19159,23515575.0,1227.4,15.59,17.99,19159
202604,55514,CARTASUR CARDS S.A.U,No Financiero,Familias,5,Irrecuperable,43844,31022724.0,707.6,35.67,23.73,43844
202604,55514,CARTASUR CARDS S.A.U,No Financiero,Total,1,Situacion normal,43919,52651307.0,1198.8,35.73,40.28,43919
202604,55514,CARTASUR CARDS S.A.U,No Financiero,Total,2,Con seguimiento especial / riesgo bajo,6383,9981307.0,1563.7,5.19,7.64,6383
202604,55514,CARTASUR CARDS S.A.U,No Financiero,Total,3,Con problemas / riesgo medio,9624,13553084.0,1408.3,7.83,10.37,9624
202604,55514,CARTASUR CARDS S.A.U,No Financiero,Total,4,Con alto riesgo de insolvencia / riesgo alto,19159,23515575.0,1227.4,15.59,17.99,19159
202604,55514,CARTASUR CARDS S.A.U,No Financiero,Total,5,Irrecuperable,43844,31022724.0,707.6,35.67,23.73,43844
202604,55516,M&B COMPANY S. A. S.,No Financiero,Familias,1,Situacion normal,47,114445.0,2435.0,58.75,40.18,47
202604,55516,M&B COMPANY S. A. S.,No Financiero,Familias,2,Con seguimiento especial / riesgo bajo,12,24910.0,2075.8,15.00,8.75,12
202604,55516,M&B COMPANY S. A. S.,No Financiero,Familias,3,Con problemas / riesgo medio,2,3785.0,1892.5,2.50,1.33,2
202604,55516,M&B COMPANY S. A. S.,No Financiero,Familias,4,Con alto riesgo de insolvencia / riesgo alto,5,70887.0,14177.4,6.25,24.89,5
202604,55516,M&B COMPANY S. A. S.,No Financiero,Familias,5,Irrecuperable,14,70819.0,5058.5,17.50,24.86,14
202604,55516,M&B COMPANY S. A. S.,No Financiero,Total,1,Situacion normal,47,114445.0,2435.0,58.75,40.18,47
202604,55516,M&B COMPANY S. A. S.,No Financiero,Total,2,Con seguimiento especial / riesgo bajo,12,24910.0,2075.8,15.00,8.75,12
202604,55516,M&B COMPANY S. A. S.,No Financiero,Total,3,Con problemas / riesgo medio,2,3785.0,1892.5,2.50,1.33,2
202604,55516,M&B COMPANY S. A. S.,No Financiero,Total,4,Con alto riesgo de insolvencia / riesgo alto,5,70887.0,14177.4,6.25,24.89,5
202604,55516,M&B COMPANY S. A. S.,No Financiero,Total,5,Irrecuperable,14,70819.0,5058.5,17.50,24.86,14
202604,55520,"Asociación Mutual Trabajadores del Hospital de Pediatria SAMIC ""Profes",No Financiero,Familias,1,Situacion normal,332,907543.0,2733.6,100.00,100.00,332
202604,55520,"Asociación Mutual Trabajadores del Hospital de Pediatria SAMIC ""Profes",No Financiero,Total,1,Situacion normal,332,907543.0,2733.6,100.00,100.00,332
202604,55523,COMERCIAL FERSA SRL,No Financiero,Familias,1,Situacion normal,319,468568.0,1468.9,60.08,69.66,319
202604,55523,COMERCIAL FERSA SRL,No Financiero,Familias,2,Con seguimiento especial / riesgo bajo,52,26637.0,512.2,9.79,3.96,52
202604,55523,COMERCIAL FERSA SRL,No Financiero,Familias,3,Con problemas / riesgo medio,146,98418.0,674.1,27.50,14.63,146
202604,55523,COMERCIAL FERSA SRL,No Financiero,Familias,5,Irrecuperable,14,79012.0,5643.7,2.64,11.75,14
202604,55523,COMERCIAL FERSA SRL,No Financiero,Total,1,Situacion normal,319,468568.0,1468.9,60.08,69.66,319
202604,55523,COMERCIAL FERSA SRL,No Financiero,Total,2,Con seguimiento especial / riesgo bajo,52,26637.0,512.2,9.79,3.96,52
202604,55523,COMERCIAL FERSA SRL,No Financiero,Total,3,Con problemas / riesgo medio,146,98418.0,674.1,27.50,14.63,146
202604,55523,COMERCIAL FERSA SRL,No Financiero,Total,5,Irrecuperable,14,79012.0,5643.7,2.64,11.75,14
202604,55524,ASOCIACION MUTUAL 7 DE AGOSTO,No Financiero,Familias,1,Situacion normal,3634,2616487.0,720.0,95.13,95.84,3634
202604,55524,ASOCIACION MUTUAL 7 DE AGOSTO,No Financiero,Familias,2,Con seguimiento especial / riesgo bajo,17,12028.0,707.5,0.45,0.44,17
202604,55524,ASOCIACION MUTUAL 7 DE AGOSTO,No Financiero,Familias,3,Con problemas / riesgo medio,19,8842.0,465.4,0.50,0.32,19
202604,55524,ASOCIACION MUTUAL 7 DE AGOSTO,No Financiero,Familias,4,Con alto riesgo de insolvencia / riesgo alto,150,92825.0,618.8,3.93,3.40,150
202604,55524,ASOCIACION MUTUAL 7 DE AGOSTO,No Financiero,Total,1,Situacion normal,3634,2616487.0,720.0,95.13,95.84,3634
202604,55524,ASOCIACION MUTUAL 7 DE AGOSTO,No Financiero,Total,2,Con seguimiento especial / riesgo bajo,17,12028.0,707.5,0.45,0.44,17
202604,55524,ASOCIACION MUTUAL 7 DE AGOSTO,No Financiero,Total,3,Con problemas / riesgo medio,19,8842.0,465.4,0.50,0.32,19
202604,55524,ASOCIACION MUTUAL 7 DE AGOSTO,No Financiero,Total,4,Con alto riesgo de insolvencia / riesgo alto,150,92825.0,618.8,3.93,3.40,150
202604,55525,ASOCIACION MUTUAL GRAL J JOSE DE URQUIZA,No Financiero,Familias,1,Situacion normal,1934,1224144.0,633.0,95.60,95.13,1934
202604,55525,ASOCIACION MUTUAL GRAL J JOSE DE URQUIZA,No Financiero,Familias,2,Con seguimiento especial / riesgo bajo,9,6579.0,731.0,0.44,0.51,9
202604,55525,ASOCIACION MUTUAL GRAL J JOSE DE URQUIZA,No Financiero,Familias,3,Con problemas / riesgo medio,12,7346.0,612.2,0.59,0.57,12
202604,55525,ASOCIACION MUTUAL GRAL J JOSE DE URQUIZA,No Financiero,Familias,4,Con alto riesgo de insolvencia / riesgo alto,68,48789.0,717.5,3.36,3.79,68
202604,55525,ASOCIACION MUTUAL GRAL J JOSE DE URQUIZA,No Financiero,Total,1,Situacion normal,1934,1224144.0,633.0,95.60,95.13,1934
202604,55525,ASOCIACION MUTUAL GRAL J JOSE DE URQUIZA,No Financiero,Total,2,Con seguimiento especial / riesgo bajo,9,6579.0,731.0,0.44,0.51,9
202604,55525,ASOCIACION MUTUAL GRAL J JOSE DE URQUIZA,No Financiero,Total,3,Con problemas / riesgo medio,12,7346.0,612.2,0.59,0.57,12
202604,55525,ASOCIACION MUTUAL GRAL J JOSE DE URQUIZA,No Financiero,Total,4,Con alto riesgo de insolvencia / riesgo alto,68,48789.0,717.5,3.36,3.79,68
202604,55526,Asociacion Mutual Progreso Entrerriano,No Financiero,Empresas,1,Situacion normal,10,237702.0,23770.2,83.33,75.17,10
202604,55526,Asociacion Mutual Progreso Entrerriano,No Financiero,Empresas,2,Con seguimiento especial / riesgo bajo,1,34962.0,34962.0,8.33,11.06,1
202604,55526,Asociacion Mutual Progreso Entrerriano,No Financiero,Empresas,5,Irrecuperable,1,43556.0,43556.0,8.33,13.77,1
202604,55526,Asociacion Mutual Progreso Entrerriano,No Financiero,Familias,1,Situacion normal,1832,1377064.0,751.7,73.52,89.50,1832
202604,55526,Asociacion Mutual Progreso Entrerriano,No Financiero,Familias,2,Con seguimiento especial / riesgo bajo,92,44858.0,487.6,3.69,2.92,92
202604,55526,Asociacion Mutual Progreso Entrerriano,No Financiero,Familias,3,Con problemas / riesgo medio,59,39335.0,666.7,2.37,2.56,59
202604,55526,Asociacion Mutual Progreso Entrerriano,No Financiero,Familias,4,Con alto riesgo de insolvencia / riesgo alto,65,26567.0,408.7,2.61,1.73,65
202604,55526,Asociacion Mutual Progreso Entrerriano,No Financiero,Familias,5,Irrecuperable,444,50740.0,114.3,17.82,3.30,444
202604,55526,Asociacion Mutual Progreso Entrerriano,No Financiero,Total,1,Situacion normal,1842,1614766.0,876.6,73.56,87.06,1842
202604,55526,Asociacion Mutual Progreso Entrerriano,No Financiero,Total,2,Con seguimiento especial / riesgo bajo,93,79820.0,858.3,3.71,4.30,93
202604,55526,Asociacion Mutual Progreso Entrerriano,No Financiero,Total,3,Con problemas / riesgo medio,59,39335.0,666.7,2.36,2.12,59
202604,55526,Asociacion Mutual Progreso Entrerriano,No Financiero,Total,4,Con alto riesgo de insolvencia / riesgo alto,65,26567.0,408.7,2.60,1.43,65
202604,55526,Asociacion Mutual Progreso Entrerriano,No Financiero,Total,5,Irrecuperable,445,94296.0,211.9,17.77,5.08,445
202604,55534,Mutual 22 de septiembre,No Financiero,Empresas,1,Situacion normal,1,4479.0,4479.0,100.00,100.00,1
202604,55534,Mutual 22 de septiembre,No Financiero,Familias,1,Situacion normal,958,1060765.0,1107.3,61.69,73.17,958
202604,55534,Mutual 22 de septiembre,No Financiero,Familias,2,Con seguimiento especial / riesgo bajo,59,56822.0,963.1,3.80,3.92,59
202604,55534,Mutual 22 de septiembre,No Financiero,Familias,3,Con problemas / riesgo medio,56,53073.0,947.7,3.61,3.66,56
202604,55534,Mutual 22 de septiembre,No Financiero,Familias,4,Con alto riesgo de insolvencia / riesgo alto,118,88535.0,750.3,7.60,6.11,118
202604,55534,Mutual 22 de septiembre,No Financiero,Familias,5,Irrecuperable,362,190518.0,526.3,23.31,13.14,362
202604,55534,Mutual 22 de septiembre,No Financiero,Total,1,Situacion normal,959,1065244.0,1110.8,61.71,73.25,959
202604,55534,Mutual 22 de septiembre,No Financiero,Total,2,Con seguimiento especial / riesgo bajo,59,56822.0,963.1,3.80,3.91,59
202604,55534,Mutual 22 de septiembre,No Financiero,Total,3,Con problemas / riesgo medio,56,53073.0,947.7,3.60,3.65,56
202604,55534,Mutual 22 de septiembre,No Financiero,Total,4,Con alto riesgo de insolvencia / riesgo alto,118,88535.0,750.3,7.59,6.09,118
202604,55534,Mutual 22 de septiembre,No Financiero,Total,5,Irrecuperable,362,190518.0,526.3,23.29,13.10,362
202604,55538,CORDOBA VALORES S.A.,No Financiero,Empresas,5,Irrecuperable,4,73642.0,18410.5,100.00,100.00,4
202604,55538,CORDOBA VALORES S.A.,No Financiero,Familias,4,Con alto riesgo de insolvencia / riesgo alto,3,11109.0,3703.0,0.24,3.49,3
202604,55538,CORDOBA VALORES S.A.,No Financiero,Familias,5,Irrecuperable,1254,307565.0,245.3,99.76,96.51,1254
202604,55538,CORDOBA VALORES S.A.,No Financiero,Total,4,Con alto riesgo de insolvencia / riesgo alto,3,11109.0,3703.0,0.24,2.83,3
202604,55538,CORDOBA VALORES S.A.,No Financiero,Total,5,Irrecuperable,1258,381207.0,303.0,99.76,97.17,1258
202604,55539,FRANKFURT S.A.,No Financiero,Empresas,1,Situacion normal,2,82384.0,41192.0,100.00,100.00,2
202604,55539,FRANKFURT S.A.,No Financiero,Familias,1,Situacion normal,22,403206.0,18327.5,91.67,88.22,22
202604,55539,FRANKFURT S.A.,No Financiero,Familias,2,Con seguimiento especial / riesgo bajo,2,53843.0,26921.5,8.33,11.78,2
202604,55539,FRANKFURT S.A.,No Financiero,Total,1,Situacion normal,24,485590.0,20232.9,92.31,90.02,24
202604,55539,FRANKFURT S.A.,No Financiero,Total,2,Con seguimiento especial / riesgo bajo,2,53843.0,26921.5,7.69,9.98,2
202604,55541,Blue Capital S.R.L,No Financiero,Familias,1,Situacion normal,113,120572.0,1067.0,69.33,73.03,113
202604,55541,Blue Capital S.R.L,No Financiero,Familias,2,Con seguimiento especial / riesgo bajo,11,8390.0,762.7,6.75,5.08,11
202604,55541,Blue Capital S.R.L,No Financiero,Familias,3,Con problemas / riesgo medio,4,3199.0,799.8,2.45,1.94,4
202604,55541,Blue Capital S.R.L,No Financiero,Familias,4,Con alto riesgo de insolvencia / riesgo alto,16,13006.0,812.9,9.82,7.88,16
202604,55541,Blue Capital S.R.L,No Financiero,Familias,5,Irrecuperable,19,19939.0,1049.4,11.66,12.08,19
202604,55541,Blue Capital S.R.L,No Financiero,Total,1,Situacion normal,113,120572.0,1067.0,69.33,73.03,113
202604,55541,Blue Capital S.R.L,No Financiero,Total,2,Con seguimiento especial / riesgo bajo,11,8390.0,762.7,6.75,5.08,11
202604,55541,Blue Capital S.R.L,No Financiero,Total,3,Con problemas / riesgo medio,4,3199.0,799.8,2.45,1.94,4
202604,55541,Blue Capital S.R.L,No Financiero,Total,4,Con alto riesgo de insolvencia / riesgo alto,16,13006.0,812.9,9.82,7.88,16
202604,55541,Blue Capital S.R.L,No Financiero,Total,5,Irrecuperable,19,19939.0,1049.4,11.66,12.08,19
202604,55544,YOLO CASH S.A.,No Financiero,Familias,1,Situacion normal,396,263537.0,665.5,95.65,95.04,396
202604,55544,YOLO CASH S.A.,No Financiero,Familias,2,Con seguimiento especial / riesgo bajo,17,12959.0,762.3,4.11,4.67,17
202604,55544,YOLO CASH S.A.,No Financiero,Familias,3,Con problemas / riesgo medio,1,797.0,797.0,0.24,0.29,1
202604,55544,YOLO CASH S.A.,No Financiero,Total,1,Situacion normal,396,263537.0,665.5,95.65,95.04,396
202604,55544,YOLO CASH S.A.,No Financiero,Total,2,Con seguimiento especial / riesgo bajo,17,12959.0,762.3,4.11,4.67,17
202604,55544,YOLO CASH S.A.,No Financiero,Total,3,Con problemas / riesgo medio,1,797.0,797.0,0.24,0.29,1
202604,55547,sistemas unificados de credito dirigido SA,No Financiero,Familias,1,Situacion normal,4548,1727199.0,379.8,52.64,50.99,4548
202604,55547,sistemas unificados de credito dirigido SA,No Financiero,Familias,2,Con seguimiento especial / riesgo bajo,648,354892.0,547.7,7.50,10.48,648
202604,55547,sistemas unificados de credito dirigido SA,No Financiero,Familias,3,Con problemas / riesgo medio,912,414482.0,454.5,10.56,12.24,912
202604,55547,sistemas unificados de credito dirigido SA,No Financiero,Familias,4,Con alto riesgo de insolvencia / riesgo alto,1634,645491.0,395.0,18.91,19.06,1634
202604,55547,sistemas unificados de credito dirigido SA,No Financiero,Familias,5,Irrecuperable,897,245300.0,273.5,10.38,7.24,897
202604,55547,sistemas unificados de credito dirigido SA,No Financiero,Total,1,Situacion normal,4548,1727199.0,379.8,52.64,50.99,4548
202604,55547,sistemas unificados de credito dirigido SA,No Financiero,Total,2,Con seguimiento especial / riesgo bajo,648,354892.0,547.7,7.50,10.48,648
202604,55547,sistemas unificados de credito dirigido SA,No Financiero,Total,3,Con problemas / riesgo medio,912,414482.0,454.5,10.56,12.24,912
202604,55547,sistemas unificados de credito dirigido SA,No Financiero,Total,4,Con alto riesgo de insolvencia / riesgo alto,1634,645491.0,395.0,18.91,19.06,1634
202604,55547,sistemas unificados de credito dirigido SA,No Financiero,Total,5,Irrecuperable,897,245300.0,273.5,10.38,7.24,897
202604,55554,PRESTACIONES S.A.,No Financiero,Empresas,1,Situacion normal,6,387640.0,64606.7,100.00,100.00,6
202604,55554,PRESTACIONES S.A.,No Financiero,Familias,1,Situacion normal,11,427275.0,38843.2,55.00,75.63,11
202604,55554,PRESTACIONES S.A.,No Financiero,Familias,2,Con seguimiento especial / riesgo bajo,1,9540.0,9540.0,5.00,1.69,1
202604,55554,PRESTACIONES S.A.,No Financiero,Familias,3,Con problemas / riesgo medio,3,28099.0,9366.3,15.00,4.97,3
202604,55554,PRESTACIONES S.A.,No Financiero,Familias,4,Con alto riesgo de insolvencia / riesgo alto,5,100004.0,20000.8,25.00,17.70,5
202604,55554,PRESTACIONES S.A.,No Financiero,Total,1,Situacion normal,17,814915.0,47936.2,65.38,85.55,17
202604,55554,PRESTACIONES S.A.,No Financiero,Total,2,Con seguimiento especial / riesgo bajo,1,9540.0,9540.0,3.85,1.00,1
202604,55554,PRESTACIONES S.A.,No Financiero,Total,3,Con problemas / riesgo medio,3,28099.0,9366.3,11.54,2.95,3
202604,55554,PRESTACIONES S.A.,No Financiero,Total,4,Con alto riesgo de insolvencia / riesgo alto,5,100004.0,20000.8,19.23,10.50,5
202604,55558,GRUPO SACAR S.A.,No Financiero,Familias,1,Situacion normal,169,52799.0,312.4,82.04,78.49,169
202604,55558,GRUPO SACAR S.A.,No Financiero,Familias,2,Con seguimiento especial / riesgo bajo,37,14467.0,391.0,17.96,21.51,37
202604,55558,GRUPO SACAR S.A.,No Financiero,Total,1,Situacion normal,169,52799.0,312.4,82.04,78.49,169
202604,55558,GRUPO SACAR S.A.,No Financiero,Total,2,Con seguimiento especial / riesgo bajo,37,14467.0,391.0,17.96,21.51,37
202604,55561,TJS CAPITAL S.A.,No Financiero,Empresas,1,Situacion normal,1,319.0,319.0,100.00,100.00,1
202604,55561,TJS CAPITAL S.A.,No Financiero,Familias,1,Situacion normal,221,129430.0,585.7,98.22,98.70,221
202604,55561,TJS CAPITAL S.A.,No Financiero,Familias,4,Con alto riesgo de insolvencia / riesgo alto,3,1141.0,380.3,1.33,0.87,3
202604,55561,TJS CAPITAL S.A.,No Financiero,Familias,5,Irrecuperable,1,563.0,563.0,0.44,0.43,1
202604,55561,TJS CAPITAL S.A.,No Financiero,Total,1,Situacion normal,222,129749.0,584.5,98.23,98.70,222
202604,55561,TJS CAPITAL S.A.,No Financiero,Total,4,Con alto riesgo de insolvencia / riesgo alto,3,1141.0,380.3,1.33,0.87,3
202604,55561,TJS CAPITAL S.A.,No Financiero,Total,5,Irrecuperable,1,563.0,563.0,0.44,0.43,1
202604,55562,SERVICIOS CADMA SA,No Financiero,Familias,1,Situacion normal,926,282372.0,304.9,95.27,94.88,926
202604,55562,SERVICIOS CADMA SA,No Financiero,Familias,2,Con seguimiento especial / riesgo bajo,3,937.0,312.3,0.31,0.31,3
202604,55562,SERVICIOS CADMA SA,No Financiero,Familias,3,Con problemas / riesgo medio,3,1625.0,541.7,0.31,0.55,3
202604,55562,SERVICIOS CADMA SA,No Financiero,Familias,4,Con alto riesgo de insolvencia / riesgo alto,3,1048.0,349.3,0.31,0.35,3
202604,55562,SERVICIOS CADMA SA,No Financiero,Familias,5,Irrecuperable,37,11624.0,314.2,3.81,3.91,37
202604,55562,SERVICIOS CADMA SA,No Financiero,Total,1,Situacion normal,926,282372.0,304.9,95.27,94.88,926
202604,55562,SERVICIOS CADMA SA,No Financiero,Total,2,Con seguimiento especial / riesgo bajo,3,937.0,312.3,0.31,0.31,3
202604,55562,SERVICIOS CADMA SA,No Financiero,Total,3,Con problemas / riesgo medio,3,1625.0,541.7,0.31,0.55,3
202604,55562,SERVICIOS CADMA SA,No Financiero,Total,4,Con alto riesgo de insolvencia / riesgo alto,3,1048.0,349.3,0.31,0.35,3
202604,55562,SERVICIOS CADMA SA,No Financiero,Total,5,Irrecuperable,37,11624.0,314.2,3.81,3.91,37
202604,55566,SALOMON S.A. SOCIEDAD ANONIMA,No Financiero,Familias,1,Situacion normal,104,773300.0,7435.6,99.05,99.46,104
202604,55566,SALOMON S.A. SOCIEDAD ANONIMA,No Financiero,Familias,2,Con seguimiento especial / riesgo bajo,1,4199.0,4199.0,0.95,0.54,1
202604,55566,SALOMON S.A. SOCIEDAD ANONIMA,No Financiero,Total,1,Situacion normal,104,773300.0,7435.6,99.05,99.46,104
202604,55566,SALOMON S.A. SOCIEDAD ANONIMA,No Financiero,Total,2,Con seguimiento especial / riesgo bajo,1,4199.0,4199.0,0.95,0.54,1
202604,55574,"Cooperativa de Vivienda, Crédito y Consumo Finadi Limitada",No Financiero,Familias,1,Situacion normal,14778,4839097.0,327.5,41.01,45.00,14778
202604,55574,"Cooperativa de Vivienda, Crédito y Consumo Finadi Limitada",No Financiero,Familias,2,Con seguimiento especial / riesgo bajo,1639,671797.0,409.9,4.55,6.25,1639
202604,55574,"Cooperativa de Vivienda, Crédito y Consumo Finadi Limitada",No Financiero,Familias,3,Con problemas / riesgo medio,2713,823727.0,303.6,7.53,7.66,2713
202604,55574,"Cooperativa de Vivienda, Crédito y Consumo Finadi Limitada",No Financiero,Familias,4,Con alto riesgo de insolvencia / riesgo alto,6150,1693424.0,275.4,17.07,15.75,6150
202604,55574,"Cooperativa de Vivienda, Crédito y Consumo Finadi Limitada",No Financiero,Familias,5,Irrecuperable,10756,2726213.0,253.5,29.85,25.35,10756
202604,55574,"Cooperativa de Vivienda, Crédito y Consumo Finadi Limitada",No Financiero,Total,1,Situacion normal,14778,4839097.0,327.5,41.01,45.00,14778
202604,55574,"Cooperativa de Vivienda, Crédito y Consumo Finadi Limitada",No Financiero,Total,2,Con seguimiento especial / riesgo bajo,1639,671797.0,409.9,4.55,6.25,1639
202604,55574,"Cooperativa de Vivienda, Crédito y Consumo Finadi Limitada",No Financiero,Total,3,Con problemas / riesgo medio,2713,823727.0,303.6,7.53,7.66,2713
202604,55574,"Cooperativa de Vivienda, Crédito y Consumo Finadi Limitada",No Financiero,Total,4,Con alto riesgo de insolvencia / riesgo alto,6150,1693424.0,275.4,17.07,15.75,6150
202604,55574,"Cooperativa de Vivienda, Crédito y Consumo Finadi Limitada",No Financiero,Total,5,Irrecuperable,10756,2726213.0,253.5,29.85,25.35,10756
202604,55575,GRECO INVERSIONES SRL,No Financiero,Empresas,1,Situacion normal,1,149330.0,149330.0,100.00,100.00,1
202604,55575,GRECO INVERSIONES SRL,No Financiero,Familias,1,Situacion normal,9,52788.0,5865.3,100.00,100.00,9
202604,55575,GRECO INVERSIONES SRL,No Financiero,Total,1,Situacion normal,10,202118.0,20211.8,100.00,100.00,10
202604,55577,BLOQUES S.A.,No Financiero,Empresas,1,Situacion normal,1,5769.0,5769.0,100.00,100.00,1
202604,55577,BLOQUES S.A.,No Financiero,Familias,1,Situacion normal,1,7899.0,7899.0,100.00,100.00,1
202604,55577,BLOQUES S.A.,No Financiero,Total,1,Situacion normal,2,13668.0,6834.0,100.00,100.00,2
202604,55579,DEAMPRO S.R.L.,No Financiero,Familias,1,Situacion normal,2491,524815.0,210.7,28.40,30.96,2491
202604,55579,DEAMPRO S.R.L.,No Financiero,Familias,2,Con seguimiento especial / riesgo bajo,350,110890.0,316.8,3.99,6.54,350
202604,55579,DEAMPRO S.R.L.,No Financiero,Familias,3,Con problemas / riesgo medio,503,183591.0,365.0,5.73,10.83,503
202604,55579,DEAMPRO S.R.L.,No Financiero,Familias,4,Con alto riesgo de insolvencia / riesgo alto,1031,331107.0,321.2,11.75,19.53,1031
202604,55579,DEAMPRO S.R.L.,No Financiero,Familias,5,Irrecuperable,4397,544865.0,123.9,50.13,32.14,4397
202604,55579,DEAMPRO S.R.L.,No Financiero,Total,1,Situacion normal,2491,524815.0,210.7,28.40,30.96,2491
202604,55579,DEAMPRO S.R.L.,No Financiero,Total,2,Con seguimiento especial / riesgo bajo,350,110890.0,316.8,3.99,6.54,350
202604,55579,DEAMPRO S.R.L.,No Financiero,Total,3,Con problemas / riesgo medio,503,183591.0,365.0,5.73,10.83,503
202604,55579,DEAMPRO S.R.L.,No Financiero,Total,4,Con alto riesgo de insolvencia / riesgo alto,1031,331107.0,321.2,11.75,19.53,1031
202604,55579,DEAMPRO S.R.L.,No Financiero,Total,5,Irrecuperable,4397,544865.0,123.9,50.13,32.14,4397
202604,55580,Platinum Viajes S.A.,No Financiero,Familias,1,Situacion normal,1203,219695.0,182.6,65.38,73.18,1203
202604,55580,Platinum Viajes S.A.,No Financiero,Familias,3,Con problemas / riesgo medio,117,27792.0,237.5,6.36,9.26,117
202604,55580,Platinum Viajes S.A.,No Financiero,Familias,4,Con alto riesgo de insolvencia / riesgo alto,520,52730.0,101.4,28.26,17.56,520
202604,55580,Platinum Viajes S.A.,No Financiero,Total,1,Situacion normal,1203,219695.0,182.6,65.38,73.18,1203
202604,55580,Platinum Viajes S.A.,No Financiero,Total,3,Con problemas / riesgo medio,117,27792.0,237.5,6.36,9.26,117
202604,55580,Platinum Viajes S.A.,No Financiero,Total,4,Con alto riesgo de insolvencia / riesgo alto,520,52730.0,101.4,28.26,17.56,520
202604,55582,VERTIX S.A.,No Financiero,Empresas,1,Situacion normal,1,81457.0,81457.0,100.00,100.00,1
202604,55582,VERTIX S.A.,No Financiero,Familias,1,Situacion normal,5,91687.0,18337.4,100.00,100.00,5
202604,55582,VERTIX S.A.,No Financiero,Total,1,Situacion normal,6,173144.0,28857.3,100.00,100.00,6
202604,55584,CONSUMEX S.A.,No Financiero,Familias,1,Situacion normal,479,797796.0,1665.5,39.07,71.73,479
202604,55584,CONSUMEX S.A.,No Financiero,Familias,2,Con seguimiento especial / riesgo bajo,29,19923.0,687.0,2.37,1.79,29
202604,55584,CONSUMEX S.A.,No Financiero,Familias,3,Con problemas / riesgo medio,104,101214.0,973.2,8.48,9.10,104
202604,55584,CONSUMEX S.A.,No Financiero,Familias,4,Con alto riesgo de insolvencia / riesgo alto,293,128133.0,437.3,23.90,11.52,293
202604,55584,CONSUMEX S.A.,No Financiero,Familias,5,Irrecuperable,321,65183.0,203.1,26.18,5.86,321
202604,55584,CONSUMEX S.A.,No Financiero,Total,1,Situacion normal,479,797796.0,1665.5,39.07,71.73,479
202604,55584,CONSUMEX S.A.,No Financiero,Total,2,Con seguimiento especial / riesgo bajo,29,19923.0,687.0,2.37,1.79,29
202604,55584,CONSUMEX S.A.,No Financiero,Total,3,Con problemas / riesgo medio,104,101214.0,973.2,8.48,9.10,104
202604,55584,CONSUMEX S.A.,No Financiero,Total,4,Con alto riesgo de insolvencia / riesgo alto,293,128133.0,437.3,23.90,11.52,293
202604,55584,CONSUMEX S.A.,No Financiero,Total,5,Irrecuperable,321,65183.0,203.1,26.18,5.86,321
202604,55586,WUNDER S.A.,No Financiero,Empresas,1,Situacion normal,3,175930.0,58643.3,100.00,100.00,3
202604,55586,WUNDER S.A.,No Financiero,Familias,1,Situacion normal,359,3164812.0,8815.6,90.89,91.81,359
202604,55586,WUNDER S.A.,No Financiero,Familias,2,Con seguimiento especial / riesgo bajo,24,213556.0,8898.2,6.08,6.19,24
202604,55586,WUNDER S.A.,No Financiero,Familias,3,Con problemas / riesgo medio,3,13142.0,4380.7,0.76,0.38,3
202604,55586,WUNDER S.A.,No Financiero,Familias,4,Con alto riesgo de insolvencia / riesgo alto,4,24598.0,6149.5,1.01,0.71,4
202604,55586,WUNDER S.A.,No Financiero,Familias,5,Irrecuperable,5,31197.0,6239.4,1.27,0.90,5
202604,55586,WUNDER S.A.,No Financiero,Total,1,Situacion normal,362,3340742.0,9228.6,90.95,92.20,362
202604,55586,WUNDER S.A.,No Financiero,Total,2,Con seguimiento especial / riesgo bajo,24,213556.0,8898.2,6.03,5.89,24
202604,55586,WUNDER S.A.,No Financiero,Total,3,Con problemas / riesgo medio,3,13142.0,4380.7,0.75,0.36,3
202604,55586,WUNDER S.A.,No Financiero,Total,4,Con alto riesgo de insolvencia / riesgo alto,4,24598.0,6149.5,1.01,0.68,4
202604,55586,WUNDER S.A.,No Financiero,Total,5,Irrecuperable,5,31197.0,6239.4,1.26,0.86,5
202604,65203,CRÉDITO REGIONAL COMPAÑÍA FINANCIERA S.A.U.,No Financiero,Empresas,1,Situacion normal,1,125.0,125.0,8.33,0.06,1
202604,65203,CRÉDITO REGIONAL COMPAÑÍA FINANCIERA S.A.U.,No Financiero,Empresas,5,Irrecuperable,11,196758.0,17887.1,91.67,99.94,11
202604,65203,CRÉDITO REGIONAL COMPAÑÍA FINANCIERA S.A.U.,No Financiero,Familias,1,Situacion normal,2868,3097139.0,1079.9,21.15,45.26,2868
202604,65203,CRÉDITO REGIONAL COMPAÑÍA FINANCIERA S.A.U.,No Financiero,Familias,2,Con seguimiento especial / riesgo bajo,432,371616.0,860.2,3.19,5.43,432
202604,65203,CRÉDITO REGIONAL COMPAÑÍA FINANCIERA S.A.U.,No Financiero,Familias,3,Con problemas / riesgo medio,816,666676.0,817.0,6.02,9.74,816
202604,65203,CRÉDITO REGIONAL COMPAÑÍA FINANCIERA S.A.U.,No Financiero,Familias,4,Con alto riesgo de insolvencia / riesgo alto,1379,757381.0,549.2,10.17,11.07,1379
202604,65203,CRÉDITO REGIONAL COMPAÑÍA FINANCIERA S.A.U.,No Financiero,Familias,5,Irrecuperable,8064,1950454.0,241.9,59.47,28.50,8064
202604,65203,CRÉDITO REGIONAL COMPAÑÍA FINANCIERA S.A.U.,No Financiero,Total,1,Situacion normal,2869,3097264.0,1079.6,21.14,43.99,2869
202604,65203,CRÉDITO REGIONAL COMPAÑÍA FINANCIERA S.A.U.,No Financiero,Total,2,Con seguimiento especial / riesgo bajo,432,371616.0,860.2,3.18,5.28,432
202604,65203,CRÉDITO REGIONAL COMPAÑÍA FINANCIERA S.A.U.,No Financiero,Total,3,Con problemas / riesgo medio,816,666676.0,817.0,6.01,9.47,816
202604,65203,CRÉDITO REGIONAL COMPAÑÍA FINANCIERA S.A.U.,No Financiero,Total,4,Con alto riesgo de insolvencia / riesgo alto,1379,757381.0,549.2,10.16,10.76,1379
202604,65203,CRÉDITO REGIONAL COMPAÑÍA FINANCIERA S.A.U.,No Financiero,Total,5,Irrecuperable,8075,2147212.0,265.9,59.50,30.50,8075
202604,70101,AMERICAN EXPRESS ARGENTINA S.A.,No Financiero,Empresas,1,Situacion normal,13645,177835551.0,13033.0,91.31,93.42,13645
202604,70101,AMERICAN EXPRESS ARGENTINA S.A.,No Financiero,Empresas,2,Con seguimiento especial / riesgo bajo,439,3290241.0,7494.9,2.94,1.73,439
202604,70101,AMERICAN EXPRESS ARGENTINA S.A.,No Financiero,Empresas,3,Con problemas / riesgo medio,258,3690364.0,14303.7,1.73,1.94,258
202604,70101,AMERICAN EXPRESS ARGENTINA S.A.,No Financiero,Empresas,4,Con alto riesgo de insolvencia / riesgo alto,164,2581864.0,15743.1,1.10,1.36,164
202604,70101,AMERICAN EXPRESS ARGENTINA S.A.,No Financiero,Empresas,5,Irrecuperable,438,2972471.0,6786.5,2.93,1.56,438
202604,70101,AMERICAN EXPRESS ARGENTINA S.A.,No Financiero,Familias,1,Situacion normal,118436,236867999.0,2000.0,94.16,93.53,118436
202604,70101,AMERICAN EXPRESS ARGENTINA S.A.,No Financiero,Familias,2,Con seguimiento especial / riesgo bajo,1916,4681982.0,2443.6,1.52,1.85,1916
202604,70101,AMERICAN EXPRESS ARGENTINA S.A.,No Financiero,Familias,3,Con problemas / riesgo medio,1870,5278573.0,2822.8,1.49,2.08,1870
202604,70101,AMERICAN EXPRESS ARGENTINA S.A.,No Financiero,Familias,4,Con alto riesgo de insolvencia / riesgo alto,985,2353073.0,2388.9,0.78,0.93,985
202604,70101,AMERICAN EXPRESS ARGENTINA S.A.,No Financiero,Familias,5,Irrecuperable,2573,4078514.0,1585.1,2.05,1.61,2573
202604,70101,AMERICAN EXPRESS ARGENTINA S.A.,No Financiero,Total,1,Situacion normal,132081,414703550.0,3139.8,93.86,93.48,132081
202604,70101,AMERICAN EXPRESS ARGENTINA S.A.,No Financiero,Total,2,Con seguimiento especial / riesgo bajo,2355,7972223.0,3385.2,1.67,1.80,2355
202604,70101,AMERICAN EXPRESS ARGENTINA S.A.,No Financiero,Total,3,Con problemas / riesgo medio,2128,8968937.0,4214.7,1.51,2.02,2128
202604,70101,AMERICAN EXPRESS ARGENTINA S.A.,No Financiero,Total,4,Con alto riesgo de insolvencia / riesgo alto,1149,4934937.0,4295.0,0.82,1.11,1149
202604,70101,AMERICAN EXPRESS ARGENTINA S.A.,No Financiero,Total,5,Irrecuperable,3011,7050985.0,2341.7,2.14,1.59,3011
202604,70140,COTO CENTRO INTEGRAL DE COMERCIALIZAC SA,No Financiero,Familias,1,Situacion normal,19220,6216178.0,323.4,91.03,91.50,19220
202604,70140,COTO CENTRO INTEGRAL DE COMERCIALIZAC SA,No Financiero,Familias,2,Con seguimiento especial / riesgo bajo,404,138998.0,344.1,1.91,2.05,404
202604,70140,COTO CENTRO INTEGRAL DE COMERCIALIZAC SA,No Financiero,Familias,3,Con problemas / riesgo medio,301,110312.0,366.5,1.43,1.62,301
202604,70140,COTO CENTRO INTEGRAL DE COMERCIALIZAC SA,No Financiero,Familias,4,Con alto riesgo de insolvencia / riesgo alto,455,184601.0,405.7,2.15,2.72,455
202604,70140,COTO CENTRO INTEGRAL DE COMERCIALIZAC SA,No Financiero,Familias,5,Irrecuperable,734,143829.0,196.0,3.48,2.12,734
202604,70140,COTO CENTRO INTEGRAL DE COMERCIALIZAC SA,No Financiero,Total,1,Situacion normal,19220,6216178.0,323.4,91.03,91.50,19220
202604,70140,COTO CENTRO INTEGRAL DE COMERCIALIZAC SA,No Financiero,Total,2,Con seguimiento especial / riesgo bajo,404,138998.0,344.1,1.91,2.05,404
202604,70140,COTO CENTRO INTEGRAL DE COMERCIALIZAC SA,No Financiero,Total,3,Con problemas / riesgo medio,301,110312.0,366.5,1.43,1.62,301
202604,70140,COTO CENTRO INTEGRAL DE COMERCIALIZAC SA,No Financiero,Total,4,Con alto riesgo de insolvencia / riesgo alto,455,184601.0,405.7,2.15,2.72,455
202604,70140,COTO CENTRO INTEGRAL DE COMERCIALIZAC SA,No Financiero,Total,5,Irrecuperable,734,143829.0,196.0,3.48,2.12,734
202604,70141,YPF S.A.,No Financiero,Empresas,1,Situacion normal,8971,218911417.0,24402.1,98.10,98.61,8971
202604,70141,YPF S.A.,No Financiero,Empresas,2,Con seguimiento especial / riesgo bajo,13,445884.0,34298.8,0.14,0.20,13
202604,70141,YPF S.A.,No Financiero,Empresas,3,Con problemas / riesgo medio,29,231786.0,7992.6,0.32,0.10,29
202604,70141,YPF S.A.,No Financiero,Empresas,4,Con alto riesgo de insolvencia / riesgo alto,46,2109413.0,45856.8,0.50,0.95,46
202604,70141,YPF S.A.,No Financiero,Empresas,5,Irrecuperable,86,296942.0,3452.8,0.94,0.13,86
202604,70141,YPF S.A.,No Financiero,Familias,1,Situacion normal,1886,17470458.0,9263.2,96.97,98.39,1886
202604,70141,YPF S.A.,No Financiero,Familias,2,Con seguimiento especial / riesgo bajo,5,55348.0,11069.6,0.26,0.31,5
202604,70141,YPF S.A.,No Financiero,Familias,3,Con problemas / riesgo medio,15,44298.0,2953.2,0.77,0.25,15
202604,70141,YPF S.A.,No Financiero,Familias,4,Con alto riesgo de insolvencia / riesgo alto,14,146392.0,10456.6,0.72,0.82,14
202604,70141,YPF S.A.,No Financiero,Familias,5,Irrecuperable,25,40450.0,1618.0,1.29,0.23,25
202604,70141,YPF S.A.,No Financiero,Total,1,Situacion normal,10857,236381875.0,21772.3,97.90,98.59,10857
202604,70141,YPF S.A.,No Financiero,Total,2,Con seguimiento especial / riesgo bajo,18,501232.0,27846.2,0.16,0.21,18
202604,70141,YPF S.A.,No Financiero,Total,3,Con problemas / riesgo medio,44,276084.0,6274.6,0.40,0.12,44
202604,70141,YPF S.A.,No Financiero,Total,4,Con alto riesgo de insolvencia / riesgo alto,60,2255805.0,37596.8,0.54,0.94,60
202604,70141,YPF S.A.,No Financiero,Total,5,Irrecuperable,111,337392.0,3039.6,1.00,0.14,111
202604,70147,CENCOSUD S.A.,No Financiero,Familias,1,Situacion normal,402298,305227500.0,758.7,76.65,66.75,402298
202604,70147,CENCOSUD S.A.,No Financiero,Familias,2,Con seguimiento especial / riesgo bajo,25211,25981054.0,1030.5,4.80,5.68,25211
202604,70147,CENCOSUD S.A.,No Financiero,Familias,3,Con problemas / riesgo medio,28373,39485930.0,1391.7,5.41,8.64,28373
202604,70147,CENCOSUD S.A.,No Financiero,Familias,4,Con alto riesgo de insolvencia / riesgo alto,44133,63437427.0,1437.4,8.41,13.87,44133
202604,70147,CENCOSUD S.A.,No Financiero,Familias,5,Irrecuperable,24846,23115424.0,930.3,4.73,5.06,24846
202604,70147,CENCOSUD S.A.,No Financiero,Total,1,Situacion normal,402298,305227500.0,758.7,76.65,66.75,402298
202604,70147,CENCOSUD S.A.,No Financiero,Total,2,Con seguimiento especial / riesgo bajo,25211,25981054.0,1030.5,4.80,5.68,25211
202604,70147,CENCOSUD S.A.,No Financiero,Total,3,Con problemas / riesgo medio,28373,39485930.0,1391.7,5.41,8.64,28373
202604,70147,CENCOSUD S.A.,No Financiero,Total,4,Con alto riesgo de insolvencia / riesgo alto,44133,63437427.0,1437.4,8.41,13.87,44133
202604,70147,CENCOSUD S.A.,No Financiero,Total,5,Irrecuperable,24846,23115424.0,930.3,4.73,5.06,24846
202604,70154,TELEPEAJE S.A.,No Financiero,Empresas,1,Situacion normal,39,18215.0,467.1,13.18,26.83,39
202604,70154,TELEPEAJE S.A.,No Financiero,Empresas,2,Con seguimiento especial / riesgo bajo,14,2753.0,196.6,4.73,4.06,14
202604,70154,TELEPEAJE S.A.,No Financiero,Empresas,3,Con problemas / riesgo medio,42,9380.0,223.3,14.19,13.82,42
202604,70154,TELEPEAJE S.A.,No Financiero,Empresas,4,Con alto riesgo de insolvencia / riesgo alto,76,13027.0,171.4,25.68,19.19,76
202604,70154,TELEPEAJE S.A.,No Financiero,Empresas,5,Irrecuperable,125,24503.0,196.0,42.23,36.10,125
202604,70154,TELEPEAJE S.A.,No Financiero,Familias,1,Situacion normal,142,22737.0,160.1,5.93,11.04,142
202604,70154,TELEPEAJE S.A.,No Financiero,Familias,2,Con seguimiento especial / riesgo bajo,44,6679.0,151.8,1.84,3.24,44
202604,70154,TELEPEAJE S.A.,No Financiero,Familias,3,Con problemas / riesgo medio,356,31536.0,88.6,14.87,15.31,356
202604,70154,TELEPEAJE S.A.,No Financiero,Familias,4,Con alto riesgo de insolvencia / riesgo alto,671,54717.0,81.5,28.03,26.56,671
202604,70154,TELEPEAJE S.A.,No Financiero,Familias,5,Irrecuperable,1181,90374.0,76.5,49.33,43.86,1181
202604,70154,TELEPEAJE S.A.,No Financiero,Total,1,Situacion normal,181,40952.0,226.3,6.73,14.95,181
202604,70154,TELEPEAJE S.A.,No Financiero,Total,2,Con seguimiento especial / riesgo bajo,58,9432.0,162.6,2.16,3.44,58
202604,70154,TELEPEAJE S.A.,No Financiero,Total,3,Con problemas / riesgo medio,398,40916.0,102.8,14.80,14.94,398
202604,70154,TELEPEAJE S.A.,No Financiero,Total,4,Con alto riesgo de insolvencia / riesgo alto,747,67744.0,90.7,27.77,24.73,747
202604,70154,TELEPEAJE S.A.,No Financiero,Total,5,Irrecuperable,1306,114877.0,88.0,48.55,41.94,1306
202604,70166,PRESTAMAS S.A.,No Financiero,Empresas,1,Situacion normal,1,185500.0,185500.0,100.00,100.00,1
202604,70166,PRESTAMAS S.A.,No Financiero,Familias,1,Situacion normal,36,23892.0,663.7,20.81,29.33,36
202604,70166,PRESTAMAS S.A.,No Financiero,Familias,2,Con seguimiento especial / riesgo bajo,7,6945.0,992.1,4.05,8.53,7
202604,70166,PRESTAMAS S.A.,No Financiero,Familias,3,Con problemas / riesgo medio,11,13847.0,1258.8,6.36,17.00,11
202604,70166,PRESTAMAS S.A.,No Financiero,Familias,4,Con alto riesgo de insolvencia / riesgo alto,18,14919.0,828.8,10.40,18.32,18
202604,70166,PRESTAMAS S.A.,No Financiero,Familias,5,Irrecuperable,101,21846.0,216.3,58.38,26.82,101
202604,70166,PRESTAMAS S.A.,No Financiero,Total,1,Situacion normal,37,209392.0,5659.2,21.26,78.44,37
202604,70166,PRESTAMAS S.A.,No Financiero,Total,2,Con seguimiento especial / riesgo bajo,7,6945.0,992.1,4.02,2.60,7
202604,70166,PRESTAMAS S.A.,No Financiero,Total,3,Con problemas / riesgo medio,11,13847.0,1258.8,6.32,5.19,11
202604,70166,PRESTAMAS S.A.,No Financiero,Total,4,Con alto riesgo de insolvencia / riesgo alto,18,14919.0,828.8,10.34,5.59,18
202604,70166,PRESTAMAS S.A.,No Financiero,Total,5,Irrecuperable,101,21846.0,216.3,58.05,8.18,101
202604,70168,Findi S.A.,No Financiero,Familias,1,Situacion normal,44,22874.0,519.9,40.00,35.09,44
202604,70168,Findi S.A.,No Financiero,Familias,2,Con seguimiento especial / riesgo bajo,62,38363.0,618.8,56.36,58.86,62
202604,70168,Findi S.A.,No Financiero,Familias,3,Con problemas / riesgo medio,4,3943.0,985.8,3.64,6.05,4
202604,70168,Findi S.A.,No Financiero,Total,1,Situacion normal,44,22874.0,519.9,40.00,35.09,44
202604,70168,Findi S.A.,No Financiero,Total,2,Con seguimiento especial / riesgo bajo,62,38363.0,618.8,56.36,58.86,62
202604,70168,Findi S.A.,No Financiero,Total,3,Con problemas / riesgo medio,4,3943.0,985.8,3.64,6.05,4
202604,70210,ITALCRED S.A.,No Financiero,Familias,1,Situacion normal,92,31330.0,340.5,2.95,0.67,92
202604,70210,ITALCRED S.A.,No Financiero,Familias,2,Con seguimiento especial / riesgo bajo,73,31839.0,436.2,2.34,0.68,73
202604,70210,ITALCRED S.A.,No Financiero,Familias,3,Con problemas / riesgo medio,99,54866.0,554.2,3.17,1.18,99
202604,70210,ITALCRED S.A.,No Financiero,Familias,4,Con alto riesgo de insolvencia / riesgo alto,278,310320.0,1116.3,8.91,6.66,278
202604,70210,ITALCRED S.A.,No Financiero,Familias,5,Irrecuperable,2578,4231270.0,1641.3,82.63,90.81,2578
202604,70210,ITALCRED S.A.,No Financiero,Total,1,Situacion normal,92,31330.0,340.5,2.95,0.67,92
202604,70210,ITALCRED S.A.,No Financiero,Total,2,Con seguimiento especial / riesgo bajo,73,31839.0,436.2,2.34,0.68,73
202604,70210,ITALCRED S.A.,No Financiero,Total,3,Con problemas / riesgo medio,99,54866.0,554.2,3.17,1.18,99
202604,70210,ITALCRED S.A.,No Financiero,Total,4,Con alto riesgo de insolvencia / riesgo alto,278,310320.0,1116.3,8.91,6.66,278
202604,70210,ITALCRED S.A.,No Financiero,Total,5,Irrecuperable,2578,4231270.0,1641.3,82.63,90.81,2578
202604,70212,CREDI-PAZ S.A.,No Financiero,Familias,1,Situacion normal,11970,7595651.0,634.6,48.89,37.80,11970
202604,70212,CREDI-PAZ S.A.,No Financiero,Familias,2,Con seguimiento especial / riesgo bajo,1965,1925501.0,979.9,8.03,9.58,1965
202604,70212,CREDI-PAZ S.A.,No Financiero,Familias,3,Con problemas / riesgo medio,1392,1576954.0,1132.9,5.69,7.85,1392
202604,70212,CREDI-PAZ S.A.,No Financiero,Familias,4,Con alto riesgo de insolvencia / riesgo alto,2169,2912073.0,1342.6,8.86,14.49,2169
202604,70212,CREDI-PAZ S.A.,No Financiero,Familias,5,Irrecuperable,6987,6084730.0,870.9,28.54,30.28,6987
202604,70212,CREDI-PAZ S.A.,No Financiero,Total,1,Situacion normal,11970,7595651.0,634.6,48.89,37.80,11970
202604,70212,CREDI-PAZ S.A.,No Financiero,Total,2,Con seguimiento especial / riesgo bajo,1965,1925501.0,979.9,8.03,9.58,1965
202604,70212,CREDI-PAZ S.A.,No Financiero,Total,3,Con problemas / riesgo medio,1392,1576954.0,1132.9,5.69,7.85,1392
202604,70212,CREDI-PAZ S.A.,No Financiero,Total,4,Con alto riesgo de insolvencia / riesgo alto,2169,2912073.0,1342.6,8.86,14.49,2169
202604,70212,CREDI-PAZ S.A.,No Financiero,Total,5,Irrecuperable,6987,6084730.0,870.9,28.54,30.28,6987
202604,70224,TARJETAS DEL MAR S.A.,No Financiero,Familias,1,Situacion normal,139477,103820256.0,744.4,70.69,65.09,139477
202604,70224,TARJETAS DEL MAR S.A.,No Financiero,Familias,2,Con seguimiento especial / riesgo bajo,11626,12424827.0,1068.7,5.89,7.79,11626
202604,70224,TARJETAS DEL MAR S.A.,No Financiero,Familias,3,Con problemas / riesgo medio,12345,14904654.0,1207.3,6.26,9.34,12345
202604,70224,TARJETAS DEL MAR S.A.,No Financiero,Familias,4,Con alto riesgo de insolvencia / riesgo alto,15213,18060489.0,1187.2,7.71,11.32,15213
202604,70224,TARJETAS DEL MAR S.A.,No Financiero,Familias,5,Irrecuperable,18656,10294636.0,551.8,9.45,6.45,18656
202604,70224,TARJETAS DEL MAR S.A.,No Financiero,Total,1,Situacion normal,139477,103820256.0,744.4,70.69,65.09,139477
202604,70224,TARJETAS DEL MAR S.A.,No Financiero,Total,2,Con seguimiento especial / riesgo bajo,11626,12424827.0,1068.7,5.89,7.79,11626
202604,70224,TARJETAS DEL MAR S.A.,No Financiero,Total,3,Con problemas / riesgo medio,12345,14904654.0,1207.3,6.26,9.34,12345
202604,70224,TARJETAS DEL MAR S.A.,No Financiero,Total,4,Con alto riesgo de insolvencia / riesgo alto,15213,18060489.0,1187.2,7.71,11.32,15213
202604,70224,TARJETAS DEL MAR S.A.,No Financiero,Total,5,Irrecuperable,18656,10294636.0,551.8,9.45,6.45,18656
202604,70228,SANTA MONICA S.A.,No Financiero,Familias,1,Situacion normal,34824,17893795.0,513.8,66.72,59.68,34824
202604,70228,SANTA MONICA S.A.,No Financiero,Familias,2,Con seguimiento especial / riesgo bajo,1028,886339.0,862.2,1.97,2.96,1028
202604,70228,SANTA MONICA S.A.,No Financiero,Familias,3,Con problemas / riesgo medio,753,764205.0,1014.9,1.44,2.55,753
202604,70228,SANTA MONICA S.A.,No Financiero,Familias,4,Con alto riesgo de insolvencia / riesgo alto,1001,1237769.0,1236.5,1.92,4.13,1001
202604,70228,SANTA MONICA S.A.,No Financiero,Familias,5,Irrecuperable,14591,9201991.0,630.7,27.95,30.69,14591
202604,70228,SANTA MONICA S.A.,No Financiero,Total,1,Situacion normal,34824,17893795.0,513.8,66.72,59.68,34824
202604,70228,SANTA MONICA S.A.,No Financiero,Total,2,Con seguimiento especial / riesgo bajo,1028,886339.0,862.2,1.97,2.96,1028
202604,70228,SANTA MONICA S.A.,No Financiero,Total,3,Con problemas / riesgo medio,753,764205.0,1014.9,1.44,2.55,753
202604,70228,SANTA MONICA S.A.,No Financiero,Total,4,Con alto riesgo de insolvencia / riesgo alto,1001,1237769.0,1236.5,1.92,4.13,1001
202604,70228,SANTA MONICA S.A.,No Financiero,Total,5,Irrecuperable,14591,9201991.0,630.7,27.95,30.69,14591
202604,70229,CONTAR S.A.,No Financiero,Familias,1,Situacion normal,2432,677016.0,278.4,49.47,31.58,2432
202604,70229,CONTAR S.A.,No Financiero,Familias,2,Con seguimiento especial / riesgo bajo,175,115700.0,661.1,3.56,5.40,175
202604,70229,CONTAR S.A.,No Financiero,Familias,3,Con problemas / riesgo medio,288,214126.0,743.5,5.86,9.99,288
202604,70229,CONTAR S.A.,No Financiero,Familias,4,Con alto riesgo de insolvencia / riesgo alto,46,35146.0,764.0,0.94,1.64,46
202604,70229,CONTAR S.A.,No Financiero,Familias,5,Irrecuperable,1975,1101652.0,557.8,40.17,51.39,1975
202604,70229,CONTAR S.A.,No Financiero,Total,1,Situacion normal,2432,677016.0,278.4,49.47,31.58,2432
202604,70229,CONTAR S.A.,No Financiero,Total,2,Con seguimiento especial / riesgo bajo,175,115700.0,661.1,3.56,5.40,175
202604,70229,CONTAR S.A.,No Financiero,Total,3,Con problemas / riesgo medio,288,214126.0,743.5,5.86,9.99,288
202604,70229,CONTAR S.A.,No Financiero,Total,4,Con alto riesgo de insolvencia / riesgo alto,46,35146.0,764.0,0.94,1.64,46
202604,70229,CONTAR S.A.,No Financiero,Total,5,Irrecuperable,1975,1101652.0,557.8,40.17,51.39,1975
202604,70231,MUTUAL DE ASOC Y ADHER CLUB SPORTS SALTO,No Financiero,Familias,1,Situacion normal,64,14514.0,226.8,90.14,87.29,64
202604,70231,MUTUAL DE ASOC Y ADHER CLUB SPORTS SALTO,No Financiero,Familias,2,Con seguimiento especial / riesgo bajo,5,1653.0,330.6,7.04,9.94,5
202604,70231,MUTUAL DE ASOC Y ADHER CLUB SPORTS SALTO,No Financiero,Familias,3,Con problemas / riesgo medio,1,240.0,240.0,1.41,1.44,1
202604,70231,MUTUAL DE ASOC Y ADHER CLUB SPORTS SALTO,No Financiero,Familias,5,Irrecuperable,1,221.0,221.0,1.41,1.33,1
202604,70231,MUTUAL DE ASOC Y ADHER CLUB SPORTS SALTO,No Financiero,Total,1,Situacion normal,64,14514.0,226.8,90.14,87.29,64
202604,70231,MUTUAL DE ASOC Y ADHER CLUB SPORTS SALTO,No Financiero,Total,2,Con seguimiento especial / riesgo bajo,5,1653.0,330.6,7.04,9.94,5
202604,70231,MUTUAL DE ASOC Y ADHER CLUB SPORTS SALTO,No Financiero,Total,3,Con problemas / riesgo medio,1,240.0,240.0,1.41,1.44,1
202604,70231,MUTUAL DE ASOC Y ADHER CLUB SPORTS SALTO,No Financiero,Total,5,Irrecuperable,1,221.0,221.0,1.41,1.33,1
202604,70234,NUEVA CARD S.A.,No Financiero,Empresas,1,Situacion normal,41,62860.0,1533.2,91.11,87.12,41
202604,70234,NUEVA CARD S.A.,No Financiero,Empresas,3,Con problemas / riesgo medio,3,8131.0,2710.3,6.67,11.27,3
202604,70234,NUEVA CARD S.A.,No Financiero,Empresas,5,Irrecuperable,1,1165.0,1165.0,2.22,1.61,1
202604,70234,NUEVA CARD S.A.,No Financiero,Familias,1,Situacion normal,84478,53693368.0,635.6,90.44,89.60,84478
202604,70234,NUEVA CARD S.A.,No Financiero,Familias,2,Con seguimiento especial / riesgo bajo,2762,2254466.0,816.2,2.96,3.76,2762
202604,70234,NUEVA CARD S.A.,No Financiero,Familias,3,Con problemas / riesgo medio,1576,1373390.0,871.4,1.69,2.29,1576
202604,70234,NUEVA CARD S.A.,No Financiero,Familias,4,Con alto riesgo de insolvencia / riesgo alto,1853,1532915.0,827.3,1.98,2.56,1853
202604,70234,NUEVA CARD S.A.,No Financiero,Familias,5,Irrecuperable,2743,1069149.0,389.8,2.94,1.78,2743
202604,70234,NUEVA CARD S.A.,No Financiero,Total,1,Situacion normal,84519,53756228.0,636.0,90.44,89.60,84519
202604,70234,NUEVA CARD S.A.,No Financiero,Total,2,Con seguimiento especial / riesgo bajo,2762,2254466.0,816.2,2.96,3.76,2762
202604,70234,NUEVA CARD S.A.,No Financiero,Total,3,Con problemas / riesgo medio,1579,1381521.0,874.9,1.69,2.30,1579
202604,70234,NUEVA CARD S.A.,No Financiero,Total,4,Con alto riesgo de insolvencia / riesgo alto,1853,1532915.0,827.3,1.98,2.56,1853
202604,70234,NUEVA CARD S.A.,No Financiero,Total,5,Irrecuperable,2744,1070314.0,390.1,2.94,1.78,2744
202604,70239,FERTIL FINANZAS S.A.,No Financiero,Familias,1,Situacion normal,24924,7999297.0,320.9,69.15,62.95,24924
202604,70239,FERTIL FINANZAS S.A.,No Financiero,Familias,2,Con seguimiento especial / riesgo bajo,1101,513176.0,466.1,3.05,4.04,1101
202604,70239,FERTIL FINANZAS S.A.,No Financiero,Familias,3,Con problemas / riesgo medio,120,91235.0,760.3,0.33,0.72,120
202604,70239,FERTIL FINANZAS S.A.,No Financiero,Familias,4,Con alto riesgo de insolvencia / riesgo alto,3583,2350046.0,655.9,9.94,18.49,3583
202604,70239,FERTIL FINANZAS S.A.,No Financiero,Familias,5,Irrecuperable,6315,1752698.0,277.5,17.52,13.79,6315
202604,70239,FERTIL FINANZAS S.A.,No Financiero,Total,1,Situacion normal,24924,7999297.0,320.9,69.15,62.95,24924
202604,70239,FERTIL FINANZAS S.A.,No Financiero,Total,2,Con seguimiento especial / riesgo bajo,1101,513176.0,466.1,3.05,4.04,1101
202604,70239,FERTIL FINANZAS S.A.,No Financiero,Total,3,Con problemas / riesgo medio,120,91235.0,760.3,0.33,0.72,120
202604,70239,FERTIL FINANZAS S.A.,No Financiero,Total,4,Con alto riesgo de insolvencia / riesgo alto,3583,2350046.0,655.9,9.94,18.49,3583
202604,70239,FERTIL FINANZAS S.A.,No Financiero,Total,5,Irrecuperable,6315,1752698.0,277.5,17.52,13.79,6315
202604,70248,FAVACARD S.A,No Financiero,Familias,1,Situacion normal,58798,40244697.0,684.5,62.94,66.22,58798
202604,70248,FAVACARD S.A,No Financiero,Familias,2,Con seguimiento especial / riesgo bajo,5194,3652205.0,703.2,5.56,6.01,5194
202604,70248,FAVACARD S.A,No Financiero,Familias,3,Con problemas / riesgo medio,4413,3709746.0,840.6,4.72,6.10,4413
202604,70248,FAVACARD S.A,No Financiero,Familias,4,Con alto riesgo de insolvencia / riesgo alto,8182,6604553.0,807.2,8.76,10.87,8182
202604,70248,FAVACARD S.A,No Financiero,Familias,5,Irrecuperable,16837,6559661.0,389.6,18.02,10.79,16837
202604,70248,FAVACARD S.A,No Financiero,Total,1,Situacion normal,58798,40244697.0,684.5,62.94,66.22,58798
202604,70248,FAVACARD S.A,No Financiero,Total,2,Con seguimiento especial / riesgo bajo,5194,3652205.0,703.2,5.56,6.01,5194
202604,70248,FAVACARD S.A,No Financiero,Total,3,Con problemas / riesgo medio,4413,3709746.0,840.6,4.72,6.10,4413
202604,70248,FAVACARD S.A,No Financiero,Total,4,Con alto riesgo de insolvencia / riesgo alto,8182,6604553.0,807.2,8.76,10.87,8182
202604,70248,FAVACARD S.A,No Financiero,Total,5,Irrecuperable,16837,6559661.0,389.6,18.02,10.79,16837
202604,70252,JUCARD JUNIN S.R.L.,No Financiero,Familias,1,Situacion normal,1692,430597.0,254.5,81.35,75.88,1692
202604,70252,JUCARD JUNIN S.R.L.,No Financiero,Familias,2,Con seguimiento especial / riesgo bajo,16,5544.0,346.5,0.77,0.98,16
202604,70252,JUCARD JUNIN S.R.L.,No Financiero,Familias,3,Con problemas / riesgo medio,91,41626.0,457.4,4.38,7.34,91
202604,70252,JUCARD JUNIN S.R.L.,No Financiero,Familias,4,Con alto riesgo de insolvencia / riesgo alto,78,42896.0,549.9,3.75,7.56,78
202604,70252,JUCARD JUNIN S.R.L.,No Financiero,Familias,5,Irrecuperable,203,46778.0,230.4,9.76,8.24,203
202604,70252,JUCARD JUNIN S.R.L.,No Financiero,Total,1,Situacion normal,1692,430597.0,254.5,81.35,75.88,1692
202604,70252,JUCARD JUNIN S.R.L.,No Financiero,Total,2,Con seguimiento especial / riesgo bajo,16,5544.0,346.5,0.77,0.98,16
202604,70252,JUCARD JUNIN S.R.L.,No Financiero,Total,3,Con problemas / riesgo medio,91,41626.0,457.4,4.38,7.34,91
202604,70252,JUCARD JUNIN S.R.L.,No Financiero,Total,4,Con alto riesgo de insolvencia / riesgo alto,78,42896.0,549.9,3.75,7.56,78
202604,70252,JUCARD JUNIN S.R.L.,No Financiero,Total,5,Irrecuperable,203,46778.0,230.4,9.76,8.24,203
202604,70256,EUROCRED S.A.,No Financiero,Familias,1,Situacion normal,172,32195.0,187.2,64.91,65.51,172
202604,70256,EUROCRED S.A.,No Financiero,Familias,2,Con seguimiento especial / riesgo bajo,9,1381.0,153.4,3.40,2.81,9
202604,70256,EUROCRED S.A.,No Financiero,Familias,3,Con problemas / riesgo medio,3,855.0,285.0,1.13,1.74,3
202604,70256,EUROCRED S.A.,No Financiero,Familias,4,Con alto riesgo de insolvencia / riesgo alto,81,14715.0,181.7,30.57,29.94,81
202604,70256,EUROCRED S.A.,No Financiero,Total,1,Situacion normal,172,32195.0,187.2,64.91,65.51,172
202604,70256,EUROCRED S.A.,No Financiero,Total,2,Con seguimiento especial / riesgo bajo,9,1381.0,153.4,3.40,2.81,9
202604,70256,EUROCRED S.A.,No Financiero,Total,3,Con problemas / riesgo medio,3,855.0,285.0,1.13,1.74,3
202604,70256,EUROCRED S.A.,No Financiero,Total,4,Con alto riesgo de insolvencia / riesgo alto,81,14715.0,181.7,30.57,29.94,81
202604,70257,TARTAN S.A.,No Financiero,Familias,1,Situacion normal,146,31607.0,216.5,20.51,14.49,146
202604,70257,TARTAN S.A.,No Financiero,Familias,2,Con seguimiento especial / riesgo bajo,7,3467.0,495.3,0.98,1.59,7
202604,70257,TARTAN S.A.,No Financiero,Familias,3,Con problemas / riesgo medio,17,8065.0,474.4,2.39,3.70,17
202604,70257,TARTAN S.A.,No Financiero,Familias,4,Con alto riesgo de insolvencia / riesgo alto,2,1790.0,895.0,0.28,0.82,2
202604,70257,TARTAN S.A.,No Financiero,Familias,5,Irrecuperable,540,173160.0,320.7,75.84,79.40,540
202604,70257,TARTAN S.A.,No Financiero,Total,1,Situacion normal,146,31607.0,216.5,20.51,14.49,146
202604,70257,TARTAN S.A.,No Financiero,Total,2,Con seguimiento especial / riesgo bajo,7,3467.0,495.3,0.98,1.59,7
202604,70257,TARTAN S.A.,No Financiero,Total,3,Con problemas / riesgo medio,17,8065.0,474.4,2.39,3.70,17
202604,70257,TARTAN S.A.,No Financiero,Total,4,Con alto riesgo de insolvencia / riesgo alto,2,1790.0,895.0,0.28,0.82,2
202604,70257,TARTAN S.A.,No Financiero,Total,5,Irrecuperable,540,173160.0,320.7,75.84,79.40,540
202604,70268,Asociación Mutual 20 de Julio,No Financiero,Familias,1,Situacion normal,97,36182.0,373.0,100.00,100.00,97
202604,70268,Asociación Mutual 20 de Julio,No Financiero,Total,1,Situacion normal,97,36182.0,373.0,100.00,100.00,97
202604,70269,"Credinos Cooperativa de Vivienda, Crédito, Consumo, Servicios Asistenc",No Financiero,Familias,1,Situacion normal,568,375071.0,660.3,40.51,62.10,568
202604,70269,"Credinos Cooperativa de Vivienda, Crédito, Consumo, Servicios Asistenc",No Financiero,Familias,2,Con seguimiento especial / riesgo bajo,52,27349.0,525.9,3.71,4.53,52
202604,70269,"Credinos Cooperativa de Vivienda, Crédito, Consumo, Servicios Asistenc",No Financiero,Familias,3,Con problemas / riesgo medio,38,18335.0,482.5,2.71,3.04,38
202604,70269,"Credinos Cooperativa de Vivienda, Crédito, Consumo, Servicios Asistenc",No Financiero,Familias,4,Con alto riesgo de insolvencia / riesgo alto,65,26822.0,412.6,4.64,4.44,65
202604,70269,"Credinos Cooperativa de Vivienda, Crédito, Consumo, Servicios Asistenc",No Financiero,Familias,5,Irrecuperable,679,156373.0,230.3,48.43,25.89,679
202604,70269,"Credinos Cooperativa de Vivienda, Crédito, Consumo, Servicios Asistenc",No Financiero,Total,1,Situacion normal,568,375071.0,660.3,40.51,62.10,568
202604,70269,"Credinos Cooperativa de Vivienda, Crédito, Consumo, Servicios Asistenc",No Financiero,Total,2,Con seguimiento especial / riesgo bajo,52,27349.0,525.9,3.71,4.53,52
202604,70269,"Credinos Cooperativa de Vivienda, Crédito, Consumo, Servicios Asistenc",No Financiero,Total,3,Con problemas / riesgo medio,38,18335.0,482.5,2.71,3.04,38
202604,70269,"Credinos Cooperativa de Vivienda, Crédito, Consumo, Servicios Asistenc",No Financiero,Total,4,Con alto riesgo de insolvencia / riesgo alto,65,26822.0,412.6,4.64,4.44,65
202604,70269,"Credinos Cooperativa de Vivienda, Crédito, Consumo, Servicios Asistenc",No Financiero,Total,5,Irrecuperable,679,156373.0,230.3,48.43,25.89,679
202604,70270,Asociación Mutual Club Social Deportivo Ascensión,No Financiero,Familias,1,Situacion normal,1037,510492.0,492.3,66.30,64.98,1037
202604,70270,Asociación Mutual Club Social Deportivo Ascensión,No Financiero,Familias,2,Con seguimiento especial / riesgo bajo,79,45271.0,573.1,5.05,5.76,79
202604,70270,Asociación Mutual Club Social Deportivo Ascensión,No Financiero,Familias,3,Con problemas / riesgo medio,83,59011.0,711.0,5.31,7.51,83
202604,70270,Asociación Mutual Club Social Deportivo Ascensión,No Financiero,Familias,4,Con alto riesgo de insolvencia / riesgo alto,94,64433.0,685.5,6.01,8.20,94
202604,70270,Asociación Mutual Club Social Deportivo Ascensión,No Financiero,Familias,5,Irrecuperable,271,106362.0,392.5,17.33,13.54,271
202604,70270,Asociación Mutual Club Social Deportivo Ascensión,No Financiero,Total,1,Situacion normal,1037,510492.0,492.3,66.30,64.98,1037
202604,70270,Asociación Mutual Club Social Deportivo Ascensión,No Financiero,Total,2,Con seguimiento especial / riesgo bajo,79,45271.0,573.1,5.05,5.76,79
202604,70270,Asociación Mutual Club Social Deportivo Ascensión,No Financiero,Total,3,Con problemas / riesgo medio,83,59011.0,711.0,5.31,7.51,83
202604,70270,Asociación Mutual Club Social Deportivo Ascensión,No Financiero,Total,4,Con alto riesgo de insolvencia / riesgo alto,94,64433.0,685.5,6.01,8.20,94
202604,70270,Asociación Mutual Club Social Deportivo Ascensión,No Financiero,Total,5,Irrecuperable,271,106362.0,392.5,17.33,13.54,271
202604,70301,Tarjeta Pampeana S.A,No Financiero,Familias,1,Situacion normal,6594,3503405.0,531.3,76.74,63.85,6594
202604,70301,Tarjeta Pampeana S.A,No Financiero,Familias,2,Con seguimiento especial / riesgo bajo,497,313092.0,630.0,5.78,5.71,497
202604,70301,Tarjeta Pampeana S.A,No Financiero,Familias,3,Con problemas / riesgo medio,342,287739.0,841.3,3.98,5.24,342
202604,70301,Tarjeta Pampeana S.A,No Financiero,Familias,4,Con alto riesgo de insolvencia / riesgo alto,385,446276.0,1159.2,4.48,8.13,385
202604,70301,Tarjeta Pampeana S.A,No Financiero,Familias,5,Irrecuperable,775,936289.0,1208.1,9.02,17.06,775
202604,70301,Tarjeta Pampeana S.A,No Financiero,Total,1,Situacion normal,6594,3503405.0,531.3,76.74,63.85,6594
202604,70301,Tarjeta Pampeana S.A,No Financiero,Total,2,Con seguimiento especial / riesgo bajo,497,313092.0,630.0,5.78,5.71,497
202604,70301,Tarjeta Pampeana S.A,No Financiero,Total,3,Con problemas / riesgo medio,342,287739.0,841.3,3.98,5.24,342
202604,70301,Tarjeta Pampeana S.A,No Financiero,Total,4,Con alto riesgo de insolvencia / riesgo alto,385,446276.0,1159.2,4.48,8.13,385
202604,70301,Tarjeta Pampeana S.A,No Financiero,Total,5,Irrecuperable,775,936289.0,1208.1,9.02,17.06,775
202604,70407,TALOR SOCIEDAD COLECTIVA,No Financiero,Empresas,1,Situacion normal,2,4472.0,2236.0,100.00,100.00,2
202604,70407,TALOR SOCIEDAD COLECTIVA,No Financiero,Familias,1,Situacion normal,4338,2992279.0,689.8,97.90,97.78,4338
202604,70407,TALOR SOCIEDAD COLECTIVA,No Financiero,Familias,2,Con seguimiento especial / riesgo bajo,56,34573.0,617.4,1.26,1.13,56
202604,70407,TALOR SOCIEDAD COLECTIVA,No Financiero,Familias,3,Con problemas / riesgo medio,18,21764.0,1209.1,0.41,0.71,18
202604,70407,TALOR SOCIEDAD COLECTIVA,No Financiero,Familias,4,Con alto riesgo de insolvencia / riesgo alto,9,4016.0,446.2,0.20,0.13,9
202604,70407,TALOR SOCIEDAD COLECTIVA,No Financiero,Familias,5,Irrecuperable,10,7587.0,758.7,0.23,0.25,10
202604,70407,TALOR SOCIEDAD COLECTIVA,No Financiero,Total,1,Situacion normal,4340,2996751.0,690.5,97.90,97.78,4340
202604,70407,TALOR SOCIEDAD COLECTIVA,No Financiero,Total,2,Con seguimiento especial / riesgo bajo,56,34573.0,617.4,1.26,1.13,56
202604,70407,TALOR SOCIEDAD COLECTIVA,No Financiero,Total,3,Con problemas / riesgo medio,18,21764.0,1209.1,0.41,0.71,18
202604,70407,TALOR SOCIEDAD COLECTIVA,No Financiero,Total,4,Con alto riesgo de insolvencia / riesgo alto,9,4016.0,446.2,0.20,0.13,9
202604,70407,TALOR SOCIEDAD COLECTIVA,No Financiero,Total,5,Irrecuperable,10,7587.0,758.7,0.23,0.25,10
202604,70408,TARJETA NARANJA S.A.U.,No Financiero,Familias,1,Situacion normal,3098361,3545288117.0,1144.2,71.67,71.24,3098361
202604,70408,TARJETA NARANJA S.A.U.,No Financiero,Familias,2,Con seguimiento especial / riesgo bajo,195760,253409030.0,1294.5,4.53,5.09,195760
202604,70408,TARJETA NARANJA S.A.U.,No Financiero,Familias,3,Con problemas / riesgo medio,226572,311405714.0,1374.4,5.24,6.26,226572
202604,70408,TARJETA NARANJA S.A.U.,No Financiero,Familias,4,Con alto riesgo de insolvencia / riesgo alto,304843,373885980.0,1226.5,7.05,7.51,304843
202604,70408,TARJETA NARANJA S.A.U.,No Financiero,Familias,5,Irrecuperable,497678,492740884.0,990.1,11.51,9.90,497678
202604,70408,TARJETA NARANJA S.A.U.,No Financiero,Total,1,Situacion normal,3098361,3545288117.0,1144.2,71.67,71.24,3098361
202604,70408,TARJETA NARANJA S.A.U.,No Financiero,Total,2,Con seguimiento especial / riesgo bajo,195760,253409030.0,1294.5,4.53,5.09,195760
202604,70408,TARJETA NARANJA S.A.U.,No Financiero,Total,3,Con problemas / riesgo medio,226572,311405714.0,1374.4,5.24,6.26,226572
202604,70408,TARJETA NARANJA S.A.U.,No Financiero,Total,4,Con alto riesgo de insolvencia / riesgo alto,304843,373885980.0,1226.5,7.05,7.51,304843
202604,70408,TARJETA NARANJA S.A.U.,No Financiero,Total,5,Irrecuperable,497678,492740884.0,990.1,11.51,9.90,497678
202604,70411,TEVISAL S.A.,No Financiero,Familias,1,Situacion normal,263,129717.0,493.2,52.29,55.81,263
202604,70411,TEVISAL S.A.,No Financiero,Familias,2,Con seguimiento especial / riesgo bajo,26,21651.0,832.7,5.17,9.32,26
202604,70411,TEVISAL S.A.,No Financiero,Familias,3,Con problemas / riesgo medio,30,22797.0,759.9,5.96,9.81,30
202604,70411,TEVISAL S.A.,No Financiero,Familias,4,Con alto riesgo de insolvencia / riesgo alto,27,17852.0,661.2,5.37,7.68,27
202604,70411,TEVISAL S.A.,No Financiero,Familias,5,Irrecuperable,157,40389.0,257.3,31.21,17.38,157
202604,70411,TEVISAL S.A.,No Financiero,Total,1,Situacion normal,263,129717.0,493.2,52.29,55.81,263
202604,70411,TEVISAL S.A.,No Financiero,Total,2,Con seguimiento especial / riesgo bajo,26,21651.0,832.7,5.17,9.32,26
202604,70411,TEVISAL S.A.,No Financiero,Total,3,Con problemas / riesgo medio,30,22797.0,759.9,5.96,9.81,30
202604,70411,TEVISAL S.A.,No Financiero,Total,4,Con alto riesgo de insolvencia / riesgo alto,27,17852.0,661.2,5.37,7.68,27
202604,70411,TEVISAL S.A.,No Financiero,Total,5,Irrecuperable,157,40389.0,257.3,31.21,17.38,157
202604,70412,Zafiro S.A.,No Financiero,Familias,1,Situacion normal,1133,693427.0,612.0,73.33,74.65,1133
202604,70412,Zafiro S.A.,No Financiero,Familias,2,Con seguimiento especial / riesgo bajo,50,49699.0,994.0,3.24,5.35,50
202604,70412,Zafiro S.A.,No Financiero,Familias,3,Con problemas / riesgo medio,81,71527.0,883.0,5.24,7.70,81
202604,70412,Zafiro S.A.,No Financiero,Familias,4,Con alto riesgo de insolvencia / riesgo alto,75,50913.0,678.8,4.85,5.48,75
202604,70412,Zafiro S.A.,No Financiero,Familias,5,Irrecuperable,206,63294.0,307.3,13.33,6.81,206
202604,70412,Zafiro S.A.,No Financiero,Total,1,Situacion normal,1133,693427.0,612.0,73.33,74.65,1133
202604,70412,Zafiro S.A.,No Financiero,Total,2,Con seguimiento especial / riesgo bajo,50,49699.0,994.0,3.24,5.35,50
202604,70412,Zafiro S.A.,No Financiero,Total,3,Con problemas / riesgo medio,81,71527.0,883.0,5.24,7.70,81
202604,70412,Zafiro S.A.,No Financiero,Total,4,Con alto riesgo de insolvencia / riesgo alto,75,50913.0,678.8,4.85,5.48,75
202604,70412,Zafiro S.A.,No Financiero,Total,5,Irrecuperable,206,63294.0,307.3,13.33,6.81,206
202604,70413,VILLTER S.R.L.,No Financiero,Familias,1,Situacion normal,1243,624865.0,502.7,65.91,66.83,1243
202604,70413,VILLTER S.R.L.,No Financiero,Familias,2,Con seguimiento especial / riesgo bajo,55,48555.0,882.8,2.92,5.19,55
202604,70413,VILLTER S.R.L.,No Financiero,Familias,3,Con problemas / riesgo medio,89,85323.0,958.7,4.72,9.13,89
202604,70413,VILLTER S.R.L.,No Financiero,Familias,4,Con alto riesgo de insolvencia / riesgo alto,77,63511.0,824.8,4.08,6.79,77
202604,70413,VILLTER S.R.L.,No Financiero,Familias,5,Irrecuperable,422,112753.0,267.2,22.38,12.06,422
202604,70413,VILLTER S.R.L.,No Financiero,Total,1,Situacion normal,1243,624865.0,502.7,65.91,66.83,1243
202604,70413,VILLTER S.R.L.,No Financiero,Total,2,Con seguimiento especial / riesgo bajo,55,48555.0,882.8,2.92,5.19,55
202604,70413,VILLTER S.R.L.,No Financiero,Total,3,Con problemas / riesgo medio,89,85323.0,958.7,4.72,9.13,89
202604,70413,VILLTER S.R.L.,No Financiero,Total,4,Con alto riesgo de insolvencia / riesgo alto,77,63511.0,824.8,4.08,6.79,77
202604,70413,VILLTER S.R.L.,No Financiero,Total,5,Irrecuperable,422,112753.0,267.2,22.38,12.06,422
202604,70420,Corfa Servi S.R.L.,No Financiero,Empresas,1,Situacion normal,2,261.0,130.5,100.00,100.00,2
202604,70420,Corfa Servi S.R.L.,No Financiero,Familias,1,Situacion normal,788,434737.0,551.7,80.66,76.59,788
202604,70420,Corfa Servi S.R.L.,No Financiero,Familias,2,Con seguimiento especial / riesgo bajo,46,13802.0,300.0,4.71,2.43,46
202604,70420,Corfa Servi S.R.L.,No Financiero,Familias,3,Con problemas / riesgo medio,6,2595.0,432.5,0.61,0.46,6
202604,70420,Corfa Servi S.R.L.,No Financiero,Familias,4,Con alto riesgo de insolvencia / riesgo alto,27,30300.0,1122.2,2.76,5.34,27
202604,70420,Corfa Servi S.R.L.,No Financiero,Familias,5,Irrecuperable,110,86204.0,783.7,11.26,15.19,110
202604,70420,Corfa Servi S.R.L.,No Financiero,Total,1,Situacion normal,790,434998.0,550.6,80.69,76.60,790
202604,70420,Corfa Servi S.R.L.,No Financiero,Total,2,Con seguimiento especial / riesgo bajo,46,13802.0,300.0,4.70,2.43,46
202604,70420,Corfa Servi S.R.L.,No Financiero,Total,3,Con problemas / riesgo medio,6,2595.0,432.5,0.61,0.46,6
202604,70420,Corfa Servi S.R.L.,No Financiero,Total,4,Con alto riesgo de insolvencia / riesgo alto,27,30300.0,1122.2,2.76,5.34,27
202604,70420,Corfa Servi S.R.L.,No Financiero,Total,5,Irrecuperable,110,86204.0,783.7,11.24,15.18,110
202604,70421,MUTUAL COYSPU,No Financiero,Empresas,1,Situacion normal,5,94164.0,18832.8,55.56,57.04,5
202604,70421,MUTUAL COYSPU,No Financiero,Empresas,3,Con problemas / riesgo medio,3,66381.0,22127.0,33.33,40.21,3
202604,70421,MUTUAL COYSPU,No Financiero,Empresas,4,Con alto riesgo de insolvencia / riesgo alto,1,4535.0,4535.0,11.11,2.75,1
202604,70421,MUTUAL COYSPU,No Financiero,Familias,1,Situacion normal,2435,2360656.0,969.5,85.50,78.42,2435
202604,70421,MUTUAL COYSPU,No Financiero,Familias,2,Con seguimiento especial / riesgo bajo,137,204181.0,1490.4,4.81,6.78,137
202604,70421,MUTUAL COYSPU,No Financiero,Familias,3,Con problemas / riesgo medio,97,209927.0,2164.2,3.41,6.97,97
202604,70421,MUTUAL COYSPU,No Financiero,Familias,4,Con alto riesgo de insolvencia / riesgo alto,79,136930.0,1733.3,2.77,4.55,79
202604,70421,MUTUAL COYSPU,No Financiero,Familias,5,Irrecuperable,100,98453.0,984.5,3.51,3.27,100
202604,70421,MUTUAL COYSPU,No Financiero,Total,1,Situacion normal,2440,2454820.0,1006.1,85.40,77.31,2440
202604,70421,MUTUAL COYSPU,No Financiero,Total,2,Con seguimiento especial / riesgo bajo,137,204181.0,1490.4,4.80,6.43,137
202604,70421,MUTUAL COYSPU,No Financiero,Total,3,Con problemas / riesgo medio,100,276308.0,2763.1,3.50,8.70,100
202604,70421,MUTUAL COYSPU,No Financiero,Total,4,Con alto riesgo de insolvencia / riesgo alto,80,141465.0,1768.3,2.80,4.46,80
202604,70421,MUTUAL COYSPU,No Financiero,Total,5,Irrecuperable,100,98453.0,984.5,3.50,3.10,100
202604,70424,Tarjeta PL S.A.,No Financiero,Familias,1,Situacion normal,2328,1542805.0,662.7,83.08,87.67,2328
202604,70424,Tarjeta PL S.A.,No Financiero,Familias,2,Con seguimiento especial / riesgo bajo,53,36509.0,688.8,1.89,2.07,53
202604,70424,Tarjeta PL S.A.,No Financiero,Familias,3,Con problemas / riesgo medio,144,98081.0,681.1,5.14,5.57,144
202604,70424,Tarjeta PL S.A.,No Financiero,Familias,4,Con alto riesgo de insolvencia / riesgo alto,75,59260.0,790.1,2.68,3.37,75
202604,70424,Tarjeta PL S.A.,No Financiero,Familias,5,Irrecuperable,202,23041.0,114.1,7.21,1.31,202
202604,70424,Tarjeta PL S.A.,No Financiero,Total,1,Situacion normal,2328,1542805.0,662.7,83.08,87.67,2328
202604,70424,Tarjeta PL S.A.,No Financiero,Total,2,Con seguimiento especial / riesgo bajo,53,36509.0,688.8,1.89,2.07,53
202604,70424,Tarjeta PL S.A.,No Financiero,Total,3,Con problemas / riesgo medio,144,98081.0,681.1,5.14,5.57,144
202604,70424,Tarjeta PL S.A.,No Financiero,Total,4,Con alto riesgo de insolvencia / riesgo alto,75,59260.0,790.1,2.68,3.37,75
202604,70424,Tarjeta PL S.A.,No Financiero,Total,5,Irrecuperable,202,23041.0,114.1,7.21,1.31,202
202604,70429,MUTUAL DE LAS COMUNIDADES,No Financiero,Empresas,1,Situacion normal,18,676833.0,37601.8,81.82,81.50,18
202604,70429,MUTUAL DE LAS COMUNIDADES,No Financiero,Empresas,3,Con problemas / riesgo medio,1,9850.0,9850.0,4.55,1.19,1
202604,70429,MUTUAL DE LAS COMUNIDADES,No Financiero,Empresas,4,Con alto riesgo de insolvencia / riesgo alto,3,143757.0,47919.0,13.64,17.31,3
202604,70429,MUTUAL DE LAS COMUNIDADES,No Financiero,Familias,1,Situacion normal,1866,4591295.0,2460.5,93.07,92.26,1866
202604,70429,MUTUAL DE LAS COMUNIDADES,No Financiero,Familias,2,Con seguimiento especial / riesgo bajo,56,113037.0,2018.5,2.79,2.27,56
202604,70429,MUTUAL DE LAS COMUNIDADES,No Financiero,Familias,3,Con problemas / riesgo medio,28,55592.0,1985.4,1.40,1.12,28
202604,70429,MUTUAL DE LAS COMUNIDADES,No Financiero,Familias,4,Con alto riesgo de insolvencia / riesgo alto,16,181326.0,11332.9,0.80,3.64,16
202604,70429,MUTUAL DE LAS COMUNIDADES,No Financiero,Familias,5,Irrecuperable,39,35424.0,908.3,1.95,0.71,39
202604,70429,MUTUAL DE LAS COMUNIDADES,No Financiero,Total,1,Situacion normal,1884,5268128.0,2796.2,92.95,90.72,1884
202604,70429,MUTUAL DE LAS COMUNIDADES,No Financiero,Total,2,Con seguimiento especial / riesgo bajo,56,113037.0,2018.5,2.76,1.95,56
202604,70429,MUTUAL DE LAS COMUNIDADES,No Financiero,Total,3,Con problemas / riesgo medio,29,65442.0,2256.6,1.43,1.13,29
202604,70429,MUTUAL DE LAS COMUNIDADES,No Financiero,Total,4,Con alto riesgo de insolvencia / riesgo alto,19,325083.0,17109.6,0.94,5.60,19
202604,70429,MUTUAL DE LAS COMUNIDADES,No Financiero,Total,5,Irrecuperable,39,35424.0,908.3,1.92,0.61,39
202604,70433,SISCOM S.R.L.,No Financiero,Empresas,1,Situacion normal,1,649.0,649.0,100.00,100.00,1
202604,70433,SISCOM S.R.L.,No Financiero,Familias,1,Situacion normal,361,188330.0,521.7,90.93,83.94,361
202604,70433,SISCOM S.R.L.,No Financiero,Familias,2,Con seguimiento especial / riesgo bajo,7,8589.0,1227.0,1.76,3.83,7
202604,70433,SISCOM S.R.L.,No Financiero,Familias,3,Con problemas / riesgo medio,11,15304.0,1391.3,2.77,6.82,11
202604,70433,SISCOM S.R.L.,No Financiero,Familias,4,Con alto riesgo de insolvencia / riesgo alto,2,2649.0,1324.5,0.50,1.18,2
202604,70433,SISCOM S.R.L.,No Financiero,Familias,5,Irrecuperable,16,9499.0,593.7,4.03,4.23,16
202604,70433,SISCOM S.R.L.,No Financiero,Total,1,Situacion normal,362,188979.0,522.0,90.95,83.98,362
202604,70433,SISCOM S.R.L.,No Financiero,Total,2,Con seguimiento especial / riesgo bajo,7,8589.0,1227.0,1.76,3.82,7
202604,70433,SISCOM S.R.L.,No Financiero,Total,3,Con problemas / riesgo medio,11,15304.0,1391.3,2.76,6.80,11
202604,70433,SISCOM S.R.L.,No Financiero,Total,4,Con alto riesgo de insolvencia / riesgo alto,2,2649.0,1324.5,0.50,1.18,2
202604,70433,SISCOM S.R.L.,No Financiero,Total,5,Irrecuperable,16,9499.0,593.7,4.02,4.22,16
202604,70503,LOCRED SRL,No Financiero,Familias,1,Situacion normal,697,150605.0,216.1,40.93,16.98,697
202604,70503,LOCRED SRL,No Financiero,Familias,2,Con seguimiento especial / riesgo bajo,101,33866.0,335.3,5.93,3.82,101
202604,70503,LOCRED SRL,No Financiero,Familias,3,Con problemas / riesgo medio,103,49546.0,481.0,6.05,5.59,103
202604,70503,LOCRED SRL,No Financiero,Familias,4,Con alto riesgo de insolvencia / riesgo alto,172,138052.0,802.6,10.10,15.57,172
202604,70503,LOCRED SRL,No Financiero,Familias,5,Irrecuperable,630,514650.0,816.9,36.99,58.04,630
202604,70503,LOCRED SRL,No Financiero,Total,1,Situacion normal,697,150605.0,216.1,40.93,16.98,697
202604,70503,LOCRED SRL,No Financiero,Total,2,Con seguimiento especial / riesgo bajo,101,33866.0,335.3,5.93,3.82,101
202604,70503,LOCRED SRL,No Financiero,Total,3,Con problemas / riesgo medio,103,49546.0,481.0,6.05,5.59,103
202604,70503,LOCRED SRL,No Financiero,Total,4,Con alto riesgo de insolvencia / riesgo alto,172,138052.0,802.6,10.10,15.57,172
202604,70503,LOCRED SRL,No Financiero,Total,5,Irrecuperable,630,514650.0,816.9,36.99,58.04,630
202604,70603,COOP SERV ADM VTAS CRED Y CRED GUIA LTDA,No Financiero,Familias,1,Situacion normal,16799,13459235.0,801.2,79.67,73.04,16799
202604,70603,COOP SERV ADM VTAS CRED Y CRED GUIA LTDA,No Financiero,Familias,2,Con seguimiento especial / riesgo bajo,579,839086.0,1449.2,2.75,4.55,579
202604,70603,COOP SERV ADM VTAS CRED Y CRED GUIA LTDA,No Financiero,Familias,3,Con problemas / riesgo medio,517,834921.0,1614.9,2.45,4.53,517
202604,70603,COOP SERV ADM VTAS CRED Y CRED GUIA LTDA,No Financiero,Familias,4,Con alto riesgo de insolvencia / riesgo alto,979,1450587.0,1481.7,4.64,7.87,979
202604,70603,COOP SERV ADM VTAS CRED Y CRED GUIA LTDA,No Financiero,Familias,5,Irrecuperable,2212,1843408.0,833.4,10.49,10.00,2212
202604,70603,COOP SERV ADM VTAS CRED Y CRED GUIA LTDA,No Financiero,Total,1,Situacion normal,16799,13459235.0,801.2,79.67,73.04,16799
202604,70603,COOP SERV ADM VTAS CRED Y CRED GUIA LTDA,No Financiero,Total,2,Con seguimiento especial / riesgo bajo,579,839086.0,1449.2,2.75,4.55,579
202604,70603,COOP SERV ADM VTAS CRED Y CRED GUIA LTDA,No Financiero,Total,3,Con problemas / riesgo medio,517,834921.0,1614.9,2.45,4.53,517
202604,70603,COOP SERV ADM VTAS CRED Y CRED GUIA LTDA,No Financiero,Total,4,Con alto riesgo de insolvencia / riesgo alto,979,1450587.0,1481.7,4.64,7.87,979
202604,70603,COOP SERV ADM VTAS CRED Y CRED GUIA LTDA,No Financiero,Total,5,Irrecuperable,2212,1843408.0,833.4,10.49,10.00,2212
202604,70802,S.A. CLUB DEL ESTE,No Financiero,Familias,1,Situacion normal,1411,564582.0,400.1,93.82,90.40,1411
202604,70802,S.A. CLUB DEL ESTE,No Financiero,Familias,2,Con seguimiento especial / riesgo bajo,36,24706.0,686.3,2.39,3.96,36
202604,70802,S.A. CLUB DEL ESTE,No Financiero,Familias,3,Con problemas / riesgo medio,23,18280.0,794.8,1.53,2.93,23
202604,70802,S.A. CLUB DEL ESTE,No Financiero,Familias,4,Con alto riesgo de insolvencia / riesgo alto,13,12187.0,937.5,0.86,1.95,13
202604,70802,S.A. CLUB DEL ESTE,No Financiero,Familias,5,Irrecuperable,21,4775.0,227.4,1.40,0.76,21
202604,70802,S.A. CLUB DEL ESTE,No Financiero,Total,1,Situacion normal,1411,564582.0,400.1,93.82,90.40,1411
202604,70802,S.A. CLUB DEL ESTE,No Financiero,Total,2,Con seguimiento especial / riesgo bajo,36,24706.0,686.3,2.39,3.96,36
202604,70802,S.A. CLUB DEL ESTE,No Financiero,Total,3,Con problemas / riesgo medio,23,18280.0,794.8,1.53,2.93,23
202604,70802,S.A. CLUB DEL ESTE,No Financiero,Total,4,Con alto riesgo de insolvencia / riesgo alto,13,12187.0,937.5,0.86,1.95,13
202604,70802,S.A. CLUB DEL ESTE,No Financiero,Total,5,Irrecuperable,21,4775.0,227.4,1.40,0.76,21
202604,70803,SISTEMA DE CREDITO DE ENTRE RIOS S.A.,No Financiero,Familias,1,Situacion normal,16510,14185202.0,859.2,84.85,82.59,16510
202604,70803,SISTEMA DE CREDITO DE ENTRE RIOS S.A.,No Financiero,Familias,2,Con seguimiento especial / riesgo bajo,620,745506.0,1202.4,3.19,4.34,620
202604,70803,SISTEMA DE CREDITO DE ENTRE RIOS S.A.,No Financiero,Familias,3,Con problemas / riesgo medio,810,1021118.0,1260.6,4.16,5.95,810
202604,70803,SISTEMA DE CREDITO DE ENTRE RIOS S.A.,No Financiero,Familias,4,Con alto riesgo de insolvencia / riesgo alto,858,861701.0,1004.3,4.41,5.02,858
202604,70803,SISTEMA DE CREDITO DE ENTRE RIOS S.A.,No Financiero,Familias,5,Irrecuperable,659,362145.0,549.5,3.39,2.11,659
202604,70803,SISTEMA DE CREDITO DE ENTRE RIOS S.A.,No Financiero,Total,1,Situacion normal,16510,14185202.0,859.2,84.85,82.59,16510
202604,70803,SISTEMA DE CREDITO DE ENTRE RIOS S.A.,No Financiero,Total,2,Con seguimiento especial / riesgo bajo,620,745506.0,1202.4,3.19,4.34,620
202604,70803,SISTEMA DE CREDITO DE ENTRE RIOS S.A.,No Financiero,Total,3,Con problemas / riesgo medio,810,1021118.0,1260.6,4.16,5.95,810
202604,70803,SISTEMA DE CREDITO DE ENTRE RIOS S.A.,No Financiero,Total,4,Con alto riesgo de insolvencia / riesgo alto,858,861701.0,1004.3,4.41,5.02,858
202604,70803,SISTEMA DE CREDITO DE ENTRE RIOS S.A.,No Financiero,Total,5,Irrecuperable,659,362145.0,549.5,3.39,2.11,659
202604,70805,DILFER S.A.,No Financiero,Familias,1,Situacion normal,19096,8524596.0,446.4,65.89,68.52,19096
202604,70805,DILFER S.A.,No Financiero,Familias,2,Con seguimiento especial / riesgo bajo,1164,642391.0,551.9,4.02,5.16,1164
202604,70805,DILFER S.A.,No Financiero,Familias,3,Con problemas / riesgo medio,1167,725008.0,621.3,4.03,5.83,1167
202604,70805,DILFER S.A.,No Financiero,Familias,4,Con alto riesgo de insolvencia / riesgo alto,1868,1052197.0,563.3,6.45,8.46,1868
202604,70805,DILFER S.A.,No Financiero,Familias,5,Irrecuperable,5685,1497343.0,263.4,19.62,12.04,5685
202604,70805,DILFER S.A.,No Financiero,Total,1,Situacion normal,19096,8524596.0,446.4,65.89,68.52,19096
202604,70805,DILFER S.A.,No Financiero,Total,2,Con seguimiento especial / riesgo bajo,1164,642391.0,551.9,4.02,5.16,1164
202604,70805,DILFER S.A.,No Financiero,Total,3,Con problemas / riesgo medio,1167,725008.0,621.3,4.03,5.83,1167
202604,70805,DILFER S.A.,No Financiero,Total,4,Con alto riesgo de insolvencia / riesgo alto,1868,1052197.0,563.3,6.45,8.46,1868
202604,70805,DILFER S.A.,No Financiero,Total,5,Irrecuperable,5685,1497343.0,263.4,19.62,12.04,5685
202604,70806,EMPRENDER S.A.,No Financiero,Familias,1,Situacion normal,51,40019.0,784.7,100.00,100.00,51
202604,70806,EMPRENDER S.A.,No Financiero,Total,1,Situacion normal,51,40019.0,784.7,100.00,100.00,51
202604,70808,Caja Municipal de Préstamos Sociedad de Economía Mixta,No Financiero,Familias,1,Situacion normal,1268,1666148.0,1314.0,99.30,99.36,1268
202604,70808,Caja Municipal de Préstamos Sociedad de Economía Mixta,No Financiero,Familias,2,Con seguimiento especial / riesgo bajo,3,1269.0,423.0,0.23,0.08,3
202604,70808,Caja Municipal de Préstamos Sociedad de Economía Mixta,No Financiero,Familias,3,Con problemas / riesgo medio,3,8271.0,2757.0,0.23,0.49,3
202604,70808,Caja Municipal de Préstamos Sociedad de Economía Mixta,No Financiero,Familias,4,Con alto riesgo de insolvencia / riesgo alto,1,698.0,698.0,0.08,0.04,1
202604,70808,Caja Municipal de Préstamos Sociedad de Economía Mixta,No Financiero,Familias,5,Irrecuperable,2,475.0,237.5,0.16,0.03,2
202604,70808,Caja Municipal de Préstamos Sociedad de Economía Mixta,No Financiero,Total,1,Situacion normal,1268,1666148.0,1314.0,99.30,99.36,1268
202604,70808,Caja Municipal de Préstamos Sociedad de Economía Mixta,No Financiero,Total,2,Con seguimiento especial / riesgo bajo,3,1269.0,423.0,0.23,0.08,3
202604,70808,Caja Municipal de Préstamos Sociedad de Economía Mixta,No Financiero,Total,3,Con problemas / riesgo medio,3,8271.0,2757.0,0.23,0.49,3
202604,70808,Caja Municipal de Préstamos Sociedad de Economía Mixta,No Financiero,Total,4,Con alto riesgo de insolvencia / riesgo alto,1,698.0,698.0,0.08,0.04,1
202604,70808,Caja Municipal de Préstamos Sociedad de Economía Mixta,No Financiero,Total,5,Irrecuperable,2,475.0,237.5,0.16,0.03,2
202604,70903,Única compañía de Crédito S.A.,No Financiero,Familias,1,Situacion normal,8421,3345976.0,397.3,47.43,34.79,8421
202604,70903,Única compañía de Crédito S.A.,No Financiero,Familias,2,Con seguimiento especial / riesgo bajo,782,450493.0,576.1,4.40,4.68,782
202604,70903,Única compañía de Crédito S.A.,No Financiero,Familias,3,Con problemas / riesgo medio,965,983715.0,1019.4,5.44,10.23,965
202604,70903,Única compañía de Crédito S.A.,No Financiero,Familias,4,Con alto riesgo de insolvencia / riesgo alto,1665,2136019.0,1282.9,9.38,22.21,1665
202604,70903,Única compañía de Crédito S.A.,No Financiero,Familias,5,Irrecuperable,5922,2701010.0,456.1,33.35,28.09,5922
202604,70903,Única compañía de Crédito S.A.,No Financiero,Total,1,Situacion normal,8421,3345976.0,397.3,47.43,34.79,8421
202604,70903,Única compañía de Crédito S.A.,No Financiero,Total,2,Con seguimiento especial / riesgo bajo,782,450493.0,576.1,4.40,4.68,782
202604,70903,Única compañía de Crédito S.A.,No Financiero,Total,3,Con problemas / riesgo medio,965,983715.0,1019.4,5.44,10.23,965
202604,70903,Única compañía de Crédito S.A.,No Financiero,Total,4,Con alto riesgo de insolvencia / riesgo alto,1665,2136019.0,1282.9,9.38,22.21,1665
202604,70903,Única compañía de Crédito S.A.,No Financiero,Total,5,Irrecuperable,5922,2701010.0,456.1,33.35,28.09,5922
202604,71103,GLOBAL S.R.L.,No Financiero,Familias,1,Situacion normal,87,27855.0,320.2,92.55,83.27,87
202604,71103,GLOBAL S.R.L.,No Financiero,Familias,5,Irrecuperable,7,5595.0,799.3,7.45,16.73,7
202604,71103,GLOBAL S.R.L.,No Financiero,Total,1,Situacion normal,87,27855.0,320.2,92.55,83.27,87
202604,71103,GLOBAL S.R.L.,No Financiero,Total,5,Irrecuperable,7,5595.0,799.3,7.45,16.73,7
202604,71302,CUMAR S.A.,No Financiero,Familias,1,Situacion normal,4851,1049545.0,216.4,63.17,58.41,4851
202604,71302,CUMAR S.A.,No Financiero,Familias,2,Con seguimiento especial / riesgo bajo,396,94349.0,238.3,5.16,5.25,396
202604,71302,CUMAR S.A.,No Financiero,Familias,3,Con problemas / riesgo medio,447,112725.0,252.2,5.82,6.27,447
202604,71302,CUMAR S.A.,No Financiero,Familias,4,Con alto riesgo de insolvencia / riesgo alto,1066,303682.0,284.9,13.88,16.90,1066
202604,71302,CUMAR S.A.,No Financiero,Familias,5,Irrecuperable,919,236434.0,257.3,11.97,13.16,919
202604,71302,CUMAR S.A.,No Financiero,Total,1,Situacion normal,4851,1049545.0,216.4,63.17,58.41,4851
202604,71302,CUMAR S.A.,No Financiero,Total,2,Con seguimiento especial / riesgo bajo,396,94349.0,238.3,5.16,5.25,396
202604,71302,CUMAR S.A.,No Financiero,Total,3,Con problemas / riesgo medio,447,112725.0,252.2,5.82,6.27,447
202604,71302,CUMAR S.A.,No Financiero,Total,4,Con alto riesgo de insolvencia / riesgo alto,1066,303682.0,284.9,13.88,16.90,1066
202604,71302,CUMAR S.A.,No Financiero,Total,5,Irrecuperable,919,236434.0,257.3,11.97,13.16,919
202604,71402,CENTRO CARD S.A.,No Financiero,Familias,1,Situacion normal,24191,15949741.0,659.3,60.04,58.87,24191
202604,71402,CENTRO CARD S.A.,No Financiero,Familias,2,Con seguimiento especial / riesgo bajo,2263,2580474.0,1140.3,5.62,9.53,2263
202604,71402,CENTRO CARD S.A.,No Financiero,Familias,3,Con problemas / riesgo medio,871,695651.0,798.7,2.16,2.57,871
202604,71402,CENTRO CARD S.A.,No Financiero,Familias,4,Con alto riesgo de insolvencia / riesgo alto,2291,2011955.0,878.2,5.69,7.43,2291
202604,71402,CENTRO CARD S.A.,No Financiero,Familias,5,Irrecuperable,10674,5853588.0,548.4,26.49,21.61,10674
202604,71402,CENTRO CARD S.A.,No Financiero,Total,1,Situacion normal,24191,15949741.0,659.3,60.04,58.87,24191
202604,71402,CENTRO CARD S.A.,No Financiero,Total,2,Con seguimiento especial / riesgo bajo,2263,2580474.0,1140.3,5.62,9.53,2263
202604,71402,CENTRO CARD S.A.,No Financiero,Total,3,Con problemas / riesgo medio,871,695651.0,798.7,2.16,2.57,871
202604,71402,CENTRO CARD S.A.,No Financiero,Total,4,Con alto riesgo de insolvencia / riesgo alto,2291,2011955.0,878.2,5.69,7.43,2291
202604,71402,CENTRO CARD S.A.,No Financiero,Total,5,Irrecuperable,10674,5853588.0,548.4,26.49,21.61,10674
202604,71801,DATA 2000 S.A.,No Financiero,Familias,1,Situacion normal,22263,15590508.0,700.3,55.74,66.88,22263
202604,71801,DATA 2000 S.A.,No Financiero,Familias,2,Con seguimiento especial / riesgo bajo,1632,1345237.0,824.3,4.09,5.77,1632
202604,71801,DATA 2000 S.A.,No Financiero,Familias,3,Con problemas / riesgo medio,1946,1629093.0,837.1,4.87,6.99,1946
202604,71801,DATA 2000 S.A.,No Financiero,Familias,4,Con alto riesgo de insolvencia / riesgo alto,2635,2113574.0,802.1,6.60,9.07,2635
202604,71801,DATA 2000 S.A.,No Financiero,Familias,5,Irrecuperable,11467,2633012.0,229.6,28.71,11.29,11467
202604,71801,DATA 2000 S.A.,No Financiero,Total,1,Situacion normal,22263,15590508.0,700.3,55.74,66.88,22263
202604,71801,DATA 2000 S.A.,No Financiero,Total,2,Con seguimiento especial / riesgo bajo,1632,1345237.0,824.3,4.09,5.77,1632
202604,71801,DATA 2000 S.A.,No Financiero,Total,3,Con problemas / riesgo medio,1946,1629093.0,837.1,4.87,6.99,1946
202604,71801,DATA 2000 S.A.,No Financiero,Total,4,Con alto riesgo de insolvencia / riesgo alto,2635,2113574.0,802.1,6.60,9.07,2635
202604,71801,DATA 2000 S.A.,No Financiero,Total,5,Irrecuperable,11467,2633012.0,229.6,28.71,11.29,11467
202604,71803,VISION S.A.,No Financiero,Familias,1,Situacion normal,1416,778170.0,549.6,44.21,40.07,1416
202604,71803,VISION S.A.,No Financiero,Familias,2,Con seguimiento especial / riesgo bajo,407,276167.0,678.5,12.71,14.22,407
202604,71803,VISION S.A.,No Financiero,Familias,3,Con problemas / riesgo medio,177,188471.0,1064.8,5.53,9.70,177
202604,71803,VISION S.A.,No Financiero,Familias,4,Con alto riesgo de insolvencia / riesgo alto,301,364096.0,1209.6,9.40,18.75,301
202604,71803,VISION S.A.,No Financiero,Familias,5,Irrecuperable,902,335233.0,371.7,28.16,17.26,902
202604,71803,VISION S.A.,No Financiero,Total,1,Situacion normal,1416,778170.0,549.6,44.21,40.07,1416
202604,71803,VISION S.A.,No Financiero,Total,2,Con seguimiento especial / riesgo bajo,407,276167.0,678.5,12.71,14.22,407
202604,71803,VISION S.A.,No Financiero,Total,3,Con problemas / riesgo medio,177,188471.0,1064.8,5.53,9.70,177
202604,71803,VISION S.A.,No Financiero,Total,4,Con alto riesgo de insolvencia / riesgo alto,301,364096.0,1209.6,9.40,18.75,301
202604,71803,VISION S.A.,No Financiero,Total,5,Irrecuperable,902,335233.0,371.7,28.16,17.26,902
202604,72101,ASOC MUT AYUDA ASOC ADHER CLUB ATL UNION,No Financiero,Empresas,1,Situacion normal,5,29680.0,5936.0,71.43,93.49,5
202604,72101,ASOC MUT AYUDA ASOC ADHER CLUB ATL UNION,No Financiero,Empresas,2,Con seguimiento especial / riesgo bajo,1,2022.0,2022.0,14.29,6.37,1
202604,72101,ASOC MUT AYUDA ASOC ADHER CLUB ATL UNION,No Financiero,Empresas,5,Irrecuperable,1,45.0,45.0,14.29,0.14,1
202604,72101,ASOC MUT AYUDA ASOC ADHER CLUB ATL UNION,No Financiero,Familias,1,Situacion normal,2780,2059218.0,740.7,83.33,83.83,2780
202604,72101,ASOC MUT AYUDA ASOC ADHER CLUB ATL UNION,No Financiero,Familias,2,Con seguimiento especial / riesgo bajo,115,177428.0,1542.9,3.45,7.22,115
202604,72101,ASOC MUT AYUDA ASOC ADHER CLUB ATL UNION,No Financiero,Familias,3,Con problemas / riesgo medio,83,99252.0,1195.8,2.49,4.04,83
202604,72101,ASOC MUT AYUDA ASOC ADHER CLUB ATL UNION,No Financiero,Familias,4,Con alto riesgo de insolvencia / riesgo alto,32,40829.0,1275.9,0.96,1.66,32
202604,72101,ASOC MUT AYUDA ASOC ADHER CLUB ATL UNION,No Financiero,Familias,5,Irrecuperable,326,79728.0,244.6,9.77,3.25,326
202604,72101,ASOC MUT AYUDA ASOC ADHER CLUB ATL UNION,No Financiero,Total,1,Situacion normal,2785,2088898.0,750.1,83.31,83.95,2785
202604,72101,ASOC MUT AYUDA ASOC ADHER CLUB ATL UNION,No Financiero,Total,2,Con seguimiento especial / riesgo bajo,116,179450.0,1547.0,3.47,7.21,116
202604,72101,ASOC MUT AYUDA ASOC ADHER CLUB ATL UNION,No Financiero,Total,3,Con problemas / riesgo medio,83,99252.0,1195.8,2.48,3.99,83
202604,72101,ASOC MUT AYUDA ASOC ADHER CLUB ATL UNION,No Financiero,Total,4,Con alto riesgo de insolvencia / riesgo alto,32,40829.0,1275.9,0.96,1.64,32
202604,72101,ASOC MUT AYUDA ASOC ADHER CLUB ATL UNION,No Financiero,Total,5,Irrecuperable,327,79773.0,244.0,9.78,3.21,327
202604,72102,ASOCIACION MUTUAL DEL CLUB A. ARGENTINO,No Financiero,Empresas,1,Situacion normal,32,970963.0,30342.6,82.05,78.66,32
202604,72102,ASOCIACION MUTUAL DEL CLUB A. ARGENTINO,No Financiero,Empresas,2,Con seguimiento especial / riesgo bajo,4,182667.0,45666.8,10.26,14.80,4
202604,72102,ASOCIACION MUTUAL DEL CLUB A. ARGENTINO,No Financiero,Empresas,3,Con problemas / riesgo medio,2,34619.0,17309.5,5.13,2.80,2
202604,72102,ASOCIACION MUTUAL DEL CLUB A. ARGENTINO,No Financiero,Empresas,5,Irrecuperable,1,46152.0,46152.0,2.56,3.74,1
202604,72102,ASOCIACION MUTUAL DEL CLUB A. ARGENTINO,No Financiero,Familias,1,Situacion normal,7643,14831898.0,1940.6,91.42,84.58,7643
202604,72102,ASOCIACION MUTUAL DEL CLUB A. ARGENTINO,No Financiero,Familias,2,Con seguimiento especial / riesgo bajo,518,1286883.0,2484.3,6.20,7.34,518
202604,72102,ASOCIACION MUTUAL DEL CLUB A. ARGENTINO,No Financiero,Familias,3,Con problemas / riesgo medio,72,212292.0,2948.5,0.86,1.21,72
202604,72102,ASOCIACION MUTUAL DEL CLUB A. ARGENTINO,No Financiero,Familias,4,Con alto riesgo de insolvencia / riesgo alto,113,1156603.0,10235.4,1.35,6.60,113
202604,72102,ASOCIACION MUTUAL DEL CLUB A. ARGENTINO,No Financiero,Familias,5,Irrecuperable,14,48627.0,3473.4,0.17,0.28,14
202604,72102,ASOCIACION MUTUAL DEL CLUB A. ARGENTINO,No Financiero,Total,1,Situacion normal,7675,15802861.0,2059.0,91.38,84.19,7675
202604,72102,ASOCIACION MUTUAL DEL CLUB A. ARGENTINO,No Financiero,Total,2,Con seguimiento especial / riesgo bajo,522,1469550.0,2815.2,6.22,7.83,522
202604,72102,ASOCIACION MUTUAL DEL CLUB A. ARGENTINO,No Financiero,Total,3,Con problemas / riesgo medio,74,246911.0,3336.6,0.88,1.32,74
202604,72102,ASOCIACION MUTUAL DEL CLUB A. ARGENTINO,No Financiero,Total,4,Con alto riesgo de insolvencia / riesgo alto,113,1156603.0,10235.4,1.35,6.16,113
202604,72102,ASOCIACION MUTUAL DEL CLUB A. ARGENTINO,No Financiero,Total,5,Irrecuperable,15,94779.0,6318.6,0.18,0.50,15
202604,72103,CLUB ATLETICO SAN JORGE MUTUAL Y SOCIAL,No Financiero,Empresas,1,Situacion normal,13,48072.0,3697.8,92.86,98.29,13
202604,72103,CLUB ATLETICO SAN JORGE MUTUAL Y SOCIAL,No Financiero,Empresas,2,Con seguimiento especial / riesgo bajo,1,836.0,836.0,7.14,1.71,1
202604,72103,CLUB ATLETICO SAN JORGE MUTUAL Y SOCIAL,No Financiero,Familias,1,Situacion normal,2278,1494370.0,656.0,92.38,88.93,2278
202604,72103,CLUB ATLETICO SAN JORGE MUTUAL Y SOCIAL,No Financiero,Familias,2,Con seguimiento especial / riesgo bajo,97,85429.0,880.7,3.93,5.08,97
202604,72103,CLUB ATLETICO SAN JORGE MUTUAL Y SOCIAL,No Financiero,Familias,3,Con problemas / riesgo medio,55,60754.0,1104.6,2.23,3.62,55
202604,72103,CLUB ATLETICO SAN JORGE MUTUAL Y SOCIAL,No Financiero,Familias,4,Con alto riesgo de insolvencia / riesgo alto,31,38152.0,1230.7,1.26,2.27,31
202604,72103,CLUB ATLETICO SAN JORGE MUTUAL Y SOCIAL,No Financiero,Familias,5,Irrecuperable,5,1629.0,325.8,0.20,0.10,5
202604,72103,CLUB ATLETICO SAN JORGE MUTUAL Y SOCIAL,No Financiero,Total,1,Situacion normal,2291,1542442.0,673.3,92.38,89.20,2291
202604,72103,CLUB ATLETICO SAN JORGE MUTUAL Y SOCIAL,No Financiero,Total,2,Con seguimiento especial / riesgo bajo,98,86265.0,880.3,3.95,4.99,98
202604,72103,CLUB ATLETICO SAN JORGE MUTUAL Y SOCIAL,No Financiero,Total,3,Con problemas / riesgo medio,55,60754.0,1104.6,2.22,3.51,55
202604,72103,CLUB ATLETICO SAN JORGE MUTUAL Y SOCIAL,No Financiero,Total,4,Con alto riesgo de insolvencia / riesgo alto,31,38152.0,1230.7,1.25,2.21,31
202604,72103,CLUB ATLETICO SAN JORGE MUTUAL Y SOCIAL,No Financiero,Total,5,Irrecuperable,5,1629.0,325.8,0.20,0.09,5
202604,72104,MUTUAL SOCIOS ASOC MEDIC ROSARIO,No Financiero,Empresas,1,Situacion normal,141,14363735.0,101870.5,96.58,97.50,141
202604,72104,MUTUAL SOCIOS ASOC MEDIC ROSARIO,No Financiero,Empresas,3,Con problemas / riesgo medio,4,363951.0,90987.8,2.74,2.47,4
202604,72104,MUTUAL SOCIOS ASOC MEDIC ROSARIO,No Financiero,Empresas,5,Irrecuperable,1,4179.0,4179.0,0.68,0.03,1
202604,72104,MUTUAL SOCIOS ASOC MEDIC ROSARIO,No Financiero,Familias,1,Situacion normal,14783,83038902.0,5617.2,96.29,95.43,14783
202604,72104,MUTUAL SOCIOS ASOC MEDIC ROSARIO,No Financiero,Familias,2,Con seguimiento especial / riesgo bajo,188,1625830.0,8648.0,1.22,1.87,188
202604,72104,MUTUAL SOCIOS ASOC MEDIC ROSARIO,No Financiero,Familias,3,Con problemas / riesgo medio,157,1115555.0,7105.4,1.02,1.28,157
202604,72104,MUTUAL SOCIOS ASOC MEDIC ROSARIO,No Financiero,Familias,4,Con alto riesgo de insolvencia / riesgo alto,118,882608.0,7479.7,0.77,1.01,118
202604,72104,MUTUAL SOCIOS ASOC MEDIC ROSARIO,No Financiero,Familias,5,Irrecuperable,107,353610.0,3304.8,0.70,0.41,107
202604,72104,MUTUAL SOCIOS ASOC MEDIC ROSARIO,No Financiero,Total,1,Situacion normal,14924,97402637.0,6526.6,96.29,95.73,14924
202604,72104,MUTUAL SOCIOS ASOC MEDIC ROSARIO,No Financiero,Total,2,Con seguimiento especial / riesgo bajo,188,1625830.0,8648.0,1.21,1.60,188
202604,72104,MUTUAL SOCIOS ASOC MEDIC ROSARIO,No Financiero,Total,3,Con problemas / riesgo medio,161,1479506.0,9189.5,1.04,1.45,161
202604,72104,MUTUAL SOCIOS ASOC MEDIC ROSARIO,No Financiero,Total,4,Con alto riesgo de insolvencia / riesgo alto,118,882608.0,7479.7,0.76,0.87,118
202604,72104,MUTUAL SOCIOS ASOC MEDIC ROSARIO,No Financiero,Total,5,Irrecuperable,108,357789.0,3312.9,0.70,0.35,108
202604,72106,ASOCIACION MUTUAL VENADO TUERTO,No Financiero,Familias,1,Situacion normal,8356,5636161.0,674.5,88.75,85.24,8356
202604,72106,ASOCIACION MUTUAL VENADO TUERTO,No Financiero,Familias,2,Con seguimiento especial / riesgo bajo,423,400086.0,945.8,4.49,6.05,423
202604,72106,ASOCIACION MUTUAL VENADO TUERTO,No Financiero,Familias,3,Con problemas / riesgo medio,158,190610.0,1206.4,1.68,2.88,158
202604,72106,ASOCIACION MUTUAL VENADO TUERTO,No Financiero,Familias,4,Con alto riesgo de insolvencia / riesgo alto,211,253238.0,1200.2,2.24,3.83,211
202604,72106,ASOCIACION MUTUAL VENADO TUERTO,No Financiero,Familias,5,Irrecuperable,267,131681.0,493.2,2.84,1.99,267
202604,72106,ASOCIACION MUTUAL VENADO TUERTO,No Financiero,Total,1,Situacion normal,8356,5636161.0,674.5,88.75,85.24,8356
202604,72106,ASOCIACION MUTUAL VENADO TUERTO,No Financiero,Total,2,Con seguimiento especial / riesgo bajo,423,400086.0,945.8,4.49,6.05,423
202604,72106,ASOCIACION MUTUAL VENADO TUERTO,No Financiero,Total,3,Con problemas / riesgo medio,158,190610.0,1206.4,1.68,2.88,158
202604,72106,ASOCIACION MUTUAL VENADO TUERTO,No Financiero,Total,4,Con alto riesgo de insolvencia / riesgo alto,211,253238.0,1200.2,2.24,3.83,211
202604,72106,ASOCIACION MUTUAL VENADO TUERTO,No Financiero,Total,5,Irrecuperable,267,131681.0,493.2,2.84,1.99,267
202604,72113,MUTUAL ENTRE ASOC COOPER MUTUAL PATRONAL,No Financiero,Empresas,1,Situacion normal,27,559710.0,20730.0,62.79,65.31,27
202604,72113,MUTUAL ENTRE ASOC COOPER MUTUAL PATRONAL,No Financiero,Empresas,2,Con seguimiento especial / riesgo bajo,3,43699.0,14566.3,6.98,5.10,3
202604,72113,MUTUAL ENTRE ASOC COOPER MUTUAL PATRONAL,No Financiero,Empresas,3,Con problemas / riesgo medio,5,120570.0,24114.0,11.63,14.07,5
202604,72113,MUTUAL ENTRE ASOC COOPER MUTUAL PATRONAL,No Financiero,Empresas,4,Con alto riesgo de insolvencia / riesgo alto,3,82543.0,27514.3,6.98,9.63,3
202604,72113,MUTUAL ENTRE ASOC COOPER MUTUAL PATRONAL,No Financiero,Empresas,5,Irrecuperable,5,50424.0,10084.8,11.63,5.88,5
202604,72113,MUTUAL ENTRE ASOC COOPER MUTUAL PATRONAL,No Financiero,Familias,1,Situacion normal,7398,5817400.0,786.3,73.61,77.51,7398
202604,72113,MUTUAL ENTRE ASOC COOPER MUTUAL PATRONAL,No Financiero,Familias,2,Con seguimiento especial / riesgo bajo,515,574936.0,1116.4,5.12,7.66,515
202604,72113,MUTUAL ENTRE ASOC COOPER MUTUAL PATRONAL,No Financiero,Familias,3,Con problemas / riesgo medio,422,384511.0,911.2,4.20,5.12,422
202604,72113,MUTUAL ENTRE ASOC COOPER MUTUAL PATRONAL,No Financiero,Familias,4,Con alto riesgo de insolvencia / riesgo alto,344,269513.0,783.5,3.42,3.59,344
202604,72113,MUTUAL ENTRE ASOC COOPER MUTUAL PATRONAL,No Financiero,Familias,5,Irrecuperable,1371,458751.0,334.6,13.64,6.11,1371
202604,72113,MUTUAL ENTRE ASOC COOPER MUTUAL PATRONAL,No Financiero,Total,1,Situacion normal,7425,6377110.0,858.9,73.57,76.26,7425
202604,72113,MUTUAL ENTRE ASOC COOPER MUTUAL PATRONAL,No Financiero,Total,2,Con seguimiento especial / riesgo bajo,518,618635.0,1194.3,5.13,7.40,518
202604,72113,MUTUAL ENTRE ASOC COOPER MUTUAL PATRONAL,No Financiero,Total,3,Con problemas / riesgo medio,427,505081.0,1182.9,4.23,6.04,427
202604,72113,MUTUAL ENTRE ASOC COOPER MUTUAL PATRONAL,No Financiero,Total,4,Con alto riesgo de insolvencia / riesgo alto,347,352056.0,1014.6,3.44,4.21,347
202604,72113,MUTUAL ENTRE ASOC COOPER MUTUAL PATRONAL,No Financiero,Total,5,Irrecuperable,1376,509175.0,370.0,13.63,6.09,1376
202604,72117,ASOC MUT CONSEJ ARROYOS COOP EMP MULTIPL,No Financiero,Empresas,1,Situacion normal,19,789678.0,41562.0,95.00,86.46,19
202604,72117,ASOC MUT CONSEJ ARROYOS COOP EMP MULTIPL,No Financiero,Empresas,2,Con seguimiento especial / riesgo bajo,1,123694.0,123694.0,5.00,13.54,1
202604,72117,ASOC MUT CONSEJ ARROYOS COOP EMP MULTIPL,No Financiero,Familias,1,Situacion normal,1504,6501042.0,4322.5,86.39,85.54,1504
202604,72117,ASOC MUT CONSEJ ARROYOS COOP EMP MULTIPL,No Financiero,Familias,2,Con seguimiento especial / riesgo bajo,145,507262.0,3498.4,8.33,6.67,145
202604,72117,ASOC MUT CONSEJ ARROYOS COOP EMP MULTIPL,No Financiero,Familias,3,Con problemas / riesgo medio,60,462371.0,7706.2,3.45,6.08,60
202604,72117,ASOC MUT CONSEJ ARROYOS COOP EMP MULTIPL,No Financiero,Familias,4,Con alto riesgo de insolvencia / riesgo alto,26,78811.0,3031.2,1.49,1.04,26
202604,72117,ASOC MUT CONSEJ ARROYOS COOP EMP MULTIPL,No Financiero,Familias,5,Irrecuperable,6,50371.0,8395.2,0.34,0.66,6
202604,72117,ASOC MUT CONSEJ ARROYOS COOP EMP MULTIPL,No Financiero,Total,1,Situacion normal,1523,7290720.0,4787.1,86.48,85.64,1523
202604,72117,ASOC MUT CONSEJ ARROYOS COOP EMP MULTIPL,No Financiero,Total,2,Con seguimiento especial / riesgo bajo,146,630956.0,4321.6,8.29,7.41,146
202604,72117,ASOC MUT CONSEJ ARROYOS COOP EMP MULTIPL,No Financiero,Total,3,Con problemas / riesgo medio,60,462371.0,7706.2,3.41,5.43,60
202604,72117,ASOC MUT CONSEJ ARROYOS COOP EMP MULTIPL,No Financiero,Total,4,Con alto riesgo de insolvencia / riesgo alto,26,78811.0,3031.2,1.48,0.93,26
202604,72117,ASOC MUT CONSEJ ARROYOS COOP EMP MULTIPL,No Financiero,Total,5,Irrecuperable,6,50371.0,8395.2,0.34,0.59,6
202604,72123,SOCIEDAD ARG DE SOCORROS MUTUO CORONDA,No Financiero,Familias,1,Situacion normal,693,160197.0,231.2,97.47,94.28,693
202604,72123,SOCIEDAD ARG DE SOCORROS MUTUO CORONDA,No Financiero,Familias,2,Con seguimiento especial / riesgo bajo,5,1073.0,214.6,0.70,0.63,5
202604,72123,SOCIEDAD ARG DE SOCORROS MUTUO CORONDA,No Financiero,Familias,3,Con problemas / riesgo medio,4,2685.0,671.2,0.56,1.58,4
202604,72123,SOCIEDAD ARG DE SOCORROS MUTUO CORONDA,No Financiero,Familias,4,Con alto riesgo de insolvencia / riesgo alto,5,5069.0,1013.8,0.70,2.98,5
202604,72123,SOCIEDAD ARG DE SOCORROS MUTUO CORONDA,No Financiero,Familias,5,Irrecuperable,4,898.0,224.5,0.56,0.53,4
202604,72123,SOCIEDAD ARG DE SOCORROS MUTUO CORONDA,No Financiero,Total,1,Situacion normal,693,160197.0,231.2,97.47,94.28,693
202604,72123,SOCIEDAD ARG DE SOCORROS MUTUO CORONDA,No Financiero,Total,2,Con seguimiento especial / riesgo bajo,5,1073.0,214.6,0.70,0.63,5
202604,72123,SOCIEDAD ARG DE SOCORROS MUTUO CORONDA,No Financiero,Total,3,Con problemas / riesgo medio,4,2685.0,671.2,0.56,1.58,4
202604,72123,SOCIEDAD ARG DE SOCORROS MUTUO CORONDA,No Financiero,Total,4,Con alto riesgo de insolvencia / riesgo alto,5,5069.0,1013.8,0.70,2.98,5
202604,72123,SOCIEDAD ARG DE SOCORROS MUTUO CORONDA,No Financiero,Total,5,Irrecuperable,4,898.0,224.5,0.56,0.53,4
202604,72126,CREDISOL S.A.,No Financiero,Familias,1,Situacion normal,2469,391007.0,158.4,40.60,44.62,2469
202604,72126,CREDISOL S.A.,No Financiero,Familias,2,Con seguimiento especial / riesgo bajo,835,132913.0,159.2,13.73,15.17,835
202604,72126,CREDISOL S.A.,No Financiero,Familias,3,Con problemas / riesgo medio,411,87746.0,213.5,6.76,10.01,411
202604,72126,CREDISOL S.A.,No Financiero,Familias,4,Con alto riesgo de insolvencia / riesgo alto,486,96933.0,199.5,7.99,11.06,486
202604,72126,CREDISOL S.A.,No Financiero,Familias,5,Irrecuperable,1880,167626.0,89.2,30.92,19.13,1880
202604,72126,CREDISOL S.A.,No Financiero,Total,1,Situacion normal,2469,391007.0,158.4,40.60,44.62,2469
202604,72126,CREDISOL S.A.,No Financiero,Total,2,Con seguimiento especial / riesgo bajo,835,132913.0,159.2,13.73,15.17,835
202604,72126,CREDISOL S.A.,No Financiero,Total,3,Con problemas / riesgo medio,411,87746.0,213.5,6.76,10.01,411
202604,72126,CREDISOL S.A.,No Financiero,Total,4,Con alto riesgo de insolvencia / riesgo alto,486,96933.0,199.5,7.99,11.06,486
202604,72126,CREDISOL S.A.,No Financiero,Total,5,Irrecuperable,1880,167626.0,89.2,30.92,19.13,1880
202604,72128,ASOCIACION MUTUAL CLUB COLON DE SAN JUSTO,No Financiero,Familias,1,Situacion normal,1093,312627.0,286.0,97.42,95.94,1093
202604,72128,ASOCIACION MUTUAL CLUB COLON DE SAN JUSTO,No Financiero,Familias,2,Con seguimiento especial / riesgo bajo,16,8590.0,536.9,1.43,2.64,16
202604,72128,ASOCIACION MUTUAL CLUB COLON DE SAN JUSTO,No Financiero,Familias,3,Con problemas / riesgo medio,7,3455.0,493.6,0.62,1.06,7
202604,72128,ASOCIACION MUTUAL CLUB COLON DE SAN JUSTO,No Financiero,Familias,4,Con alto riesgo de insolvencia / riesgo alto,2,563.0,281.5,0.18,0.17,2
202604,72128,ASOCIACION MUTUAL CLUB COLON DE SAN JUSTO,No Financiero,Familias,5,Irrecuperable,4,634.0,158.5,0.36,0.19,4
202604,72128,ASOCIACION MUTUAL CLUB COLON DE SAN JUSTO,No Financiero,Total,1,Situacion normal,1093,312627.0,286.0,97.42,95.94,1093
202604,72128,ASOCIACION MUTUAL CLUB COLON DE SAN JUSTO,No Financiero,Total,2,Con seguimiento especial / riesgo bajo,16,8590.0,536.9,1.43,2.64,16
202604,72128,ASOCIACION MUTUAL CLUB COLON DE SAN JUSTO,No Financiero,Total,3,Con problemas / riesgo medio,7,3455.0,493.6,0.62,1.06,7
202604,72128,ASOCIACION MUTUAL CLUB COLON DE SAN JUSTO,No Financiero,Total,4,Con alto riesgo de insolvencia / riesgo alto,2,563.0,281.5,0.18,0.17,2
202604,72128,ASOCIACION MUTUAL CLUB COLON DE SAN JUSTO,No Financiero,Total,5,Irrecuperable,4,634.0,158.5,0.36,0.19,4
202604,72131,Asociación Mutual del Personal Jerárquico de Bancos Oficiales Nacional,No Financiero,Familias,1,Situacion normal,18018,7033510.0,390.4,78.75,66.89,18018
202604,72131,Asociación Mutual del Personal Jerárquico de Bancos Oficiales Nacional,No Financiero,Familias,2,Con seguimiento especial / riesgo bajo,803,596895.0,743.3,3.51,5.68,803
202604,72131,Asociación Mutual del Personal Jerárquico de Bancos Oficiales Nacional,No Financiero,Familias,3,Con problemas / riesgo medio,778,643190.0,826.7,3.40,6.12,778
202604,72131,Asociación Mutual del Personal Jerárquico de Bancos Oficiales Nacional,No Financiero,Familias,4,Con alto riesgo de insolvencia / riesgo alto,1290,1055669.0,818.3,5.64,10.04,1290
202604,72131,Asociación Mutual del Personal Jerárquico de Bancos Oficiales Nacional,No Financiero,Familias,5,Irrecuperable,1992,1186115.0,595.4,8.71,11.28,1992
202604,72131,Asociación Mutual del Personal Jerárquico de Bancos Oficiales Nacional,No Financiero,Total,1,Situacion normal,18018,7033510.0,390.4,78.75,66.89,18018
202604,72131,Asociación Mutual del Personal Jerárquico de Bancos Oficiales Nacional,No Financiero,Total,2,Con seguimiento especial / riesgo bajo,803,596895.0,743.3,3.51,5.68,803
202604,72131,Asociación Mutual del Personal Jerárquico de Bancos Oficiales Nacional,No Financiero,Total,3,Con problemas / riesgo medio,778,643190.0,826.7,3.40,6.12,778
202604,72131,Asociación Mutual del Personal Jerárquico de Bancos Oficiales Nacional,No Financiero,Total,4,Con alto riesgo de insolvencia / riesgo alto,1290,1055669.0,818.3,5.64,10.04,1290
202604,72131,Asociación Mutual del Personal Jerárquico de Bancos Oficiales Nacional,No Financiero,Total,5,Irrecuperable,1992,1186115.0,595.4,8.71,11.28,1992
202604,72132,Asociación Mutual de Ayuda entre Asociados y Adherentes del Club Depor,No Financiero,Familias,1,Situacion normal,1192,395830.0,332.1,88.43,85.61,1192
202604,72132,Asociación Mutual de Ayuda entre Asociados y Adherentes del Club Depor,No Financiero,Familias,2,Con seguimiento especial / riesgo bajo,46,15959.0,346.9,3.41,3.45,46
202604,72132,Asociación Mutual de Ayuda entre Asociados y Adherentes del Club Depor,No Financiero,Familias,3,Con problemas / riesgo medio,38,16794.0,441.9,2.82,3.63,38
202604,72132,Asociación Mutual de Ayuda entre Asociados y Adherentes del Club Depor,No Financiero,Familias,4,Con alto riesgo de insolvencia / riesgo alto,21,12135.0,577.9,1.56,2.62,21
202604,72132,Asociación Mutual de Ayuda entre Asociados y Adherentes del Club Depor,No Financiero,Familias,5,Irrecuperable,51,21620.0,423.9,3.78,4.68,51
202604,72132,Asociación Mutual de Ayuda entre Asociados y Adherentes del Club Depor,No Financiero,Total,1,Situacion normal,1192,395830.0,332.1,88.43,85.61,1192
202604,72132,Asociación Mutual de Ayuda entre Asociados y Adherentes del Club Depor,No Financiero,Total,2,Con seguimiento especial / riesgo bajo,46,15959.0,346.9,3.41,3.45,46
202604,72132,Asociación Mutual de Ayuda entre Asociados y Adherentes del Club Depor,No Financiero,Total,3,Con problemas / riesgo medio,38,16794.0,441.9,2.82,3.63,38
202604,72132,Asociación Mutual de Ayuda entre Asociados y Adherentes del Club Depor,No Financiero,Total,4,Con alto riesgo de insolvencia / riesgo alto,21,12135.0,577.9,1.56,2.62,21
202604,72132,Asociación Mutual de Ayuda entre Asociados y Adherentes del Club Depor,No Financiero,Total,5,Irrecuperable,51,21620.0,423.9,3.78,4.68,51
202604,72133,CREDIFIAR S.A.,No Financiero,Familias,1,Situacion normal,1559,628564.0,403.2,49.65,40.58,1559
202604,72133,CREDIFIAR S.A.,No Financiero,Familias,2,Con seguimiento especial / riesgo bajo,285,182219.0,639.4,9.08,11.76,285
202604,72133,CREDIFIAR S.A.,No Financiero,Familias,3,Con problemas / riesgo medio,185,130741.0,706.7,5.89,8.44,185
202604,72133,CREDIFIAR S.A.,No Financiero,Familias,4,Con alto riesgo de insolvencia / riesgo alto,465,346976.0,746.2,14.81,22.40,465
202604,72133,CREDIFIAR S.A.,No Financiero,Familias,5,Irrecuperable,646,260580.0,403.4,20.57,16.82,646
202604,72133,CREDIFIAR S.A.,No Financiero,Total,1,Situacion normal,1559,628564.0,403.2,49.65,40.58,1559
202604,72133,CREDIFIAR S.A.,No Financiero,Total,2,Con seguimiento especial / riesgo bajo,285,182219.0,639.4,9.08,11.76,285
202604,72133,CREDIFIAR S.A.,No Financiero,Total,3,Con problemas / riesgo medio,185,130741.0,706.7,5.89,8.44,185
202604,72133,CREDIFIAR S.A.,No Financiero,Total,4,Con alto riesgo de insolvencia / riesgo alto,465,346976.0,746.2,14.81,22.40,465
202604,72133,CREDIFIAR S.A.,No Financiero,Total,5,Irrecuperable,646,260580.0,403.4,20.57,16.82,646
202604,72134,Asociación Mutual de Ayuda entre Asociados y Adherentes del Club Atlét,No Financiero,Familias,1,Situacion normal,963,236971.0,246.1,97.47,91.07,963
202604,72134,Asociación Mutual de Ayuda entre Asociados y Adherentes del Club Atlét,No Financiero,Familias,5,Irrecuperable,25,23234.0,929.4,2.53,8.93,25
202604,72134,Asociación Mutual de Ayuda entre Asociados y Adherentes del Club Atlét,No Financiero,Total,1,Situacion normal,963,236971.0,246.1,97.47,91.07,963
202604,72134,Asociación Mutual de Ayuda entre Asociados y Adherentes del Club Atlét,No Financiero,Total,5,Irrecuperable,25,23234.0,929.4,2.53,8.93,25
202604,72135,Asociación Mutual PYME RURAL,No Financiero,Familias,1,Situacion normal,2289,895427.0,391.2,95.97,96.02,2289
202604,72135,Asociación Mutual PYME RURAL,No Financiero,Familias,2,Con seguimiento especial / riesgo bajo,70,23365.0,333.8,2.94,2.51,70
202604,72135,Asociación Mutual PYME RURAL,No Financiero,Familias,3,Con problemas / riesgo medio,19,6825.0,359.2,0.80,0.73,19
202604,72135,Asociación Mutual PYME RURAL,No Financiero,Familias,4,Con alto riesgo de insolvencia / riesgo alto,7,6898.0,985.4,0.29,0.74,7
202604,72135,Asociación Mutual PYME RURAL,No Financiero,Total,1,Situacion normal,2289,895427.0,391.2,95.97,96.02,2289
202604,72135,Asociación Mutual PYME RURAL,No Financiero,Total,2,Con seguimiento especial / riesgo bajo,70,23365.0,333.8,2.94,2.51,70
202604,72135,Asociación Mutual PYME RURAL,No Financiero,Total,3,Con problemas / riesgo medio,19,6825.0,359.2,0.80,0.73,19
202604,72135,Asociación Mutual PYME RURAL,No Financiero,Total,4,Con alto riesgo de insolvencia / riesgo alto,7,6898.0,985.4,0.29,0.74,7
202604,72136,Asociación Mutualista del Club Central San Carlos,No Financiero,Empresas,1,Situacion normal,9,12788.0,1420.9,100.00,100.00,9
202604,72136,Asociación Mutualista del Club Central San Carlos,No Financiero,Familias,1,Situacion normal,1669,1088323.0,652.1,99.35,99.24,1669
202604,72136,Asociación Mutualista del Club Central San Carlos,No Financiero,Familias,3,Con problemas / riesgo medio,1,449.0,449.0,0.06,0.04,1
202604,72136,Asociación Mutualista del Club Central San Carlos,No Financiero,Familias,4,Con alto riesgo de insolvencia / riesgo alto,4,7181.0,1795.2,0.24,0.65,4
202604,72136,Asociación Mutualista del Club Central San Carlos,No Financiero,Familias,5,Irrecuperable,6,758.0,126.3,0.36,0.07,6
202604,72136,Asociación Mutualista del Club Central San Carlos,No Financiero,Total,1,Situacion normal,1678,1101111.0,656.2,99.35,99.24,1678
202604,72136,Asociación Mutualista del Club Central San Carlos,No Financiero,Total,3,Con problemas / riesgo medio,1,449.0,449.0,0.06,0.04,1
202604,72136,Asociación Mutualista del Club Central San Carlos,No Financiero,Total,4,Con alto riesgo de insolvencia / riesgo alto,4,7181.0,1795.2,0.24,0.65,4
202604,72136,Asociación Mutualista del Club Central San Carlos,No Financiero,Total,5,Irrecuperable,6,758.0,126.3,0.36,0.07,6
202604,72303,CREDIMAS S.A.,No Financiero,Familias,1,Situacion normal,4224,2229260.0,527.8,25.71,19.25,4224
202604,72303,CREDIMAS S.A.,No Financiero,Familias,2,Con seguimiento especial / riesgo bajo,2155,2123091.0,985.2,13.12,18.33,2155
202604,72303,CREDIMAS S.A.,No Financiero,Familias,3,Con problemas / riesgo medio,1443,1648920.0,1142.7,8.78,14.24,1443
202604,72303,CREDIMAS S.A.,No Financiero,Familias,4,Con alto riesgo de insolvencia / riesgo alto,2495,2739173.0,1097.9,15.19,23.65,2495
202604,72303,CREDIMAS S.A.,No Financiero,Familias,5,Irrecuperable,6111,2842794.0,465.2,37.20,24.54,6111
202604,72303,CREDIMAS S.A.,No Financiero,Total,1,Situacion normal,4224,2229260.0,527.8,25.71,19.25,4224
202604,72303,CREDIMAS S.A.,No Financiero,Total,2,Con seguimiento especial / riesgo bajo,2155,2123091.0,985.2,13.12,18.33,2155
202604,72303,CREDIMAS S.A.,No Financiero,Total,3,Con problemas / riesgo medio,1443,1648920.0,1142.7,8.78,14.24,1443
202604,72303,CREDIMAS S.A.,No Financiero,Total,4,Con alto riesgo de insolvencia / riesgo alto,2495,2739173.0,1097.9,15.19,23.65,2495
202604,72303,CREDIMAS S.A.,No Financiero,Total,5,Irrecuperable,6111,2842794.0,465.2,37.20,24.54,6111
202604,72304,TARJETA TITANIO S.A.,No Financiero,Familias,1,Situacion normal,13327,4944539.0,371.0,67.88,59.20,13327
202604,72304,TARJETA TITANIO S.A.,No Financiero,Familias,2,Con seguimiento especial / riesgo bajo,741,564285.0,761.5,3.77,6.76,741
202604,72304,TARJETA TITANIO S.A.,No Financiero,Familias,3,Con problemas / riesgo medio,43,28824.0,670.3,0.22,0.35,43
202604,72304,TARJETA TITANIO S.A.,No Financiero,Familias,4,Con alto riesgo de insolvencia / riesgo alto,5520,2813953.0,509.8,28.12,33.69,5520
202604,72304,TARJETA TITANIO S.A.,No Financiero,Familias,5,Irrecuperable,1,187.0,187.0,0.01,0.00,1
202604,72304,TARJETA TITANIO S.A.,No Financiero,Total,1,Situacion normal,13327,4944539.0,371.0,67.88,59.20,13327
202604,72304,TARJETA TITANIO S.A.,No Financiero,Total,2,Con seguimiento especial / riesgo bajo,741,564285.0,761.5,3.77,6.76,741
202604,72304,TARJETA TITANIO S.A.,No Financiero,Total,3,Con problemas / riesgo medio,43,28824.0,670.3,0.22,0.35,43
202604,72304,TARJETA TITANIO S.A.,No Financiero,Total,4,Con alto riesgo de insolvencia / riesgo alto,5520,2813953.0,509.8,28.12,33.69,5520
202604,72304,TARJETA TITANIO S.A.,No Financiero,Total,5,Irrecuperable,1,187.0,187.0,0.01,0.00,1
202604,72306,VALLE FERTIL S.A.,No Financiero,Familias,1,Situacion normal,91938,65772253.0,715.4,53.04,41.28,91938
202604,72306,VALLE FERTIL S.A.,No Financiero,Familias,2,Con seguimiento especial / riesgo bajo,9540,11532328.0,1208.8,5.50,7.24,9540
202604,72306,VALLE FERTIL S.A.,No Financiero,Familias,3,Con problemas / riesgo medio,8207,13605560.0,1657.8,4.73,8.54,8207
202604,72306,VALLE FERTIL S.A.,No Financiero,Familias,4,Con alto riesgo de insolvencia / riesgo alto,2440,4309105.0,1766.0,1.41,2.70,2440
202604,72306,VALLE FERTIL S.A.,No Financiero,Familias,5,Irrecuperable,61223,64099921.0,1047.0,35.32,40.23,61223
202604,72306,VALLE FERTIL S.A.,No Financiero,Total,1,Situacion normal,91938,65772253.0,715.4,53.04,41.28,91938
202604,72306,VALLE FERTIL S.A.,No Financiero,Total,2,Con seguimiento especial / riesgo bajo,9540,11532328.0,1208.8,5.50,7.24,9540
202604,72306,VALLE FERTIL S.A.,No Financiero,Total,3,Con problemas / riesgo medio,8207,13605560.0,1657.8,4.73,8.54,8207
202604,72306,VALLE FERTIL S.A.,No Financiero,Total,4,Con alto riesgo de insolvencia / riesgo alto,2440,4309105.0,1766.0,1.41,2.70,2440
202604,72306,VALLE FERTIL S.A.,No Financiero,Total,5,Irrecuperable,61223,64099921.0,1047.0,35.32,40.23,61223
202604,72501,TDF S.A.,No Financiero,Empresas,1,Situacion normal,6,7504.0,1250.7,100.00,100.00,6
202604,72501,TDF S.A.,No Financiero,Familias,1,Situacion normal,862,596928.0,692.5,16.74,31.18,862
202604,72501,TDF S.A.,No Financiero,Familias,2,Con seguimiento especial / riesgo bajo,67,64344.0,960.4,1.30,3.36,67
202604,72501,TDF S.A.,No Financiero,Familias,3,Con problemas / riesgo medio,2,592.0,296.0,0.04,0.03,2
202604,72501,TDF S.A.,No Financiero,Familias,4,Con alto riesgo de insolvencia / riesgo alto,966,528863.0,547.5,18.76,27.62,966
202604,72501,TDF S.A.,No Financiero,Familias,5,Irrecuperable,3253,723863.0,222.5,63.17,37.81,3253
202604,72501,TDF S.A.,No Financiero,Total,1,Situacion normal,868,604432.0,696.4,16.83,31.45,868
202604,72501,TDF S.A.,No Financiero,Total,2,Con seguimiento especial / riesgo bajo,67,64344.0,960.4,1.30,3.35,67
202604,72501,TDF S.A.,No Financiero,Total,3,Con problemas / riesgo medio,2,592.0,296.0,0.04,0.03,2
202604,72501,TDF S.A.,No Financiero,Total,4,Con alto riesgo de insolvencia / riesgo alto,966,528863.0,547.5,18.74,27.51,966
202604,72501,TDF S.A.,No Financiero,Total,5,Irrecuperable,3253,723863.0,222.5,63.09,37.66,3253
202604,72607,"FIRENZE COOPERATIVA DE CRÉDITO, CONSUMO, VIVIENDA, TURISMO Y SERVICIOS",No Financiero,Empresas,1,Situacion normal,1,197.0,197.0,100.00,100.00,1
202604,72607,"FIRENZE COOPERATIVA DE CRÉDITO, CONSUMO, VIVIENDA, TURISMO Y SERVICIOS",No Financiero,Familias,1,Situacion normal,1347,2921147.0,2168.6,90.59,96.50,1347
202604,72607,"FIRENZE COOPERATIVA DE CRÉDITO, CONSUMO, VIVIENDA, TURISMO Y SERVICIOS",No Financiero,Familias,2,Con seguimiento especial / riesgo bajo,2,3525.0,1762.5,0.13,0.12,2
202604,72607,"FIRENZE COOPERATIVA DE CRÉDITO, CONSUMO, VIVIENDA, TURISMO Y SERVICIOS",No Financiero,Familias,3,Con problemas / riesgo medio,3,7423.0,2474.3,0.20,0.25,3
202604,72607,"FIRENZE COOPERATIVA DE CRÉDITO, CONSUMO, VIVIENDA, TURISMO Y SERVICIOS",No Financiero,Familias,4,Con alto riesgo de insolvencia / riesgo alto,5,28416.0,5683.2,0.34,0.94,5
202604,72607,"FIRENZE COOPERATIVA DE CRÉDITO, CONSUMO, VIVIENDA, TURISMO Y SERVICIOS",No Financiero,Familias,5,Irrecuperable,130,66736.0,513.4,8.74,2.20,130
202604,72607,"FIRENZE COOPERATIVA DE CRÉDITO, CONSUMO, VIVIENDA, TURISMO Y SERVICIOS",No Financiero,Total,1,Situacion normal,1348,2921344.0,2167.2,90.59,96.50,1348
202604,72607,"FIRENZE COOPERATIVA DE CRÉDITO, CONSUMO, VIVIENDA, TURISMO Y SERVICIOS",No Financiero,Total,2,Con seguimiento especial / riesgo bajo,2,3525.0,1762.5,0.13,0.12,2
202604,72607,"FIRENZE COOPERATIVA DE CRÉDITO, CONSUMO, VIVIENDA, TURISMO Y SERVICIOS",No Financiero,Total,3,Con problemas / riesgo medio,3,7423.0,2474.3,0.20,0.25,3
202604,72607,"FIRENZE COOPERATIVA DE CRÉDITO, CONSUMO, VIVIENDA, TURISMO Y SERVICIOS",No Financiero,Total,4,Con alto riesgo de insolvencia / riesgo alto,5,28416.0,5683.2,0.34,0.94,5
202604,72607,"FIRENZE COOPERATIVA DE CRÉDITO, CONSUMO, VIVIENDA, TURISMO Y SERVICIOS",No Financiero,Total,5,Irrecuperable,130,66736.0,513.4,8.74,2.20,130
202604,72613,NORYSUR SOCIEDAD ANONIMA,No Financiero,Familias,1,Situacion normal,55,29338.0,533.4,10.72,14.74,55
202604,72613,NORYSUR SOCIEDAD ANONIMA,No Financiero,Familias,2,Con seguimiento especial / riesgo bajo,25,14650.0,586.0,4.87,7.36,25
202604,72613,NORYSUR SOCIEDAD ANONIMA,No Financiero,Familias,3,Con problemas / riesgo medio,15,12373.0,824.9,2.92,6.22,15
202604,72613,NORYSUR SOCIEDAD ANONIMA,No Financiero,Familias,4,Con alto riesgo de insolvencia / riesgo alto,22,13466.0,612.1,4.29,6.77,22
202604,72613,NORYSUR SOCIEDAD ANONIMA,No Financiero,Familias,5,Irrecuperable,396,129181.0,326.2,77.19,64.91,396
202604,72613,NORYSUR SOCIEDAD ANONIMA,No Financiero,Total,1,Situacion normal,55,29338.0,533.4,10.72,14.74,55
202604,72613,NORYSUR SOCIEDAD ANONIMA,No Financiero,Total,2,Con seguimiento especial / riesgo bajo,25,14650.0,586.0,4.87,7.36,25
202604,72613,NORYSUR SOCIEDAD ANONIMA,No Financiero,Total,3,Con problemas / riesgo medio,15,12373.0,824.9,2.92,6.22,15
202604,72613,NORYSUR SOCIEDAD ANONIMA,No Financiero,Total,4,Con alto riesgo de insolvencia / riesgo alto,22,13466.0,612.1,4.29,6.77,22
202604,72613,NORYSUR SOCIEDAD ANONIMA,No Financiero,Total,5,Irrecuperable,396,129181.0,326.2,77.19,64.91,396
202604,72618,ASOCIACION MUTUAL DE ASOCIADOS Y ADHERENTES DEL CENTRO JUVENIL SPORTIV,No Financiero,Empresas,1,Situacion normal,27,1076351.0,39864.9,81.82,80.08,27
202604,72618,ASOCIACION MUTUAL DE ASOCIADOS Y ADHERENTES DEL CENTRO JUVENIL SPORTIV,No Financiero,Empresas,2,Con seguimiento especial / riesgo bajo,1,56690.0,56690.0,3.03,4.22,1
202604,72618,ASOCIACION MUTUAL DE ASOCIADOS Y ADHERENTES DEL CENTRO JUVENIL SPORTIV,No Financiero,Empresas,3,Con problemas / riesgo medio,2,150973.0,75486.5,6.06,11.23,2
202604,72618,ASOCIACION MUTUAL DE ASOCIADOS Y ADHERENTES DEL CENTRO JUVENIL SPORTIV,No Financiero,Empresas,4,Con alto riesgo de insolvencia / riesgo alto,1,23771.0,23771.0,3.03,1.77,1
202604,72618,ASOCIACION MUTUAL DE ASOCIADOS Y ADHERENTES DEL CENTRO JUVENIL SPORTIV,No Financiero,Empresas,5,Irrecuperable,2,36233.0,18116.5,6.06,2.70,2
202604,72618,ASOCIACION MUTUAL DE ASOCIADOS Y ADHERENTES DEL CENTRO JUVENIL SPORTIV,No Financiero,Familias,1,Situacion normal,808,4732968.0,5857.6,73.66,84.39,808
202604,72618,ASOCIACION MUTUAL DE ASOCIADOS Y ADHERENTES DEL CENTRO JUVENIL SPORTIV,No Financiero,Familias,2,Con seguimiento especial / riesgo bajo,75,313741.0,4183.2,6.84,5.59,75
202604,72618,ASOCIACION MUTUAL DE ASOCIADOS Y ADHERENTES DEL CENTRO JUVENIL SPORTIV,No Financiero,Familias,3,Con problemas / riesgo medio,65,306454.0,4714.7,5.93,5.46,65
202604,72618,ASOCIACION MUTUAL DE ASOCIADOS Y ADHERENTES DEL CENTRO JUVENIL SPORTIV,No Financiero,Familias,4,Con alto riesgo de insolvencia / riesgo alto,55,163779.0,2977.8,5.01,2.92,55
202604,72618,ASOCIACION MUTUAL DE ASOCIADOS Y ADHERENTES DEL CENTRO JUVENIL SPORTIV,No Financiero,Familias,5,Irrecuperable,94,91195.0,970.2,8.57,1.63,94
202604,72618,ASOCIACION MUTUAL DE ASOCIADOS Y ADHERENTES DEL CENTRO JUVENIL SPORTIV,No Financiero,Total,1,Situacion normal,835,5809319.0,6957.3,73.89,83.56,835
202604,72618,ASOCIACION MUTUAL DE ASOCIADOS Y ADHERENTES DEL CENTRO JUVENIL SPORTIV,No Financiero,Total,2,Con seguimiento especial / riesgo bajo,76,370431.0,4874.1,6.73,5.33,76
202604,72618,ASOCIACION MUTUAL DE ASOCIADOS Y ADHERENTES DEL CENTRO JUVENIL SPORTIV,No Financiero,Total,3,Con problemas / riesgo medio,67,457427.0,6827.3,5.93,6.58,67
202604,72618,ASOCIACION MUTUAL DE ASOCIADOS Y ADHERENTES DEL CENTRO JUVENIL SPORTIV,No Financiero,Total,4,Con alto riesgo de insolvencia / riesgo alto,56,187550.0,3349.1,4.96,2.70,56
202604,72618,ASOCIACION MUTUAL DE ASOCIADOS Y ADHERENTES DEL CENTRO JUVENIL SPORTIV,No Financiero,Total,5,Irrecuperable,96,127428.0,1327.4,8.50,1.83,96
202604,72622,ASOCIACION MUTUAL SANTA AGUSTINA,No Financiero,Familias,1,Situacion normal,191,68448.0,358.4,74.32,63.71,191
202604,72622,ASOCIACION MUTUAL SANTA AGUSTINA,No Financiero,Familias,2,Con seguimiento especial / riesgo bajo,23,10393.0,451.9,8.95,9.67,23
202604,72622,ASOCIACION MUTUAL SANTA AGUSTINA,No Financiero,Familias,3,Con problemas / riesgo medio,16,11278.0,704.9,6.23,10.50,16
202604,72622,ASOCIACION MUTUAL SANTA AGUSTINA,No Financiero,Familias,4,Con alto riesgo de insolvencia / riesgo alto,25,16813.0,672.5,9.73,15.65,25
202604,72622,ASOCIACION MUTUAL SANTA AGUSTINA,No Financiero,Familias,5,Irrecuperable,2,499.0,249.5,0.78,0.46,2
202604,72622,ASOCIACION MUTUAL SANTA AGUSTINA,No Financiero,Total,1,Situacion normal,191,68448.0,358.4,74.32,63.71,191
202604,72622,ASOCIACION MUTUAL SANTA AGUSTINA,No Financiero,Total,2,Con seguimiento especial / riesgo bajo,23,10393.0,451.9,8.95,9.67,23
202604,72622,ASOCIACION MUTUAL SANTA AGUSTINA,No Financiero,Total,3,Con problemas / riesgo medio,16,11278.0,704.9,6.23,10.50,16
202604,72622,ASOCIACION MUTUAL SANTA AGUSTINA,No Financiero,Total,4,Con alto riesgo de insolvencia / riesgo alto,25,16813.0,672.5,9.73,15.65,25
202604,72622,ASOCIACION MUTUAL SANTA AGUSTINA,No Financiero,Total,5,Irrecuperable,2,499.0,249.5,0.78,0.46,2
202604,72631,COOPERATIVA DE PROVISION DE BIENES Y SERVICIOS ALLEN LTDA,No Financiero,Empresas,1,Situacion normal,4,6167.0,1541.8,100.00,100.00,4
202604,72631,COOPERATIVA DE PROVISION DE BIENES Y SERVICIOS ALLEN LTDA,No Financiero,Familias,1,Situacion normal,4456,2651459.0,595.0,95.73,95.64,4456
202604,72631,COOPERATIVA DE PROVISION DE BIENES Y SERVICIOS ALLEN LTDA,No Financiero,Familias,2,Con seguimiento especial / riesgo bajo,98,63877.0,651.8,2.11,2.30,98
202604,72631,COOPERATIVA DE PROVISION DE BIENES Y SERVICIOS ALLEN LTDA,No Financiero,Familias,3,Con problemas / riesgo medio,25,18255.0,730.2,0.54,0.66,25
202604,72631,COOPERATIVA DE PROVISION DE BIENES Y SERVICIOS ALLEN LTDA,No Financiero,Familias,4,Con alto riesgo de insolvencia / riesgo alto,38,26606.0,700.2,0.82,0.96,38
202604,72631,COOPERATIVA DE PROVISION DE BIENES Y SERVICIOS ALLEN LTDA,No Financiero,Familias,5,Irrecuperable,38,12168.0,320.2,0.82,0.44,38
202604,72631,COOPERATIVA DE PROVISION DE BIENES Y SERVICIOS ALLEN LTDA,No Financiero,Total,1,Situacion normal,4460,2657626.0,595.9,95.73,95.65,4460
202604,72631,COOPERATIVA DE PROVISION DE BIENES Y SERVICIOS ALLEN LTDA,No Financiero,Total,2,Con seguimiento especial / riesgo bajo,98,63877.0,651.8,2.10,2.30,98
202604,72631,COOPERATIVA DE PROVISION DE BIENES Y SERVICIOS ALLEN LTDA,No Financiero,Total,3,Con problemas / riesgo medio,25,18255.0,730.2,0.54,0.66,25
202604,72631,COOPERATIVA DE PROVISION DE BIENES Y SERVICIOS ALLEN LTDA,No Financiero,Total,4,Con alto riesgo de insolvencia / riesgo alto,38,26606.0,700.2,0.82,0.96,38
202604,72631,COOPERATIVA DE PROVISION DE BIENES Y SERVICIOS ALLEN LTDA,No Financiero,Total,5,Irrecuperable,38,12168.0,320.2,0.82,0.44,38
202604,72633,COOPERATIVA FARO LTDA,No Financiero,Empresas,4,Con alto riesgo de insolvencia / riesgo alto,1,158.0,158.0,50.00,83.60,1
202604,72633,COOPERATIVA FARO LTDA,No Financiero,Empresas,5,Irrecuperable,1,31.0,31.0,50.00,16.40,1
202604,72633,COOPERATIVA FARO LTDA,No Financiero,Familias,1,Situacion normal,3449,1174874.0,340.6,80.12,78.04,3449
202604,72633,COOPERATIVA FARO LTDA,No Financiero,Familias,2,Con seguimiento especial / riesgo bajo,215,107439.0,499.7,4.99,7.14,215
202604,72633,COOPERATIVA FARO LTDA,No Financiero,Familias,3,Con problemas / riesgo medio,145,69508.0,479.4,3.37,4.62,145
202604,72633,COOPERATIVA FARO LTDA,No Financiero,Familias,4,Con alto riesgo de insolvencia / riesgo alto,252,102344.0,406.1,5.85,6.80,252
202604,72633,COOPERATIVA FARO LTDA,No Financiero,Familias,5,Irrecuperable,244,51327.0,210.4,5.67,3.41,244
202604,72633,COOPERATIVA FARO LTDA,No Financiero,Total,1,Situacion normal,3449,1174874.0,340.6,80.08,78.03,3449
202604,72633,COOPERATIVA FARO LTDA,No Financiero,Total,2,Con seguimiento especial / riesgo bajo,215,107439.0,499.7,4.99,7.14,215
202604,72633,COOPERATIVA FARO LTDA,No Financiero,Total,3,Con problemas / riesgo medio,145,69508.0,479.4,3.37,4.62,145
202604,72633,COOPERATIVA FARO LTDA,No Financiero,Total,4,Con alto riesgo de insolvencia / riesgo alto,253,102502.0,405.1,5.87,6.81,253
202604,72633,COOPERATIVA FARO LTDA,No Financiero,Total,5,Irrecuperable,245,51358.0,209.6,5.69,3.41,245
202604,72634,MERCADOLIBRE S.R.L.,No Financiero,Empresas,1,Situacion normal,5133,54939596.0,10703.2,78.44,75.28,5133
202604,72634,MERCADOLIBRE S.R.L.,No Financiero,Empresas,2,Con seguimiento especial / riesgo bajo,305,3498980.0,11472.1,4.66,4.79,305
202604,72634,MERCADOLIBRE S.R.L.,No Financiero,Empresas,3,Con problemas / riesgo medio,371,5657203.0,15248.5,5.67,7.75,371
202604,72634,MERCADOLIBRE S.R.L.,No Financiero,Empresas,4,Con alto riesgo de insolvencia / riesgo alto,478,6124117.0,12812.0,7.30,8.39,478
202604,72634,MERCADOLIBRE S.R.L.,No Financiero,Empresas,5,Irrecuperable,257,2762789.0,10750.2,3.93,3.79,257
202604,72634,MERCADOLIBRE S.R.L.,No Financiero,Familias,1,Situacion normal,5051409,1971607914.0,390.3,79.86,78.19,5051409
202604,72634,MERCADOLIBRE S.R.L.,No Financiero,Familias,2,Con seguimiento especial / riesgo bajo,206568,111550958.0,540.0,3.27,4.42,206568
202604,72634,MERCADOLIBRE S.R.L.,No Financiero,Familias,3,Con problemas / riesgo medio,295942,165148122.0,558.0,4.68,6.55,295942
202604,72634,MERCADOLIBRE S.R.L.,No Financiero,Familias,4,Con alto riesgo de insolvencia / riesgo alto,470013,190829630.0,406.0,7.43,7.57,470013
202604,72634,MERCADOLIBRE S.R.L.,No Financiero,Familias,5,Irrecuperable,301409,82279562.0,273.0,4.77,3.26,301409
202604,72634,MERCADOLIBRE S.R.L.,No Financiero,Total,1,Situacion normal,5056542,2026547510.0,400.8,79.86,78.11,5056542
202604,72634,MERCADOLIBRE S.R.L.,No Financiero,Total,2,Con seguimiento especial / riesgo bajo,206873,115049938.0,556.1,3.27,4.43,206873
202604,72634,MERCADOLIBRE S.R.L.,No Financiero,Total,3,Con problemas / riesgo medio,296313,170805325.0,576.4,4.68,6.58,296313
202604,72634,MERCADOLIBRE S.R.L.,No Financiero,Total,4,Con alto riesgo de insolvencia / riesgo alto,470491,196953747.0,418.6,7.43,7.59,470491
202604,72634,MERCADOLIBRE S.R.L.,No Financiero,Total,5,Irrecuperable,301666,85042351.0,281.9,4.76,3.28,301666
202604,72638,Pago Virtual del Sur S.A.,No Financiero,Empresas,1,Situacion normal,1,5116.0,5116.0,100.00,100.00,1
202604,72638,Pago Virtual del Sur S.A.,No Financiero,Familias,1,Situacion normal,1,1000.0,1000.0,100.00,100.00,1
202604,72638,Pago Virtual del Sur S.A.,No Financiero,Total,1,Situacion normal,2,6116.0,3058.0,100.00,100.00,2
202604,72639,SILOHUB ARGENTINA S.A.S.,No Financiero,Familias,2,Con seguimiento especial / riesgo bajo,2,7261.0,3630.5,100.00,100.00,2
202604,72639,SILOHUB ARGENTINA S.A.S.,No Financiero,Total,2,Con seguimiento especial / riesgo bajo,2,7261.0,3630.5,100.00,100.00,2
202604,72641,SUPRESTAMO SAS,No Financiero,Familias,1,Situacion normal,1373,965342.0,703.1,95.95,94.42,1373
202604,72641,SUPRESTAMO SAS,No Financiero,Familias,2,Con seguimiento especial / riesgo bajo,1,1291.0,1291.0,0.07,0.13,1
202604,72641,SUPRESTAMO SAS,No Financiero,Familias,3,Con problemas / riesgo medio,20,11737.0,586.8,1.40,1.15,20
202604,72641,SUPRESTAMO SAS,No Financiero,Familias,4,Con alto riesgo de insolvencia / riesgo alto,23,21864.0,950.6,1.61,2.14,23
202604,72641,SUPRESTAMO SAS,No Financiero,Familias,5,Irrecuperable,14,22129.0,1580.6,0.98,2.16,14
202604,72641,SUPRESTAMO SAS,No Financiero,Total,1,Situacion normal,1373,965342.0,703.1,95.95,94.42,1373
202604,72641,SUPRESTAMO SAS,No Financiero,Total,2,Con seguimiento especial / riesgo bajo,1,1291.0,1291.0,0.07,0.13,1
202604,72641,SUPRESTAMO SAS,No Financiero,Total,3,Con problemas / riesgo medio,20,11737.0,586.8,1.40,1.15,20
202604,72641,SUPRESTAMO SAS,No Financiero,Total,4,Con alto riesgo de insolvencia / riesgo alto,23,21864.0,950.6,1.61,2.14,23
202604,72641,SUPRESTAMO SAS,No Financiero,Total,5,Irrecuperable,14,22129.0,1580.6,0.98,2.16,14
202604,72649,FINANROL SA,No Financiero,Familias,1,Situacion normal,3726,1477670.0,396.6,66.58,64.77,3726
202604,72649,FINANROL SA,No Financiero,Familias,2,Con seguimiento especial / riesgo bajo,421,241882.0,574.5,7.52,10.60,421
202604,72649,FINANROL SA,No Financiero,Familias,3,Con problemas / riesgo medio,675,160403.0,237.6,12.06,7.03,675
202604,72649,FINANROL SA,No Financiero,Familias,4,Con alto riesgo de insolvencia / riesgo alto,464,175211.0,377.6,8.29,7.68,464
202604,72649,FINANROL SA,No Financiero,Familias,5,Irrecuperable,310,226353.0,730.2,5.54,9.92,310
202604,72649,FINANROL SA,No Financiero,Total,1,Situacion normal,3726,1477670.0,396.6,66.58,64.77,3726
202604,72649,FINANROL SA,No Financiero,Total,2,Con seguimiento especial / riesgo bajo,421,241882.0,574.5,7.52,10.60,421
202604,72649,FINANROL SA,No Financiero,Total,3,Con problemas / riesgo medio,675,160403.0,237.6,12.06,7.03,675
202604,72649,FINANROL SA,No Financiero,Total,4,Con alto riesgo de insolvencia / riesgo alto,464,175211.0,377.6,8.29,7.68,464
202604,72649,FINANROL SA,No Financiero,Total,5,Irrecuperable,310,226353.0,730.2,5.54,9.92,310
